-- phpMyAdmin SQL Dump
-- version 5.2.1
-- https://www.phpmyadmin.net/
--
-- 主機： 127.0.0.1
-- 產生時間： 2026-07-24 08:26:34
-- 伺服器版本： 10.4.32-MariaDB
-- PHP 版本： 8.2.12

SET SQL_MODE = "NO_AUTO_VALUE_ON_ZERO";
START TRANSACTION;
SET time_zone = "+00:00";


/*!40101 SET @OLD_CHARACTER_SET_CLIENT=@@CHARACTER_SET_CLIENT */;
/*!40101 SET @OLD_CHARACTER_SET_RESULTS=@@CHARACTER_SET_RESULTS */;
/*!40101 SET @OLD_COLLATION_CONNECTION=@@COLLATION_CONNECTION */;
/*!40101 SET NAMES utf8mb4 */;

--
-- 資料庫： `0511`
--
CREATE DATABASE IF NOT EXISTS `0511` DEFAULT CHARACTER SET utf8mb4 COLLATE utf8mb4_unicode_ci;
USE `0511`;

-- --------------------------------------------------------

--
-- 資料表結構 `students`
--

CREATE TABLE `students` (
  `id` int(10) NOT NULL,
  `name` int(11) NOT NULL,
  `classroom` int(11) NOT NULL,
  `birth` int(11) NOT NULL
) ENGINE=InnoDB DEFAULT CHARSET=utf8mb4 COLLATE=utf8mb4_unicode_ci;

--
-- 傾印資料表的資料 `students`
--

INSERT INTO `students` (`id`, `name`, `classroom`, `birth`) VALUES
(0, 0, 0, 0);

--
-- 已傾印資料表的索引
--

--
-- 資料表索引 `students`
--
ALTER TABLE `students`
  ADD PRIMARY KEY (`id`);
--
-- 資料庫： `accounting`
--
CREATE DATABASE IF NOT EXISTS `accounting` DEFAULT CHARACTER SET utf8mb4 COLLATE utf8mb4_unicode_ci;
USE `accounting`;

-- --------------------------------------------------------

--
-- 資料表結構 `accounts`
--

CREATE TABLE `accounts` (
  `id` int(10) UNSIGNED NOT NULL,
  `name` varchar(50) NOT NULL COMMENT '帳戶名稱'
) ENGINE=InnoDB DEFAULT CHARSET=utf8mb4 COLLATE=utf8mb4_unicode_ci;

--
-- 傾印資料表的資料 `accounts`
--

INSERT INTO `accounts` (`id`, `name`) VALUES
(1, '錢包'),
(2, '悠遊卡'),
(3, '國泰銀行'),
(4, '中信卡'),
(5, '證券戶'),
(6, '台新卡'),
(7, '包錢'),
(8, '包錢'),
(9, '列數與'),
(10, '值數'),
(11, '不符'),
(12, '水'),
(13, '水'),
(14, '水');

-- --------------------------------------------------------

--
-- 資料表結構 `categories`
--

CREATE TABLE `categories` (
  `id` int(10) UNSIGNED NOT NULL,
  `name` varchar(50) NOT NULL COMMENT '類別名稱'
) ENGINE=InnoDB DEFAULT CHARSET=utf8mb4 COLLATE=utf8mb4_unicode_ci;

--
-- 傾印資料表的資料 `categories`
--

INSERT INTO `categories` (`id`, `name`) VALUES
(1, '飲食'),
(2, '薪資'),
(3, '交通'),
(4, '購物'),
(5, '娛樂'),
(6, '醫藥'),
(7, '投資'),
(8, '居家'),
(9, '利息'),
(10, '禮物'),
(11, '進修'),
(12, '繳費'),
(13, '獎金'),
(14, '健身'),
(15, '保險'),
(16, '還款'),
(17, '雜支');

-- --------------------------------------------------------

--
-- 資料表結構 `classes`
--

CREATE TABLE `classes` (
  `id` int(10) UNSIGNED NOT NULL,
  `code` varchar(3) NOT NULL,
  `name` varchar(12) NOT NULL,
  `tutor` varchar(8) NOT NULL
) ENGINE=InnoDB DEFAULT CHARSET=utf8mb4 COLLATE=utf8mb4_unicode_ci;

--
-- 傾印資料表的資料 `classes`
--

INSERT INTO `classes` (`id`, `code`, `name`, `tutor`) VALUES
(1, '101', '一年一班', '孫承翰'),
(2, '102', '一年二班', '王詠晴'),
(3, '103', '一年三班', '賴冠延'),
(4, '104', '一年四班', '郭欣妤'),
(5, '105', '一年五班', '謝家豪'),
(6, '106', '一年六班', '黃雅婷'),
(7, '107', '一年七班', '林志偉'),
(8, '108', '一年八班', '趙宜蓁'),
(9, '109', '一年九班', '張建宏'),
(10, '110', '一年十班', '許麗華'),
(1, '101', '一年一班', '孫承翰'),
(2, '102', '一年二班', '王詠晴'),
(3, '103', '一年三班', '賴冠延'),
(4, '104', '一年四班', '郭欣妤'),
(5, '105', '一年五班', '謝家豪'),
(6, '106', '一年六班', '黃雅婷'),
(7, '107', '一年七班', '林志偉'),
(8, '108', '一年八班', '趙宜蓁'),
(9, '109', '一年九班', '張建宏'),
(10, '110', '一年十班', '許麗華');

-- --------------------------------------------------------

--
-- 資料表結構 `class_student`
--

CREATE TABLE `class_student` (
  `id` int(10) UNSIGNED NOT NULL,
  `school_num` varchar(6) NOT NULL,
  `class_code` varchar(3) NOT NULL,
  `seat_num` tinyint(2) NOT NULL,
  `year` year(4) NOT NULL
) ENGINE=InnoDB DEFAULT CHARSET=utf8mb4 COLLATE=utf8mb4_unicode_ci;

--
-- 傾印資料表的資料 `class_student`
--

INSERT INTO `class_student` (`id`, `school_num`, `class_code`, `seat_num`, `year`) VALUES
(1, '911001', '101', 1, '2000'),
(2, '911002', '101', 2, '2000'),
(3, '911003', '101', 3, '2000'),
(4, '911004', '101', 4, '2000'),
(5, '911005', '101', 5, '2000'),
(6, '911006', '101', 6, '2000'),
(7, '911007', '101', 7, '2000'),
(8, '911008', '101', 8, '2000'),
(9, '911009', '101', 9, '2000'),
(10, '911010', '101', 10, '2000'),
(11, '911011', '101', 11, '2000'),
(12, '911012', '101', 12, '2000'),
(13, '911013', '101', 13, '2000'),
(14, '911014', '101', 14, '2000'),
(15, '911015', '101', 15, '2000'),
(16, '911016', '101', 16, '2000'),
(17, '911017', '101', 17, '2000'),
(18, '911018', '101', 18, '2000'),
(19, '911019', '101', 19, '2000'),
(20, '911020', '101', 20, '2000'),
(21, '911021', '101', 21, '2000'),
(22, '911022', '101', 22, '2000'),
(23, '911023', '101', 23, '2000'),
(24, '911024', '101', 24, '2000'),
(25, '911025', '101', 25, '2000'),
(26, '911026', '101', 26, '2000'),
(27, '911027', '101', 27, '2000'),
(28, '911028', '101', 28, '2000'),
(29, '911029', '101', 29, '2000'),
(30, '911030', '101', 30, '2000'),
(31, '911031', '101', 31, '2000'),
(32, '911032', '101', 32, '2000'),
(33, '911033', '101', 33, '2000'),
(34, '911034', '101', 34, '2000'),
(35, '911035', '101', 35, '2000'),
(36, '911036', '101', 36, '2000'),
(37, '911037', '101', 37, '2000'),
(38, '911038', '101', 38, '2000'),
(39, '911039', '101', 39, '2000'),
(40, '911040', '101', 40, '2000'),
(41, '911041', '101', 41, '2000'),
(42, '911042', '101', 42, '2000'),
(43, '911043', '101', 43, '2000'),
(44, '911044', '101', 44, '2000'),
(45, '911045', '101', 45, '2000'),
(46, '911046', '101', 46, '2000'),
(47, '911047', '101', 47, '2000'),
(48, '911048', '101', 48, '2000'),
(49, '911049', '101', 49, '2000'),
(50, '912001', '102', 1, '2000'),
(51, '912002', '102', 2, '2000'),
(52, '912003', '102', 3, '2000'),
(53, '912004', '102', 4, '2000'),
(54, '912005', '102', 5, '2000'),
(55, '912006', '102', 6, '2000'),
(56, '912007', '102', 7, '2000'),
(57, '912008', '102', 8, '2000'),
(58, '912009', '102', 9, '2000'),
(59, '912010', '102', 10, '2000'),
(60, '912011', '102', 11, '2000'),
(61, '912012', '102', 12, '2000'),
(62, '912013', '102', 13, '2000'),
(63, '912014', '102', 14, '2000'),
(64, '912015', '102', 15, '2000'),
(65, '912016', '102', 16, '2000'),
(66, '912017', '102', 17, '2000'),
(67, '912018', '102', 18, '2000'),
(68, '912019', '102', 19, '2000'),
(69, '912020', '102', 20, '2000'),
(70, '912021', '102', 21, '2000'),
(71, '912022', '102', 22, '2000'),
(72, '912023', '102', 23, '2000'),
(73, '912024', '102', 24, '2000'),
(74, '912025', '102', 25, '2000'),
(75, '912026', '102', 26, '2000'),
(76, '912027', '102', 27, '2000'),
(77, '912028', '102', 28, '2000'),
(78, '912029', '102', 29, '2000'),
(79, '912030', '102', 30, '2000'),
(80, '912031', '102', 31, '2000'),
(81, '912032', '102', 32, '2000'),
(82, '912033', '102', 33, '2000'),
(83, '912034', '102', 34, '2000'),
(84, '912035', '102', 35, '2000'),
(85, '912036', '102', 36, '2000'),
(86, '912037', '102', 37, '2000'),
(87, '912038', '102', 38, '2000'),
(88, '913001', '103', 1, '2000'),
(89, '913002', '103', 2, '2000'),
(90, '913003', '103', 3, '2000'),
(91, '913004', '103', 4, '2000'),
(92, '913005', '103', 5, '2000'),
(93, '913006', '103', 6, '2000'),
(94, '913007', '103', 7, '2000'),
(95, '913008', '103', 8, '2000'),
(96, '913009', '103', 9, '2000'),
(97, '913010', '103', 10, '2000'),
(98, '913011', '103', 11, '2000'),
(99, '913012', '103', 12, '2000'),
(100, '913013', '103', 13, '2000'),
(101, '913014', '103', 14, '2000'),
(102, '913015', '103', 15, '2000'),
(103, '913016', '103', 16, '2000'),
(104, '913017', '103', 17, '2000'),
(105, '913018', '103', 18, '2000'),
(106, '913019', '103', 19, '2000'),
(107, '913020', '103', 20, '2000'),
(108, '913021', '103', 21, '2000'),
(109, '913022', '103', 22, '2000'),
(110, '913023', '103', 23, '2000'),
(111, '913024', '103', 24, '2000'),
(112, '913025', '103', 25, '2000'),
(113, '913026', '103', 26, '2000'),
(114, '913027', '103', 27, '2000'),
(115, '913028', '103', 28, '2000'),
(116, '913029', '103', 29, '2000'),
(117, '913030', '103', 30, '2000'),
(118, '913031', '103', 31, '2000'),
(119, '913032', '103', 32, '2000'),
(120, '913033', '103', 33, '2000'),
(121, '913034', '103', 34, '2000'),
(122, '913035', '103', 35, '2000'),
(123, '913036', '103', 36, '2000'),
(124, '913037', '103', 37, '2000'),
(125, '913038', '103', 38, '2000'),
(126, '913039', '103', 39, '2000'),
(127, '913040', '103', 40, '2000'),
(128, '913041', '103', 41, '2000'),
(129, '913042', '103', 42, '2000'),
(130, '913043', '103', 43, '2000'),
(131, '913044', '103', 44, '2000'),
(132, '913045', '103', 45, '2000'),
(133, '913046', '103', 46, '2000'),
(134, '913047', '103', 47, '2000'),
(135, '913048', '103', 48, '2000'),
(136, '913049', '103', 49, '2000'),
(137, '913050', '103', 50, '2000'),
(138, '913051', '103', 51, '2000'),
(139, '913052', '103', 52, '2000'),
(140, '913053', '103', 53, '2000'),
(141, '913054', '103', 54, '2000'),
(142, '913055', '103', 55, '2000'),
(143, '913056', '103', 56, '2000'),
(144, '913057', '103', 57, '2000'),
(145, '913058', '104', 1, '2000'),
(146, '913059', '104', 2, '2000'),
(147, '913060', '104', 3, '2000'),
(148, '913061', '104', 4, '2000'),
(149, '913062', '104', 5, '2000'),
(150, '913063', '104', 6, '2000'),
(151, '913064', '104', 7, '2000'),
(152, '913065', '104', 8, '2000'),
(153, '913066', '104', 9, '2000'),
(154, '913067', '104', 10, '2000'),
(155, '913068', '104', 11, '2000'),
(156, '913069', '104', 12, '2000'),
(157, '913070', '104', 13, '2000'),
(158, '913071', '104', 14, '2000'),
(159, '913072', '104', 15, '2000'),
(160, '913073', '104', 16, '2000'),
(161, '913074', '104', 17, '2000'),
(162, '913075', '104', 18, '2000'),
(163, '913076', '104', 19, '2000'),
(164, '913077', '104', 20, '2000'),
(165, '913078', '104', 21, '2000'),
(166, '913079', '104', 22, '2000'),
(167, '913080', '104', 23, '2000'),
(168, '913081', '104', 24, '2000'),
(169, '913082', '104', 25, '2000'),
(170, '913083', '104', 26, '2000'),
(171, '913084', '104', 27, '2000'),
(172, '913085', '104', 28, '2000'),
(173, '913086', '104', 29, '2000'),
(174, '913087', '104', 30, '2000'),
(175, '913088', '104', 31, '2000'),
(176, '913089', '104', 32, '2000'),
(177, '913090', '104', 33, '2000'),
(178, '913091', '104', 34, '2000'),
(179, '913092', '104', 35, '2000'),
(180, '913093', '104', 36, '2000'),
(181, '913094', '104', 37, '2000'),
(182, '913095', '104', 38, '2000'),
(183, '913096', '104', 39, '2000'),
(184, '913097', '104', 40, '2000'),
(185, '913098', '104', 41, '2000'),
(186, '913099', '104', 42, '2000'),
(187, '913100', '104', 43, '2000'),
(188, '913101', '104', 44, '2000'),
(189, '913102', '104', 45, '2000'),
(190, '913103', '104', 46, '2000'),
(191, '913104', '104', 47, '2000'),
(192, '913105', '104', 48, '2000'),
(193, '913106', '104', 49, '2000'),
(194, '913107', '104', 50, '2000'),
(195, '913108', '104', 51, '2000'),
(196, '913109', '104', 52, '2000'),
(197, '913110', '104', 53, '2000'),
(198, '913111', '104', 54, '2000'),
(199, '913112', '104', 55, '2000'),
(200, '913113', '104', 56, '2000'),
(201, '913114', '104', 57, '2000'),
(202, '913115', '104', 58, '2000'),
(203, '913116', '104', 59, '2000'),
(204, '913117', '105', 1, '2000'),
(205, '913118', '105', 2, '2000'),
(206, '913119', '105', 3, '2000'),
(207, '913120', '105', 4, '2000'),
(208, '913121', '105', 5, '2000'),
(209, '913122', '105', 6, '2000'),
(210, '913123', '105', 7, '2000'),
(211, '913124', '105', 8, '2000'),
(212, '913125', '105', 9, '2000'),
(213, '913126', '105', 10, '2000'),
(214, '913127', '105', 11, '2000'),
(215, '913128', '105', 12, '2000'),
(216, '913129', '105', 13, '2000'),
(217, '913130', '105', 14, '2000'),
(218, '913131', '105', 15, '2000'),
(219, '913132', '105', 16, '2000'),
(220, '913133', '105', 17, '2000'),
(221, '913134', '105', 18, '2000'),
(222, '913135', '105', 19, '2000'),
(223, '913136', '105', 20, '2000'),
(224, '913137', '105', 21, '2000'),
(225, '913138', '105', 22, '2000'),
(226, '913139', '105', 23, '2000'),
(227, '913140', '105', 24, '2000'),
(228, '913141', '105', 25, '2000'),
(229, '913142', '105', 26, '2000'),
(230, '913143', '105', 27, '2000'),
(231, '913144', '105', 28, '2000'),
(232, '913145', '105', 29, '2000'),
(233, '913146', '105', 30, '2000'),
(234, '913147', '105', 31, '2000'),
(235, '913148', '105', 32, '2000'),
(236, '913149', '105', 33, '2000'),
(237, '913150', '105', 34, '2000'),
(238, '913151', '105', 35, '2000'),
(239, '913152', '105', 36, '2000'),
(240, '913153', '105', 37, '2000'),
(241, '913154', '105', 38, '2000'),
(242, '913155', '105', 39, '2000'),
(243, '913156', '105', 40, '2000'),
(244, '913157', '105', 41, '2000'),
(245, '913158', '105', 42, '2000'),
(246, '913159', '105', 43, '2000'),
(247, '913160', '105', 44, '2000'),
(248, '913161', '105', 45, '2000'),
(249, '913162', '105', 46, '2000'),
(250, '913163', '105', 47, '2000'),
(251, '913164', '105', 48, '2000'),
(252, '913165', '105', 49, '2000'),
(253, '913166', '105', 50, '2000'),
(254, '913167', '105', 51, '2000'),
(255, '913168', '105', 52, '2000'),
(256, '913169', '105', 53, '2000'),
(257, '913170', '105', 54, '2000'),
(258, '913171', '105', 55, '2000'),
(259, '914001', '106', 1, '2000'),
(260, '914002', '106', 2, '2000'),
(261, '914003', '106', 3, '2000'),
(262, '914004', '106', 4, '2000'),
(263, '914005', '106', 5, '2000'),
(264, '914006', '106', 6, '2000'),
(265, '914007', '106', 7, '2000'),
(266, '914008', '106', 8, '2000'),
(267, '914009', '106', 9, '2000'),
(268, '914010', '106', 10, '2000'),
(269, '914011', '106', 11, '2000'),
(270, '914012', '106', 12, '2000'),
(271, '914013', '106', 13, '2000'),
(272, '914014', '106', 14, '2000'),
(273, '914015', '106', 15, '2000'),
(274, '914016', '106', 16, '2000'),
(275, '914017', '106', 17, '2000'),
(276, '914018', '106', 18, '2000'),
(277, '914019', '106', 19, '2000'),
(278, '914020', '106', 20, '2000'),
(279, '914021', '106', 21, '2000'),
(280, '914022', '106', 22, '2000'),
(281, '914023', '106', 23, '2000'),
(282, '914024', '106', 24, '2000'),
(283, '914025', '106', 25, '2000'),
(284, '914026', '106', 26, '2000'),
(285, '914027', '106', 27, '2000'),
(286, '914028', '106', 28, '2000'),
(287, '914029', '106', 29, '2000'),
(288, '914030', '106', 30, '2000'),
(289, '914031', '106', 31, '2000'),
(290, '914032', '106', 32, '2000'),
(291, '914033', '106', 33, '2000'),
(292, '914034', '106', 34, '2000'),
(293, '914035', '106', 35, '2000'),
(294, '914036', '106', 36, '2000'),
(295, '914037', '106', 37, '2000'),
(296, '914038', '106', 38, '2000'),
(297, '914039', '106', 39, '2000'),
(298, '914040', '106', 40, '2000'),
(299, '914041', '106', 41, '2000'),
(300, '914042', '106', 42, '2000'),
(301, '914043', '106', 43, '2000'),
(302, '914044', '106', 44, '2000'),
(303, '914045', '106', 45, '2000'),
(304, '914046', '106', 46, '2000'),
(305, '914047', '106', 47, '2000'),
(306, '914048', '106', 48, '2000'),
(307, '914049', '107', 1, '2000'),
(308, '914050', '107', 2, '2000'),
(309, '914051', '107', 3, '2000'),
(310, '914052', '107', 4, '2000'),
(311, '914053', '107', 5, '2000'),
(312, '914054', '107', 6, '2000'),
(313, '914055', '107', 7, '2000'),
(314, '914056', '107', 8, '2000'),
(315, '914057', '107', 9, '2000'),
(316, '914058', '107', 10, '2000'),
(317, '914059', '107', 11, '2000'),
(318, '914060', '107', 12, '2000'),
(319, '914061', '107', 13, '2000'),
(320, '914062', '107', 14, '2000'),
(321, '914063', '107', 15, '2000'),
(322, '914064', '107', 16, '2000'),
(323, '914065', '107', 17, '2000'),
(324, '914066', '107', 18, '2000'),
(325, '914067', '107', 19, '2000'),
(326, '914068', '107', 20, '2000'),
(327, '914069', '107', 21, '2000'),
(328, '914070', '107', 22, '2000'),
(329, '914071', '107', 23, '2000'),
(330, '914072', '107', 24, '2000'),
(331, '914073', '107', 25, '2000'),
(332, '914074', '107', 26, '2000'),
(333, '914075', '107', 27, '2000'),
(334, '914076', '107', 28, '2000'),
(335, '914077', '107', 29, '2000'),
(336, '914078', '107', 30, '2000'),
(337, '914079', '107', 31, '2000'),
(338, '914080', '107', 32, '2000'),
(339, '914081', '107', 33, '2000'),
(340, '914082', '107', 34, '2000'),
(341, '914083', '107', 35, '2000'),
(342, '914084', '107', 36, '2000'),
(343, '914085', '107', 37, '2000'),
(344, '914086', '107', 38, '2000'),
(345, '914087', '107', 39, '2000'),
(346, '914088', '107', 40, '2000'),
(347, '914089', '107', 41, '2000'),
(348, '914090', '107', 42, '2000'),
(349, '914091', '107', 43, '2000'),
(350, '914092', '107', 44, '2000'),
(351, '914093', '107', 45, '2000'),
(352, '914094', '107', 46, '2000'),
(353, '914095', '107', 47, '2000'),
(354, '914096', '108', 1, '2000'),
(355, '914097', '108', 2, '2000'),
(356, '914098', '108', 3, '2000'),
(357, '914099', '108', 4, '2000'),
(358, '914100', '108', 5, '2000'),
(359, '914101', '108', 6, '2000'),
(360, '914102', '108', 7, '2000'),
(361, '914103', '108', 8, '2000'),
(362, '914104', '108', 9, '2000'),
(363, '914105', '108', 10, '2000'),
(364, '914106', '108', 11, '2000'),
(365, '914107', '108', 12, '2000'),
(366, '914108', '108', 13, '2000'),
(367, '914109', '108', 14, '2000'),
(368, '914110', '108', 15, '2000'),
(369, '914111', '108', 16, '2000'),
(370, '914112', '108', 17, '2000'),
(371, '914113', '108', 18, '2000'),
(372, '914114', '108', 19, '2000'),
(373, '914115', '108', 20, '2000'),
(374, '914116', '108', 21, '2000'),
(375, '914117', '108', 22, '2000'),
(376, '914118', '108', 23, '2000'),
(377, '914119', '108', 24, '2000'),
(378, '914120', '108', 25, '2000'),
(379, '914121', '108', 26, '2000'),
(380, '914122', '108', 27, '2000'),
(381, '914123', '108', 28, '2000'),
(382, '914124', '108', 29, '2000'),
(383, '914125', '108', 30, '2000'),
(384, '914126', '108', 31, '2000'),
(385, '914127', '108', 32, '2000'),
(386, '914128', '108', 33, '2000'),
(387, '914129', '108', 34, '2000'),
(388, '914130', '108', 35, '2000'),
(389, '914131', '108', 36, '2000'),
(390, '914132', '108', 37, '2000'),
(391, '914133', '108', 38, '2000'),
(392, '914134', '108', 39, '2000'),
(393, '914135', '108', 40, '2000'),
(394, '914136', '108', 41, '2000'),
(395, '914137', '108', 42, '2000'),
(396, '914138', '108', 43, '2000'),
(397, '915001', '109', 1, '2000'),
(398, '915002', '109', 2, '2000'),
(399, '915003', '109', 3, '2000'),
(400, '915004', '109', 4, '2000'),
(401, '915005', '109', 5, '2000'),
(402, '915006', '109', 6, '2000'),
(403, '915007', '109', 7, '2000'),
(404, '915008', '109', 8, '2000'),
(405, '915009', '109', 9, '2000'),
(406, '915010', '109', 10, '2000'),
(407, '915011', '109', 11, '2000'),
(408, '915012', '109', 12, '2000'),
(409, '915013', '109', 13, '2000'),
(410, '915014', '109', 14, '2000'),
(411, '915015', '109', 15, '2000'),
(412, '915016', '109', 16, '2000'),
(413, '915017', '109', 17, '2000'),
(414, '915018', '109', 18, '2000'),
(415, '915019', '109', 19, '2000'),
(416, '915020', '109', 20, '2000'),
(417, '915021', '109', 21, '2000'),
(418, '915022', '109', 22, '2000'),
(419, '915023', '109', 23, '2000'),
(420, '915024', '109', 24, '2000'),
(421, '915025', '109', 25, '2000'),
(422, '915026', '109', 26, '2000'),
(423, '915027', '109', 27, '2000'),
(424, '915028', '109', 28, '2000'),
(425, '915029', '109', 29, '2000'),
(426, '915030', '109', 30, '2000'),
(427, '915031', '109', 31, '2000'),
(428, '915032', '109', 32, '2000'),
(429, '915033', '109', 33, '2000'),
(430, '915034', '109', 34, '2000'),
(431, '915035', '109', 35, '2000'),
(432, '915036', '109', 36, '2000'),
(433, '915037', '109', 37, '2000'),
(434, '915038', '109', 38, '2000'),
(435, '915039', '109', 39, '2000'),
(436, '915040', '109', 40, '2000'),
(437, '915041', '109', 41, '2000'),
(438, '915042', '109', 42, '2000'),
(439, '915043', '110', 1, '2000'),
(440, '915044', '110', 2, '2000'),
(441, '915045', '110', 3, '2000'),
(442, '915046', '110', 4, '2000'),
(443, '915047', '110', 5, '2000'),
(444, '915048', '110', 6, '2000'),
(445, '915049', '110', 7, '2000'),
(446, '915050', '110', 8, '2000'),
(447, '915051', '110', 9, '2000'),
(448, '915052', '110', 10, '2000'),
(449, '915053', '110', 11, '2000'),
(450, '915054', '110', 12, '2000'),
(451, '915055', '110', 13, '2000'),
(452, '915056', '110', 14, '2000'),
(453, '915057', '110', 15, '2000'),
(454, '915058', '110', 16, '2000'),
(455, '915059', '110', 17, '2000'),
(456, '915060', '110', 18, '2000'),
(457, '915061', '110', 19, '2000'),
(458, '915062', '110', 20, '2000'),
(459, '915063', '110', 21, '2000'),
(460, '915064', '110', 22, '2000'),
(461, '915065', '110', 23, '2000'),
(462, '915066', '110', 24, '2000'),
(463, '915067', '110', 25, '2000'),
(464, '915068', '110', 26, '2000'),
(465, '915069', '110', 27, '2000'),
(466, '915070', '110', 28, '2000'),
(467, '915071', '110', 29, '2000'),
(468, '915072', '110', 30, '2000'),
(469, '915073', '110', 31, '2000'),
(470, '915074', '110', 32, '2000'),
(471, '915075', '110', 33, '2000'),
(472, '915076', '110', 34, '2000'),
(473, '915077', '110', 35, '2000'),
(474, '915078', '110', 36, '2000'),
(475, '915079', '110', 37, '2000'),
(476, '915080', '110', 38, '2000'),
(477, '915081', '110', 39, '2000'),
(478, '915082', '110', 40, '2000'),
(479, '915083', '110', 41, '2000'),
(1, '911001', '101', 1, '2000'),
(2, '911002', '101', 2, '2000'),
(3, '911003', '101', 3, '2000'),
(4, '911004', '101', 4, '2000'),
(5, '911005', '101', 5, '2000'),
(6, '911006', '101', 6, '2000'),
(7, '911007', '101', 7, '2000'),
(8, '911008', '101', 8, '2000'),
(9, '911009', '101', 9, '2000'),
(10, '911010', '101', 10, '2000'),
(11, '911011', '101', 11, '2000'),
(12, '911012', '101', 12, '2000'),
(13, '911013', '101', 13, '2000'),
(14, '911014', '101', 14, '2000'),
(15, '911015', '101', 15, '2000'),
(16, '911016', '101', 16, '2000'),
(17, '911017', '101', 17, '2000'),
(18, '911018', '101', 18, '2000'),
(19, '911019', '101', 19, '2000'),
(20, '911020', '101', 20, '2000'),
(21, '911021', '101', 21, '2000'),
(22, '911022', '101', 22, '2000'),
(23, '911023', '101', 23, '2000'),
(24, '911024', '101', 24, '2000'),
(25, '911025', '101', 25, '2000'),
(26, '911026', '101', 26, '2000'),
(27, '911027', '101', 27, '2000'),
(28, '911028', '101', 28, '2000'),
(29, '911029', '101', 29, '2000'),
(30, '911030', '101', 30, '2000'),
(31, '911031', '101', 31, '2000'),
(32, '911032', '101', 32, '2000'),
(33, '911033', '101', 33, '2000'),
(34, '911034', '101', 34, '2000'),
(35, '911035', '101', 35, '2000'),
(36, '911036', '101', 36, '2000'),
(37, '911037', '101', 37, '2000'),
(38, '911038', '101', 38, '2000'),
(39, '911039', '101', 39, '2000'),
(40, '911040', '101', 40, '2000'),
(41, '911041', '101', 41, '2000'),
(42, '911042', '101', 42, '2000'),
(43, '911043', '101', 43, '2000'),
(44, '911044', '101', 44, '2000'),
(45, '911045', '101', 45, '2000'),
(46, '911046', '101', 46, '2000'),
(47, '911047', '101', 47, '2000'),
(48, '911048', '101', 48, '2000'),
(49, '911049', '101', 49, '2000'),
(50, '912001', '102', 1, '2000'),
(51, '912002', '102', 2, '2000'),
(52, '912003', '102', 3, '2000'),
(53, '912004', '102', 4, '2000'),
(54, '912005', '102', 5, '2000'),
(55, '912006', '102', 6, '2000'),
(56, '912007', '102', 7, '2000'),
(57, '912008', '102', 8, '2000'),
(58, '912009', '102', 9, '2000'),
(59, '912010', '102', 10, '2000'),
(60, '912011', '102', 11, '2000'),
(61, '912012', '102', 12, '2000'),
(62, '912013', '102', 13, '2000'),
(63, '912014', '102', 14, '2000'),
(64, '912015', '102', 15, '2000'),
(65, '912016', '102', 16, '2000'),
(66, '912017', '102', 17, '2000'),
(67, '912018', '102', 18, '2000'),
(68, '912019', '102', 19, '2000'),
(69, '912020', '102', 20, '2000'),
(70, '912021', '102', 21, '2000'),
(71, '912022', '102', 22, '2000'),
(72, '912023', '102', 23, '2000'),
(73, '912024', '102', 24, '2000'),
(74, '912025', '102', 25, '2000'),
(75, '912026', '102', 26, '2000'),
(76, '912027', '102', 27, '2000'),
(77, '912028', '102', 28, '2000'),
(78, '912029', '102', 29, '2000'),
(79, '912030', '102', 30, '2000'),
(80, '912031', '102', 31, '2000'),
(81, '912032', '102', 32, '2000'),
(82, '912033', '102', 33, '2000'),
(83, '912034', '102', 34, '2000'),
(84, '912035', '102', 35, '2000'),
(85, '912036', '102', 36, '2000'),
(86, '912037', '102', 37, '2000'),
(87, '912038', '102', 38, '2000'),
(88, '913001', '103', 1, '2000'),
(89, '913002', '103', 2, '2000'),
(90, '913003', '103', 3, '2000'),
(91, '913004', '103', 4, '2000'),
(92, '913005', '103', 5, '2000'),
(93, '913006', '103', 6, '2000'),
(94, '913007', '103', 7, '2000'),
(95, '913008', '103', 8, '2000'),
(96, '913009', '103', 9, '2000'),
(97, '913010', '103', 10, '2000'),
(98, '913011', '103', 11, '2000'),
(99, '913012', '103', 12, '2000'),
(100, '913013', '103', 13, '2000'),
(101, '913014', '103', 14, '2000'),
(102, '913015', '103', 15, '2000'),
(103, '913016', '103', 16, '2000'),
(104, '913017', '103', 17, '2000'),
(105, '913018', '103', 18, '2000'),
(106, '913019', '103', 19, '2000'),
(107, '913020', '103', 20, '2000'),
(108, '913021', '103', 21, '2000'),
(109, '913022', '103', 22, '2000'),
(110, '913023', '103', 23, '2000'),
(111, '913024', '103', 24, '2000'),
(112, '913025', '103', 25, '2000'),
(113, '913026', '103', 26, '2000'),
(114, '913027', '103', 27, '2000'),
(115, '913028', '103', 28, '2000'),
(116, '913029', '103', 29, '2000'),
(117, '913030', '103', 30, '2000'),
(118, '913031', '103', 31, '2000'),
(119, '913032', '103', 32, '2000'),
(120, '913033', '103', 33, '2000'),
(121, '913034', '103', 34, '2000'),
(122, '913035', '103', 35, '2000'),
(123, '913036', '103', 36, '2000'),
(124, '913037', '103', 37, '2000'),
(125, '913038', '103', 38, '2000'),
(126, '913039', '103', 39, '2000'),
(127, '913040', '103', 40, '2000'),
(128, '913041', '103', 41, '2000'),
(129, '913042', '103', 42, '2000'),
(130, '913043', '103', 43, '2000'),
(131, '913044', '103', 44, '2000'),
(132, '913045', '103', 45, '2000'),
(133, '913046', '103', 46, '2000'),
(134, '913047', '103', 47, '2000'),
(135, '913048', '103', 48, '2000'),
(136, '913049', '103', 49, '2000'),
(137, '913050', '103', 50, '2000'),
(138, '913051', '103', 51, '2000'),
(139, '913052', '103', 52, '2000'),
(140, '913053', '103', 53, '2000'),
(141, '913054', '103', 54, '2000'),
(142, '913055', '103', 55, '2000'),
(143, '913056', '103', 56, '2000'),
(144, '913057', '103', 57, '2000'),
(145, '913058', '104', 1, '2000'),
(146, '913059', '104', 2, '2000'),
(147, '913060', '104', 3, '2000'),
(148, '913061', '104', 4, '2000'),
(149, '913062', '104', 5, '2000'),
(150, '913063', '104', 6, '2000'),
(151, '913064', '104', 7, '2000'),
(152, '913065', '104', 8, '2000'),
(153, '913066', '104', 9, '2000'),
(154, '913067', '104', 10, '2000'),
(155, '913068', '104', 11, '2000'),
(156, '913069', '104', 12, '2000'),
(157, '913070', '104', 13, '2000'),
(158, '913071', '104', 14, '2000'),
(159, '913072', '104', 15, '2000'),
(160, '913073', '104', 16, '2000'),
(161, '913074', '104', 17, '2000'),
(162, '913075', '104', 18, '2000'),
(163, '913076', '104', 19, '2000'),
(164, '913077', '104', 20, '2000'),
(165, '913078', '104', 21, '2000'),
(166, '913079', '104', 22, '2000'),
(167, '913080', '104', 23, '2000'),
(168, '913081', '104', 24, '2000'),
(169, '913082', '104', 25, '2000'),
(170, '913083', '104', 26, '2000'),
(171, '913084', '104', 27, '2000'),
(172, '913085', '104', 28, '2000'),
(173, '913086', '104', 29, '2000'),
(174, '913087', '104', 30, '2000'),
(175, '913088', '104', 31, '2000'),
(176, '913089', '104', 32, '2000'),
(177, '913090', '104', 33, '2000'),
(178, '913091', '104', 34, '2000'),
(179, '913092', '104', 35, '2000'),
(180, '913093', '104', 36, '2000'),
(181, '913094', '104', 37, '2000'),
(182, '913095', '104', 38, '2000'),
(183, '913096', '104', 39, '2000'),
(184, '913097', '104', 40, '2000'),
(185, '913098', '104', 41, '2000'),
(186, '913099', '104', 42, '2000'),
(187, '913100', '104', 43, '2000'),
(188, '913101', '104', 44, '2000'),
(189, '913102', '104', 45, '2000'),
(190, '913103', '104', 46, '2000'),
(191, '913104', '104', 47, '2000'),
(192, '913105', '104', 48, '2000'),
(193, '913106', '104', 49, '2000'),
(194, '913107', '104', 50, '2000'),
(195, '913108', '104', 51, '2000'),
(196, '913109', '104', 52, '2000'),
(197, '913110', '104', 53, '2000'),
(198, '913111', '104', 54, '2000'),
(199, '913112', '104', 55, '2000'),
(200, '913113', '104', 56, '2000'),
(201, '913114', '104', 57, '2000'),
(202, '913115', '104', 58, '2000'),
(203, '913116', '104', 59, '2000'),
(204, '913117', '105', 1, '2000'),
(205, '913118', '105', 2, '2000'),
(206, '913119', '105', 3, '2000'),
(207, '913120', '105', 4, '2000'),
(208, '913121', '105', 5, '2000'),
(209, '913122', '105', 6, '2000'),
(210, '913123', '105', 7, '2000'),
(211, '913124', '105', 8, '2000'),
(212, '913125', '105', 9, '2000'),
(213, '913126', '105', 10, '2000'),
(214, '913127', '105', 11, '2000'),
(215, '913128', '105', 12, '2000'),
(216, '913129', '105', 13, '2000'),
(217, '913130', '105', 14, '2000'),
(218, '913131', '105', 15, '2000'),
(219, '913132', '105', 16, '2000'),
(220, '913133', '105', 17, '2000'),
(221, '913134', '105', 18, '2000'),
(222, '913135', '105', 19, '2000'),
(223, '913136', '105', 20, '2000'),
(224, '913137', '105', 21, '2000'),
(225, '913138', '105', 22, '2000'),
(226, '913139', '105', 23, '2000'),
(227, '913140', '105', 24, '2000'),
(228, '913141', '105', 25, '2000'),
(229, '913142', '105', 26, '2000'),
(230, '913143', '105', 27, '2000'),
(231, '913144', '105', 28, '2000'),
(232, '913145', '105', 29, '2000'),
(233, '913146', '105', 30, '2000'),
(234, '913147', '105', 31, '2000'),
(235, '913148', '105', 32, '2000'),
(236, '913149', '105', 33, '2000'),
(237, '913150', '105', 34, '2000'),
(238, '913151', '105', 35, '2000'),
(239, '913152', '105', 36, '2000'),
(240, '913153', '105', 37, '2000'),
(241, '913154', '105', 38, '2000'),
(242, '913155', '105', 39, '2000'),
(243, '913156', '105', 40, '2000'),
(244, '913157', '105', 41, '2000'),
(245, '913158', '105', 42, '2000'),
(246, '913159', '105', 43, '2000'),
(247, '913160', '105', 44, '2000'),
(248, '913161', '105', 45, '2000'),
(249, '913162', '105', 46, '2000'),
(250, '913163', '105', 47, '2000'),
(251, '913164', '105', 48, '2000'),
(252, '913165', '105', 49, '2000'),
(253, '913166', '105', 50, '2000'),
(254, '913167', '105', 51, '2000'),
(255, '913168', '105', 52, '2000'),
(256, '913169', '105', 53, '2000'),
(257, '913170', '105', 54, '2000'),
(258, '913171', '105', 55, '2000'),
(259, '914001', '106', 1, '2000'),
(260, '914002', '106', 2, '2000'),
(261, '914003', '106', 3, '2000'),
(262, '914004', '106', 4, '2000'),
(263, '914005', '106', 5, '2000'),
(264, '914006', '106', 6, '2000'),
(265, '914007', '106', 7, '2000'),
(266, '914008', '106', 8, '2000'),
(267, '914009', '106', 9, '2000'),
(268, '914010', '106', 10, '2000'),
(269, '914011', '106', 11, '2000'),
(270, '914012', '106', 12, '2000'),
(271, '914013', '106', 13, '2000'),
(272, '914014', '106', 14, '2000'),
(273, '914015', '106', 15, '2000'),
(274, '914016', '106', 16, '2000'),
(275, '914017', '106', 17, '2000'),
(276, '914018', '106', 18, '2000'),
(277, '914019', '106', 19, '2000'),
(278, '914020', '106', 20, '2000'),
(279, '914021', '106', 21, '2000'),
(280, '914022', '106', 22, '2000'),
(281, '914023', '106', 23, '2000'),
(282, '914024', '106', 24, '2000'),
(283, '914025', '106', 25, '2000'),
(284, '914026', '106', 26, '2000'),
(285, '914027', '106', 27, '2000'),
(286, '914028', '106', 28, '2000'),
(287, '914029', '106', 29, '2000'),
(288, '914030', '106', 30, '2000'),
(289, '914031', '106', 31, '2000'),
(290, '914032', '106', 32, '2000'),
(291, '914033', '106', 33, '2000'),
(292, '914034', '106', 34, '2000'),
(293, '914035', '106', 35, '2000'),
(294, '914036', '106', 36, '2000'),
(295, '914037', '106', 37, '2000'),
(296, '914038', '106', 38, '2000'),
(297, '914039', '106', 39, '2000'),
(298, '914040', '106', 40, '2000'),
(299, '914041', '106', 41, '2000'),
(300, '914042', '106', 42, '2000'),
(301, '914043', '106', 43, '2000'),
(302, '914044', '106', 44, '2000'),
(303, '914045', '106', 45, '2000'),
(304, '914046', '106', 46, '2000'),
(305, '914047', '106', 47, '2000'),
(306, '914048', '106', 48, '2000'),
(307, '914049', '107', 1, '2000'),
(308, '914050', '107', 2, '2000'),
(309, '914051', '107', 3, '2000'),
(310, '914052', '107', 4, '2000'),
(311, '914053', '107', 5, '2000'),
(312, '914054', '107', 6, '2000'),
(313, '914055', '107', 7, '2000'),
(314, '914056', '107', 8, '2000'),
(315, '914057', '107', 9, '2000'),
(316, '914058', '107', 10, '2000'),
(317, '914059', '107', 11, '2000'),
(318, '914060', '107', 12, '2000'),
(319, '914061', '107', 13, '2000'),
(320, '914062', '107', 14, '2000'),
(321, '914063', '107', 15, '2000'),
(322, '914064', '107', 16, '2000'),
(323, '914065', '107', 17, '2000'),
(324, '914066', '107', 18, '2000'),
(325, '914067', '107', 19, '2000'),
(326, '914068', '107', 20, '2000'),
(327, '914069', '107', 21, '2000'),
(328, '914070', '107', 22, '2000'),
(329, '914071', '107', 23, '2000'),
(330, '914072', '107', 24, '2000'),
(331, '914073', '107', 25, '2000'),
(332, '914074', '107', 26, '2000'),
(333, '914075', '107', 27, '2000'),
(334, '914076', '107', 28, '2000'),
(335, '914077', '107', 29, '2000'),
(336, '914078', '107', 30, '2000'),
(337, '914079', '107', 31, '2000'),
(338, '914080', '107', 32, '2000'),
(339, '914081', '107', 33, '2000'),
(340, '914082', '107', 34, '2000'),
(341, '914083', '107', 35, '2000'),
(342, '914084', '107', 36, '2000'),
(343, '914085', '107', 37, '2000'),
(344, '914086', '107', 38, '2000'),
(345, '914087', '107', 39, '2000'),
(346, '914088', '107', 40, '2000'),
(347, '914089', '107', 41, '2000'),
(348, '914090', '107', 42, '2000'),
(349, '914091', '107', 43, '2000'),
(350, '914092', '107', 44, '2000'),
(351, '914093', '107', 45, '2000'),
(352, '914094', '107', 46, '2000'),
(353, '914095', '107', 47, '2000'),
(354, '914096', '108', 1, '2000'),
(355, '914097', '108', 2, '2000'),
(356, '914098', '108', 3, '2000'),
(357, '914099', '108', 4, '2000'),
(358, '914100', '108', 5, '2000'),
(359, '914101', '108', 6, '2000'),
(360, '914102', '108', 7, '2000'),
(361, '914103', '108', 8, '2000'),
(362, '914104', '108', 9, '2000'),
(363, '914105', '108', 10, '2000'),
(364, '914106', '108', 11, '2000'),
(365, '914107', '108', 12, '2000'),
(366, '914108', '108', 13, '2000'),
(367, '914109', '108', 14, '2000'),
(368, '914110', '108', 15, '2000'),
(369, '914111', '108', 16, '2000'),
(370, '914112', '108', 17, '2000'),
(371, '914113', '108', 18, '2000'),
(372, '914114', '108', 19, '2000'),
(373, '914115', '108', 20, '2000'),
(374, '914116', '108', 21, '2000'),
(375, '914117', '108', 22, '2000'),
(376, '914118', '108', 23, '2000'),
(377, '914119', '108', 24, '2000'),
(378, '914120', '108', 25, '2000'),
(379, '914121', '108', 26, '2000'),
(380, '914122', '108', 27, '2000'),
(381, '914123', '108', 28, '2000'),
(382, '914124', '108', 29, '2000'),
(383, '914125', '108', 30, '2000'),
(384, '914126', '108', 31, '2000'),
(385, '914127', '108', 32, '2000'),
(386, '914128', '108', 33, '2000'),
(387, '914129', '108', 34, '2000'),
(388, '914130', '108', 35, '2000'),
(389, '914131', '108', 36, '2000'),
(390, '914132', '108', 37, '2000'),
(391, '914133', '108', 38, '2000'),
(392, '914134', '108', 39, '2000'),
(393, '914135', '108', 40, '2000'),
(394, '914136', '108', 41, '2000'),
(395, '914137', '108', 42, '2000'),
(396, '914138', '108', 43, '2000'),
(397, '915001', '109', 1, '2000'),
(398, '915002', '109', 2, '2000'),
(399, '915003', '109', 3, '2000'),
(400, '915004', '109', 4, '2000'),
(401, '915005', '109', 5, '2000'),
(402, '915006', '109', 6, '2000'),
(403, '915007', '109', 7, '2000'),
(404, '915008', '109', 8, '2000'),
(405, '915009', '109', 9, '2000'),
(406, '915010', '109', 10, '2000'),
(407, '915011', '109', 11, '2000'),
(408, '915012', '109', 12, '2000'),
(409, '915013', '109', 13, '2000'),
(410, '915014', '109', 14, '2000'),
(411, '915015', '109', 15, '2000'),
(412, '915016', '109', 16, '2000'),
(413, '915017', '109', 17, '2000'),
(414, '915018', '109', 18, '2000'),
(415, '915019', '109', 19, '2000'),
(416, '915020', '109', 20, '2000'),
(417, '915021', '109', 21, '2000'),
(418, '915022', '109', 22, '2000'),
(419, '915023', '109', 23, '2000'),
(420, '915024', '109', 24, '2000'),
(421, '915025', '109', 25, '2000'),
(422, '915026', '109', 26, '2000'),
(423, '915027', '109', 27, '2000'),
(424, '915028', '109', 28, '2000'),
(425, '915029', '109', 29, '2000'),
(426, '915030', '109', 30, '2000'),
(427, '915031', '109', 31, '2000'),
(428, '915032', '109', 32, '2000'),
(429, '915033', '109', 33, '2000'),
(430, '915034', '109', 34, '2000'),
(431, '915035', '109', 35, '2000'),
(432, '915036', '109', 36, '2000'),
(433, '915037', '109', 37, '2000'),
(434, '915038', '109', 38, '2000'),
(435, '915039', '109', 39, '2000'),
(436, '915040', '109', 40, '2000'),
(437, '915041', '109', 41, '2000'),
(438, '915042', '109', 42, '2000'),
(439, '915043', '110', 1, '2000'),
(440, '915044', '110', 2, '2000'),
(441, '915045', '110', 3, '2000'),
(442, '915046', '110', 4, '2000'),
(443, '915047', '110', 5, '2000'),
(444, '915048', '110', 6, '2000'),
(445, '915049', '110', 7, '2000'),
(446, '915050', '110', 8, '2000'),
(447, '915051', '110', 9, '2000'),
(448, '915052', '110', 10, '2000'),
(449, '915053', '110', 11, '2000'),
(450, '915054', '110', 12, '2000'),
(451, '915055', '110', 13, '2000'),
(452, '915056', '110', 14, '2000'),
(453, '915057', '110', 15, '2000'),
(454, '915058', '110', 16, '2000'),
(455, '915059', '110', 17, '2000'),
(456, '915060', '110', 18, '2000'),
(457, '915061', '110', 19, '2000'),
(458, '915062', '110', 20, '2000'),
(459, '915063', '110', 21, '2000'),
(460, '915064', '110', 22, '2000'),
(461, '915065', '110', 23, '2000'),
(462, '915066', '110', 24, '2000'),
(463, '915067', '110', 25, '2000'),
(464, '915068', '110', 26, '2000'),
(465, '915069', '110', 27, '2000'),
(466, '915070', '110', 28, '2000'),
(467, '915071', '110', 29, '2000'),
(468, '915072', '110', 30, '2000'),
(469, '915073', '110', 31, '2000'),
(470, '915074', '110', 32, '2000'),
(471, '915075', '110', 33, '2000'),
(472, '915076', '110', 34, '2000'),
(473, '915077', '110', 35, '2000'),
(474, '915078', '110', 36, '2000'),
(475, '915079', '110', 37, '2000'),
(476, '915080', '110', 38, '2000'),
(477, '915081', '110', 39, '2000'),
(478, '915082', '110', 40, '2000'),
(479, '915083', '110', 41, '2000');

-- --------------------------------------------------------

--
-- 資料表結構 `dept`
--

CREATE TABLE `dept` (
  `id` int(10) UNSIGNED NOT NULL,
  `code` varchar(3) NOT NULL,
  `name` varchar(32) NOT NULL
) ENGINE=InnoDB DEFAULT CHARSET=utf8mb4 COLLATE=utf8mb4_unicode_ci;

--
-- 傾印資料表的資料 `dept`
--

INSERT INTO `dept` (`id`, `code`, `name`) VALUES
(1, '401', '商業經營科'),
(2, '402', '國際貿易科'),
(3, '404', '資料處理科'),
(4, '503', '幼兒保育科'),
(5, '504', '美容科'),
(6, '506', '室內佈置科'),
(1, '401', '商業經營科'),
(2, '402', '國際貿易科'),
(3, '404', '資料處理科'),
(4, '503', '幼兒保育科'),
(5, '504', '美容科'),
(6, '506', '室內佈置科');

-- --------------------------------------------------------

--
-- 資料表結構 `graduate_school`
--

CREATE TABLE `graduate_school` (
  `id` int(10) UNSIGNED NOT NULL,
  `county` varchar(8) NOT NULL,
  `name` varchar(64) NOT NULL
) ENGINE=InnoDB DEFAULT CHARSET=utf8mb4 COLLATE=utf8mb4_unicode_ci;

--
-- 傾印資料表的資料 `graduate_school`
--

INSERT INTO `graduate_school` (`id`, `county`, `name`) VALUES
(1, '南投縣', '縣立仁愛國中'),
(2, '南投縣', '縣立和平國中'),
(3, '南投縣', '縣立土城國中'),
(4, '南投縣', '縣立平溪國中'),
(5, '南投縣', '縣立汐止國中'),
(6, '南投縣', '縣立淡水國中'),
(7, '南投縣', '縣立石門國中'),
(8, '南投縣', '縣立萬里國中'),
(9, '南投縣', '縣立金山國中'),
(10, '南投縣', '縣立雙溪國中'),
(11, '台中市', '市立中和國中'),
(12, '台中市', '市立中山國中'),
(13, '台中市', '市立中平國中'),
(14, '台中市', '市立中正國中'),
(15, '台中市', '市立中船國中'),
(16, '台中市', '市立仁愛國中'),
(17, '台中市', '市立信義國中'),
(18, '台中市', '市立八斗國中'),
(19, '台中市', '市立公園國中'),
(20, '台中市', '市立北寧國中'),
(21, '台中市', '市立南榮國中'),
(22, '台中市', '市立安一國中'),
(23, '台中市', '市立安樂國中'),
(24, '台中市', '市立建德國中'),
(25, '台中市', '市立忠孝國中'),
(26, '台中市', '市立月眉國中'),
(27, '台中市', '市立百福國中'),
(28, '宜蘭縣', '縣立頭城國中'),
(1, '南投縣', '縣立仁愛國中'),
(2, '南投縣', '縣立和平國中'),
(3, '南投縣', '縣立土城國中'),
(4, '南投縣', '縣立平溪國中'),
(5, '南投縣', '縣立汐止國中'),
(6, '南投縣', '縣立淡水國中'),
(7, '南投縣', '縣立石門國中'),
(8, '南投縣', '縣立萬里國中'),
(9, '南投縣', '縣立金山國中'),
(10, '南投縣', '縣立雙溪國中'),
(11, '台中市', '市立中和國中'),
(12, '台中市', '市立中山國中'),
(13, '台中市', '市立中平國中'),
(14, '台中市', '市立中正國中'),
(15, '台中市', '市立中船國中'),
(16, '台中市', '市立仁愛國中'),
(17, '台中市', '市立信義國中'),
(18, '台中市', '市立八斗國中'),
(19, '台中市', '市立公園國中'),
(20, '台中市', '市立北寧國中'),
(21, '台中市', '市立南榮國中'),
(22, '台中市', '市立安一國中'),
(23, '台中市', '市立安樂國中'),
(24, '台中市', '市立建德國中'),
(25, '台中市', '市立忠孝國中'),
(26, '台中市', '市立月眉國中'),
(27, '台中市', '市立百福國中'),
(28, '宜蘭縣', '縣立頭城國中');

-- --------------------------------------------------------

--
-- 資料表結構 `projects`
--

CREATE TABLE `projects` (
  `id` int(10) UNSIGNED NOT NULL,
  `name` varchar(50) NOT NULL COMMENT '專案名稱'
) ENGINE=InnoDB DEFAULT CHARSET=utf8mb4 COLLATE=utf8mb4_unicode_ci;

--
-- 傾印資料表的資料 `projects`
--

INSERT INTO `projects` (`id`, `name`) VALUES
(1, '日常開銷'),
(2, '工作'),
(3, '生活用品'),
(4, '聚餐'),
(5, '放鬆'),
(6, '健康'),
(7, '投資計畫'),
(8, '理財'),
(9, '旅遊'),
(10, '人際關係'),
(11, '自我成長'),
(12, '保險'),
(13, '人際');

-- --------------------------------------------------------

--
-- 資料表結構 `status`
--

CREATE TABLE `status` (
  `id` int(10) UNSIGNED NOT NULL,
  `code` varchar(4) NOT NULL,
  `status` varchar(8) NOT NULL,
  `note` varchar(64) NOT NULL
) ENGINE=InnoDB DEFAULT CHARSET=utf8mb4 COLLATE=utf8mb4_unicode_ci;

--
-- 傾印資料表的資料 `status`
--

INSERT INTO `status` (`id`, `code`, `status`, `note`) VALUES
(1, '001', '畢業', '持國中畢業證書者'),
(2, '002', '補校', '持國中補校資格證明書者'),
(3, '003', '補結', '持國中補校結業證明書者'),
(4, '004', '結業', '持國中修(結)業證明書者(修畢三年)'),
(1, '001', '畢業', '持國中畢業證書者'),
(2, '002', '補校', '持國中補校資格證明書者'),
(3, '003', '補結', '持國中補校結業證明書者'),
(4, '004', '結業', '持國中修(結)業證明書者(修畢三年)');

-- --------------------------------------------------------

--
-- 資料表結構 `students`
--

CREATE TABLE `students` (
  `id` int(10) UNSIGNED NOT NULL COMMENT '流水號',
  `name` varchar(50) NOT NULL COMMENT '學生姓名',
  `classroom` varchar(12) NOT NULL COMMENT '所屬班級',
  `birthday` date NOT NULL COMMENT '出生年月日',
  `no` varchar(10) NOT NULL COMMENT '學號',
  `tel` varchar(12) NOT NULL COMMENT '聯絡電話'
) ENGINE=InnoDB DEFAULT CHARSET=utf8mb4 COLLATE=utf8mb4_unicode_ci;

-- --------------------------------------------------------

--
-- 資料表結構 `transactions`
--

CREATE TABLE `transactions` (
  `id` int(10) UNSIGNED NOT NULL,
  `transacted_at` datetime NOT NULL COMMENT '交易時間',
  `category_id` int(10) UNSIGNED NOT NULL COMMENT '關聯類別',
  `amount` decimal(15,2) NOT NULL COMMENT '金額',
  `quantity` int(11) NOT NULL DEFAULT 1 COMMENT '數量',
  `payment_method` varchar(50) DEFAULT NULL COMMENT '付款工具',
  `account_id` int(10) UNSIGNED NOT NULL COMMENT '關聯帳戶',
  `project_id` int(10) UNSIGNED DEFAULT NULL COMMENT '關聯專案',
  `merchant` varchar(100) DEFAULT NULL COMMENT '店家',
  `entry_type` varchar(20) NOT NULL COMMENT '收/支/資/負',
  `attachment_path` varchar(255) DEFAULT NULL COMMENT '附件路徑',
  `note` text DEFAULT NULL COMMENT '備註'
) ENGINE=InnoDB DEFAULT CHARSET=utf8mb4 COLLATE=utf8mb4_unicode_ci;

--
-- 傾印資料表的資料 `transactions`
--

INSERT INTO `transactions` (`id`, `transacted_at`, `category_id`, `amount`, `quantity`, `payment_method`, `account_id`, `project_id`, `merchant`, `entry_type`, `attachment_path`, `note`) VALUES
(1, '2026-05-01 08:30:00', 1, 65.00, 1, '現金', 1, 1, '美而美早餐', '支出', NULL, '火腿蛋吐司'),
(2, '2026-05-01 12:15:00', 1, 120.00, 1, '悠遊卡', 2, 1, '7-11', '支出', NULL, '便當'),
(3, '2026-05-01 18:00:00', 2, 55000.00, 1, '匯款', 3, 2, '某某科技公司', '收入', NULL, '5月份薪資'),
(5, '2026-05-02 14:20:00', 4, 2500.00, 1, '信用卡', 4, 3, 'PChome', '支出', 'img_001.jpg', '買藍牙耳機'),
(6, '2026-05-03 10:00:00', 1, 350.00, 2, '現金', 1, 4, '星巴克', '支出', NULL, '跟朋友喝咖啡'),
(7, '2026-05-03 19:00:00', 1, 800.00, 1, 'Line Pay', 3, 1, '石二鍋', '支出', NULL, '晚餐'),
(8, '2026-05-04 08:10:00', 3, 30.00, 1, '悠遊卡', 2, 1, '捷運局', '支出', NULL, '上班車資'),
(9, '2026-05-04 12:30:00', 1, 90.00, 1, '現金', 1, 1, '便當店', '支出', NULL, '排骨飯'),
(10, '2026-05-05 20:00:00', 5, 330.00, 1, '信用卡', 4, 5, '威秀影城', '支出', NULL, '電影票'),
(11, '2026-05-06 07:45:00', 1, 50.00, 1, '現金', 1, 1, '全家', '支出', NULL, '熱拿鐵'),
(12, '2026-05-06 18:30:00', 6, 200.00, 1, '現金', 1, 6, '某診所', '支出', NULL, '感冒掛號費'),
(13, '2026-05-07 13:00:00', 7, 10000.00, 1, '匯款', 5, 7, '股市', '資產', NULL, '買入ETF'),
(14, '2026-05-08 09:00:00', 8, 1200.00, 1, '現金', 1, 1, '家樂福', '支出', NULL, '衛生紙等雜物'),
(15, '2026-05-08 22:00:00', 9, 15.00, 1, '系統', 3, 8, '國泰銀行', '收入', NULL, '活存利息'),
(16, '2026-05-09 11:00:00', 3, 1500.00, 1, '信用卡', 6, 9, '高鐵', '支出', NULL, '返鄉車票'),
(17, '2026-05-10 15:00:00', 10, 2000.00, 1, '現金', 1, 10, '百貨公司', '支出', NULL, '母親節禮物'),
(18, '2026-05-11 08:30:00', 1, 45.00, 1, '悠遊卡', 2, 1, '7-11', '支出', NULL, '三明治'),
(19, '2026-05-12 12:00:00', 1, 150.00, 1, 'Line Pay', 3, 1, '拉麵店', '支出', NULL, '午餐'),
(20, '2026-05-13 19:00:00', 11, 3200.00, 1, '信用卡', 4, 11, 'Udemy', '支出', NULL, '線上課程'),
(21, '2026-05-14 08:20:00', 3, 30.00, 1, '悠遊卡', 2, 1, '捷運局', '支出', NULL, '上班車資'),
(22, '2026-05-15 12:30:00', 1, 100.00, 1, '現金', 1, 1, '麵攤', '支出', NULL, '牛肉麵'),
(23, '2026-05-16 10:00:00', 4, 890.00, 1, '信用卡', 6, 1, 'Uniqlo', '支出', NULL, '買衣服'),
(24, '2026-05-17 14:00:00', 1, 500.00, 1, '現金', 1, 4, '下午茶店', '支出', NULL, '週末聚會'),
(25, '2026-05-18 21:00:00', 12, 1500.00, 1, '轉帳', 3, 1, '台電', '支出', NULL, '電費'),
(26, '2026-05-19 08:15:00', 1, 60.00, 1, '現金', 1, 1, '早餐店', '支出', NULL, '蛋餅大冰奶'),
(27, '2026-05-20 12:45:00', 1, 130.00, 1, '悠遊卡', 2, 1, '全家', '支出', NULL, '涼麵'),
(28, '2026-05-21 19:30:00', 4, 450.00, 1, '現金', 1, 1, '藥妝店', '支出', NULL, '洗面乳'),
(29, '2026-05-22 09:00:00', 13, 5000.00, 1, '匯款', 3, 2, '某某科技公司', '收入', NULL, '績效獎金'),
(30, '2026-05-23 16:00:00', 3, 120.00, 1, '現金', 1, 1, '計程車', '支出', NULL, '趕時間搭車'),
(31, '2026-05-24 11:00:00', 8, 300.00, 3, '現金', 1, 1, '十元商店', '支出', NULL, '收納盒'),
(32, '2026-05-25 08:30:00', 1, 55.00, 1, '現金', 1, 1, '早餐店', '支出', NULL, '飯糰'),
(33, '2026-05-26 12:15:00', 1, 140.00, 1, 'Line Pay', 3, 1, '燒肉丼', '支出', NULL, '午餐'),
(34, '2026-05-27 18:00:00', 14, 1200.00, 1, '信用卡', 4, 6, '健身房', '支出', NULL, '月費'),
(35, '2026-05-28 08:20:00', 3, 30.00, 1, '悠遊卡', 2, 1, '捷運局', '支出', NULL, '上班車資'),
(36, '2026-05-29 13:00:00', 1, 110.00, 1, '現金', 1, 1, '自助餐', '支出', NULL, '午餐'),
(37, '2026-05-30 15:30:00', 5, 600.00, 2, '現金', 1, 5, '桌遊店', '支出', NULL, '桌遊費用'),
(38, '2026-05-31 20:00:00', 15, 3000.00, 1, '自動扣款', 3, 12, '某人壽', '支出', NULL, '意外險'),
(39, '2026-06-01 08:00:00', 1, 70.00, 1, '現金', 1, 1, '早餐店', '支出', NULL, '漢堡'),
(40, '2026-06-01 12:30:00', 1, 95.00, 1, '悠遊卡', 2, 1, '7-11', '支出', NULL, '微波食品'),
(41, '2026-06-02 18:00:00', 16, 1000.00, 1, '現金', 1, 13, '陳志明', '負債', NULL, '還朋友錢'),
(42, '2026-06-03 09:00:00', 3, 600.00, 1, '信用卡', 4, 1, '中油', '支出', NULL, '加油'),
(43, '2026-06-04 12:00:00', 1, 150.00, 1, 'Line Pay', 3, 1, '泰式料理', '支出', NULL, '打拋豬飯'),
(44, '2026-06-05 21:00:00', 4, 12000.00, 1, '信用卡', 6, 3, 'Apple Store', '支出', 'reciept_apple.png', '買鍵盤'),
(45, '2026-06-06 10:00:00', 1, 400.00, 1, '現金', 1, 4, '早午餐店', '支出', NULL, '週末聚餐'),
(46, '2026-06-07 14:00:00', 17, 150.00, 1, '現金', 1, 1, '影印店', '支出', NULL, '印文件'),
(47, '2026-06-08 08:30:00', 3, 30.00, 1, '悠遊卡', 2, 1, '捷運局', '支出', NULL, '上班車資'),
(48, '2026-06-08 12:30:00', 1, 85.00, 1, '現金', 1, 1, '便當店', '支出', NULL, '雞排飯'),
(49, '2026-06-09 19:00:00', 5, 200.00, 1, '現金', 1, 5, '夾娃娃機', '支出', NULL, '純娛樂'),
(50, '2026-06-10 18:00:00', 2, 55000.00, 1, '匯款', 3, 2, '某某科技公司', '收入', NULL, '6月份薪資');

--
-- 已傾印資料表的索引
--

--
-- 資料表索引 `accounts`
--
ALTER TABLE `accounts`
  ADD PRIMARY KEY (`id`);

--
-- 資料表索引 `categories`
--
ALTER TABLE `categories`
  ADD PRIMARY KEY (`id`);

--
-- 資料表索引 `projects`
--
ALTER TABLE `projects`
  ADD PRIMARY KEY (`id`);

--
-- 資料表索引 `students`
--
ALTER TABLE `students`
  ADD PRIMARY KEY (`id`);

--
-- 資料表索引 `transactions`
--
ALTER TABLE `transactions`
  ADD PRIMARY KEY (`id`),
  ADD KEY `fk_trans_category` (`category_id`),
  ADD KEY `fk_trans_account` (`account_id`),
  ADD KEY `fk_trans_project` (`project_id`);

--
-- 在傾印的資料表使用自動遞增(AUTO_INCREMENT)
--

--
-- 使用資料表自動遞增(AUTO_INCREMENT) `accounts`
--
ALTER TABLE `accounts`
  MODIFY `id` int(10) UNSIGNED NOT NULL AUTO_INCREMENT, AUTO_INCREMENT=15;

--
-- 使用資料表自動遞增(AUTO_INCREMENT) `categories`
--
ALTER TABLE `categories`
  MODIFY `id` int(10) UNSIGNED NOT NULL AUTO_INCREMENT, AUTO_INCREMENT=18;

--
-- 使用資料表自動遞增(AUTO_INCREMENT) `projects`
--
ALTER TABLE `projects`
  MODIFY `id` int(10) UNSIGNED NOT NULL AUTO_INCREMENT, AUTO_INCREMENT=14;

--
-- 使用資料表自動遞增(AUTO_INCREMENT) `students`
--
ALTER TABLE `students`
  MODIFY `id` int(10) UNSIGNED NOT NULL AUTO_INCREMENT COMMENT '流水號';

--
-- 使用資料表自動遞增(AUTO_INCREMENT) `transactions`
--
ALTER TABLE `transactions`
  MODIFY `id` int(10) UNSIGNED NOT NULL AUTO_INCREMENT, AUTO_INCREMENT=51;

--
-- 已傾印資料表的限制式
--

--
-- 資料表的限制式 `transactions`
--
ALTER TABLE `transactions`
  ADD CONSTRAINT `fk_trans_account` FOREIGN KEY (`account_id`) REFERENCES `accounts` (`id`),
  ADD CONSTRAINT `fk_trans_category` FOREIGN KEY (`category_id`) REFERENCES `categories` (`id`),
  ADD CONSTRAINT `fk_trans_project` FOREIGN KEY (`project_id`) REFERENCES `projects` (`id`);
--
-- 資料庫： `admin`
--
CREATE DATABASE IF NOT EXISTS `admin` DEFAULT CHARACTER SET utf8mb4 COLLATE utf8mb4_general_ci;
USE `admin`;
--
-- 資料庫： `album`
--
CREATE DATABASE IF NOT EXISTS `album` DEFAULT CHARACTER SET utf8mb4 COLLATE utf8mb4_unicode_ci;
USE `album`;

-- --------------------------------------------------------

--
-- 資料表結構 `photos`
--

CREATE TABLE `photos` (
  `id` int(10) UNSIGNED NOT NULL,
  `url` text NOT NULL,
  `name` text NOT NULL,
  `type` text NOT NULL,
  `created_at` timestamp NOT NULL DEFAULT current_timestamp()
) ENGINE=InnoDB DEFAULT CHARSET=utf8mb4 COLLATE=utf8mb4_unicode_ci;

--
-- 傾印資料表的資料 `photos`
--

INSERT INTO `photos` (`id`, `url`, `name`, `type`, `created_at`) VALUES
(1, './upload/animal__0005_圖層 6.jpg', '圖層', 'image/jpeg', '2026-05-29 05:49:41'),
(2, './upload/animal__0001_圖層 2.jpg', '李梅蘭', 'image/jpeg', '2026-05-29 05:50:29'),
(3, './upload/animal__0002_圖層 3.jpg', '貓3', 'image/jpeg', '2026-05-29 05:50:48'),
(4, './upload/animal__0008_圖層 9.jpg', '貓2', 'image/jpeg', '2026-05-29 07:42:42'),
(5, './upload/animal__0003_圖層 4.jpg', '日出2', 'image/jpeg', '2026-05-29 07:52:22'),
(7, './upload/scape_002.jpg', '山水', 'image/jpeg', '2026-05-29 08:11:28');

--
-- 已傾印資料表的索引
--

--
-- 資料表索引 `photos`
--
ALTER TABLE `photos`
  ADD PRIMARY KEY (`id`);

--
-- 在傾印的資料表使用自動遞增(AUTO_INCREMENT)
--

--
-- 使用資料表自動遞增(AUTO_INCREMENT) `photos`
--
ALTER TABLE `photos`
  MODIFY `id` int(10) UNSIGNED NOT NULL AUTO_INCREMENT, AUTO_INCREMENT=8;
--
-- 資料庫： `cpc_oil`
--
CREATE DATABASE IF NOT EXISTS `cpc_oil` DEFAULT CHARACTER SET utf8mb4 COLLATE utf8mb4_unicode_ci;
USE `cpc_oil`;

-- --------------------------------------------------------

--
-- 資料表結構 `cpc_oil`
--

CREATE TABLE `cpc_oil` (
  `id` int(11) NOT NULL COMMENT '流水號',
  `effect_date` date NOT NULL COMMENT '牌價生效日期',
  `oil_92` decimal(4,1) NOT NULL COMMENT '92無鉛汽油價格',
  `oil_95` decimal(4,1) NOT NULL COMMENT '95無鉛汽油價格',
  `oil_98` decimal(4,1) NOT NULL COMMENT '98無鉛汽油價格',
  `diesel` decimal(4,1) NOT NULL COMMENT '超級柴油價格',
  `created_at` timestamp NOT NULL DEFAULT current_timestamp() COMMENT '本筆資料寫入時間'
) ENGINE=InnoDB DEFAULT CHARSET=utf8mb4 COLLATE=utf8mb4_unicode_ci COMMENT='中油每日即時油價表';

--
-- 已傾印資料表的索引
--

--
-- 資料表索引 `cpc_oil`
--
ALTER TABLE `cpc_oil`
  ADD PRIMARY KEY (`id`),
  ADD UNIQUE KEY `idx_effect_date` (`effect_date`);

--
-- 在傾印的資料表使用自動遞增(AUTO_INCREMENT)
--

--
-- 使用資料表自動遞增(AUTO_INCREMENT) `cpc_oil`
--
ALTER TABLE `cpc_oil`
  MODIFY `id` int(11) NOT NULL AUTO_INCREMENT COMMENT '流水號';
--
-- 資料庫： `db04-01`
--
CREATE DATABASE IF NOT EXISTS `db04-01` DEFAULT CHARACTER SET utf8mb4 COLLATE utf8mb4_unicode_ci;
USE `db04-01`;

-- --------------------------------------------------------

--
-- 資料表結構 `ad`
--

CREATE TABLE `ad` (
  `id` int(10) UNSIGNED NOT NULL,
  `text` text NOT NULL,
  `sh` int(1) NOT NULL
) ENGINE=InnoDB DEFAULT CHARSET=utf8mb4 COLLATE=utf8mb4_unicode_ci;

--
-- 傾印資料表的資料 `ad`
--

INSERT INTO `ad` (`id`, `text`, `sh`) VALUES
(1, '轉知臺北教育大學與臺灣師大合辦第11屆麋研齋全國硬筆書法比賽活動', 1),
(2, '轉知:法務部辦理「第五屆法規知識王網路闖關競賽辦法', 0),
(3, '1111111', 1),
(4, '欣榮圖書館101年悅讀達人徵文比賽，歡迎全校師生踴躍投稿參加', 0),
(5, '轉知:教育是人類升沉的樞紐-2013教師生命成長營', 1),
(6, 'dsfasdfasdfsdafdsaf', 1);

-- --------------------------------------------------------

--
-- 資料表結構 `admin`
--

CREATE TABLE `admin` (
  `id` int(10) UNSIGNED NOT NULL,
  `acc` text NOT NULL,
  `pw` text NOT NULL
) ENGINE=InnoDB DEFAULT CHARSET=utf8mb4 COLLATE=utf8mb4_unicode_ci;

-- --------------------------------------------------------

--
-- 資料表結構 `bottom`
--

CREATE TABLE `bottom` (
  `id` int(10) UNSIGNED NOT NULL,
  `bottom` text NOT NULL
) ENGINE=InnoDB DEFAULT CHARSET=utf8mb4 COLLATE=utf8mb4_unicode_ci;

-- --------------------------------------------------------

--
-- 資料表結構 `image`
--

CREATE TABLE `image` (
  `id` int(10) UNSIGNED NOT NULL,
  `img` text NOT NULL,
  `sh` int(1) NOT NULL
) ENGINE=InnoDB DEFAULT CHARSET=utf8mb4 COLLATE=utf8mb4_unicode_ci;

--
-- 傾印資料表的資料 `image`
--

INSERT INTO `image` (`id`, `img`, `sh`) VALUES
(1, '01D01.jpg', 1),
(2, '01D02.jpg', 1),
(3, '01D05.jpg', 1);

-- --------------------------------------------------------

--
-- 資料表結構 `menu`
--

CREATE TABLE `menu` (
  `id` int(10) UNSIGNED NOT NULL,
  `href` text NOT NULL,
  `text` text NOT NULL,
  `sh` int(1) NOT NULL
) ENGINE=InnoDB DEFAULT CHARSET=utf8mb4 COLLATE=utf8mb4_unicode_ci;

-- --------------------------------------------------------

--
-- 資料表結構 `mvim`
--

CREATE TABLE `mvim` (
  `id` int(10) UNSIGNED NOT NULL,
  `img` text NOT NULL,
  `sh` int(1) NOT NULL
) ENGINE=InnoDB DEFAULT CHARSET=utf8mb4 COLLATE=utf8mb4_unicode_ci;

--
-- 傾印資料表的資料 `mvim`
--

INSERT INTO `mvim` (`id`, `img`, `sh`) VALUES
(1, '01C06.gif', 0),
(3, '01C03.gif', 1),
(4, '01C05.gif', 1),
(5, '01C04.gif', 1);

-- --------------------------------------------------------

--
-- 資料表結構 `news`
--

CREATE TABLE `news` (
  `id` int(10) UNSIGNED NOT NULL,
  `text` text NOT NULL,
  `sh` int(1) NOT NULL
) ENGINE=InnoDB DEFAULT CHARSET=utf8mb4 COLLATE=utf8mb4_unicode_ci;

-- --------------------------------------------------------

--
-- 資料表結構 `title`
--

CREATE TABLE `title` (
  `id` int(10) UNSIGNED NOT NULL,
  `img` text NOT NULL,
  `text` text NOT NULL,
  `sh` int(1) NOT NULL
) ENGINE=InnoDB DEFAULT CHARSET=utf8mb4 COLLATE=utf8mb4_unicode_ci;

--
-- 傾印資料表的資料 `title`
--

INSERT INTO `title` (`id`, `img`, `text`, `sh`) VALUES
(1, '01B02.jpg', '轉知臺北教育大學與臺灣師大合辦第11屆麋研齋全國硬筆書法比賽活動', 0),
(5, '01B04.jpg', '轉知:教育是人類升沉的樞紐-2013教師生命成長營', 0),
(6, '01B03.jpg', '泰山科技大學', 1),
(11, '01B03.jpg', '55688', 0);

-- --------------------------------------------------------

--
-- 資料表結構 `total`
--

CREATE TABLE `total` (
  `id` int(10) UNSIGNED NOT NULL,
  `total` int(11) NOT NULL
) ENGINE=InnoDB DEFAULT CHARSET=utf8mb4 COLLATE=utf8mb4_unicode_ci;

--
-- 已傾印資料表的索引
--

--
-- 資料表索引 `ad`
--
ALTER TABLE `ad`
  ADD PRIMARY KEY (`id`);

--
-- 資料表索引 `admin`
--
ALTER TABLE `admin`
  ADD PRIMARY KEY (`id`);

--
-- 資料表索引 `bottom`
--
ALTER TABLE `bottom`
  ADD PRIMARY KEY (`id`);

--
-- 資料表索引 `image`
--
ALTER TABLE `image`
  ADD PRIMARY KEY (`id`);

--
-- 資料表索引 `menu`
--
ALTER TABLE `menu`
  ADD PRIMARY KEY (`id`);

--
-- 資料表索引 `mvim`
--
ALTER TABLE `mvim`
  ADD PRIMARY KEY (`id`);

--
-- 資料表索引 `news`
--
ALTER TABLE `news`
  ADD PRIMARY KEY (`id`);

--
-- 資料表索引 `title`
--
ALTER TABLE `title`
  ADD PRIMARY KEY (`id`);

--
-- 資料表索引 `total`
--
ALTER TABLE `total`
  ADD PRIMARY KEY (`id`);

--
-- 在傾印的資料表使用自動遞增(AUTO_INCREMENT)
--

--
-- 使用資料表自動遞增(AUTO_INCREMENT) `ad`
--
ALTER TABLE `ad`
  MODIFY `id` int(10) UNSIGNED NOT NULL AUTO_INCREMENT, AUTO_INCREMENT=7;

--
-- 使用資料表自動遞增(AUTO_INCREMENT) `admin`
--
ALTER TABLE `admin`
  MODIFY `id` int(10) UNSIGNED NOT NULL AUTO_INCREMENT;

--
-- 使用資料表自動遞增(AUTO_INCREMENT) `bottom`
--
ALTER TABLE `bottom`
  MODIFY `id` int(10) UNSIGNED NOT NULL AUTO_INCREMENT;

--
-- 使用資料表自動遞增(AUTO_INCREMENT) `image`
--
ALTER TABLE `image`
  MODIFY `id` int(10) UNSIGNED NOT NULL AUTO_INCREMENT, AUTO_INCREMENT=4;

--
-- 使用資料表自動遞增(AUTO_INCREMENT) `menu`
--
ALTER TABLE `menu`
  MODIFY `id` int(10) UNSIGNED NOT NULL AUTO_INCREMENT;

--
-- 使用資料表自動遞增(AUTO_INCREMENT) `mvim`
--
ALTER TABLE `mvim`
  MODIFY `id` int(10) UNSIGNED NOT NULL AUTO_INCREMENT, AUTO_INCREMENT=6;

--
-- 使用資料表自動遞增(AUTO_INCREMENT) `news`
--
ALTER TABLE `news`
  MODIFY `id` int(10) UNSIGNED NOT NULL AUTO_INCREMENT;

--
-- 使用資料表自動遞增(AUTO_INCREMENT) `title`
--
ALTER TABLE `title`
  MODIFY `id` int(10) UNSIGNED NOT NULL AUTO_INCREMENT, AUTO_INCREMENT=12;

--
-- 使用資料表自動遞增(AUTO_INCREMENT) `total`
--
ALTER TABLE `total`
  MODIFY `id` int(10) UNSIGNED NOT NULL AUTO_INCREMENT;
--
-- 資料庫： `db06`
--
CREATE DATABASE IF NOT EXISTS `db06` DEFAULT CHARACTER SET utf8mb4 COLLATE utf8mb4_unicode_ci;
USE `db06`;

-- --------------------------------------------------------

--
-- 資料表結構 `admin`
--

CREATE TABLE `admin` (
  `id` int(10) UNSIGNED NOT NULL,
  `acc` text NOT NULL,
  `pw` text NOT NULL,
  `pr` text NOT NULL
) ENGINE=InnoDB DEFAULT CHARSET=utf8mb4 COLLATE=utf8mb4_unicode_ci;

--
-- 傾印資料表的資料 `admin`
--

INSERT INTO `admin` (`id`, `acc`, `pw`, `pr`) VALUES
(1, 'admin', '1234', ''),
(4, 'hank', '1234', '0');

-- --------------------------------------------------------

--
-- 資料表結構 `bottom`
--

CREATE TABLE `bottom` (
  `id` int(10) UNSIGNED NOT NULL,
  `bottom` text NOT NULL
) ENGINE=InnoDB DEFAULT CHARSET=utf8mb4 COLLATE=utf8mb4_unicode_ci;

--
-- 傾印資料表的資料 `bottom`
--

INSERT INTO `bottom` (`id`, `bottom`) VALUES
(1, 'Copyright 2026 頁尾版權宣告');

-- --------------------------------------------------------

--
-- 資料表結構 `items`
--

CREATE TABLE `items` (
  `id` int(10) UNSIGNED NOT NULL,
  `no` text NOT NULL,
  `name` text NOT NULL,
  `price` int(10) UNSIGNED NOT NULL,
  `spec` text NOT NULL,
  `qt` int(10) UNSIGNED NOT NULL,
  `img` text NOT NULL,
  `intro` text NOT NULL,
  `big` int(10) UNSIGNED NOT NULL,
  `mid` int(10) UNSIGNED NOT NULL,
  `sh` tinyint(1) UNSIGNED NOT NULL
) ENGINE=InnoDB DEFAULT CHARSET=utf8mb4 COLLATE=utf8mb4_unicode_ci;

-- --------------------------------------------------------

--
-- 資料表結構 `members`
--

CREATE TABLE `members` (
  `id` int(10) UNSIGNED NOT NULL,
  `name` text NOT NULL,
  `acc` text NOT NULL,
  `pw` text NOT NULL,
  `tel` text NOT NULL,
  `addr` text NOT NULL,
  `email` text NOT NULL,
  `created_at` timestamp NOT NULL DEFAULT current_timestamp()
) ENGINE=InnoDB DEFAULT CHARSET=utf8mb4 COLLATE=utf8mb4_unicode_ci;

--
-- 傾印資料表的資料 `members`
--

INSERT INTO `members` (`id`, `name`, `acc`, `pw`, `tel`, `addr`, `email`, `created_at`) VALUES
(1, '', 'admin', '1234', '', '', 'admin@labor.gov.tw', '2026-07-21 03:59:33'),
(2, '', 'test', '5678', '', '', 'test@labor.gov.tw', '2026-07-21 03:59:33'),
(3, '', 'mem01', 'mem01', '', '', 'mem01@labor.gov.tw', '2026-07-21 03:59:33'),
(9, '', 'hank', '1234', '', '', 'hank@gmail.com', '2026-07-21 03:59:33'),
(10, '李梅蘭', 'admin2', 'demo', '0919033392', '寶興街', 's6351301@gmail.com', '2026-07-24 00:59:29');

-- --------------------------------------------------------

--
-- 資料表結構 `types`
--

CREATE TABLE `types` (
  `id` int(10) UNSIGNED NOT NULL,
  `name` text NOT NULL,
  `main_id` int(11) NOT NULL
) ENGINE=InnoDB DEFAULT CHARSET=utf8mb4 COLLATE=utf8mb4_unicode_ci;

--
-- 傾印資料表的資料 `types`
--

INSERT INTO `types` (`id`, `name`, `main_id`) VALUES
(1, '流行時尚皮件', 0),
(2, '流行鞋區', 0),
(3, '流行飾品', 0),
(4, '背包', 0),
(6, '男用皮件', 1),
(8, '少女鞋區', 2),
(10, 'dsfasdfsdfsadf', 9),
(11, '女用皮件', 1),
(12, '紳士流行鞋區', 2),
(13, '時尚手錶', 3),
(14, '時尚珠寶', 3),
(15, '新潮隨行背包', 4);

--
-- 已傾印資料表的索引
--

--
-- 資料表索引 `admin`
--
ALTER TABLE `admin`
  ADD PRIMARY KEY (`id`);

--
-- 資料表索引 `bottom`
--
ALTER TABLE `bottom`
  ADD PRIMARY KEY (`id`);

--
-- 資料表索引 `items`
--
ALTER TABLE `items`
  ADD PRIMARY KEY (`id`);

--
-- 資料表索引 `members`
--
ALTER TABLE `members`
  ADD PRIMARY KEY (`id`);

--
-- 資料表索引 `types`
--
ALTER TABLE `types`
  ADD PRIMARY KEY (`id`);

--
-- 在傾印的資料表使用自動遞增(AUTO_INCREMENT)
--

--
-- 使用資料表自動遞增(AUTO_INCREMENT) `admin`
--
ALTER TABLE `admin`
  MODIFY `id` int(10) UNSIGNED NOT NULL AUTO_INCREMENT, AUTO_INCREMENT=5;

--
-- 使用資料表自動遞增(AUTO_INCREMENT) `bottom`
--
ALTER TABLE `bottom`
  MODIFY `id` int(10) UNSIGNED NOT NULL AUTO_INCREMENT, AUTO_INCREMENT=2;

--
-- 使用資料表自動遞增(AUTO_INCREMENT) `items`
--
ALTER TABLE `items`
  MODIFY `id` int(10) UNSIGNED NOT NULL AUTO_INCREMENT;

--
-- 使用資料表自動遞增(AUTO_INCREMENT) `members`
--
ALTER TABLE `members`
  MODIFY `id` int(10) UNSIGNED NOT NULL AUTO_INCREMENT, AUTO_INCREMENT=11;

--
-- 使用資料表自動遞增(AUTO_INCREMENT) `types`
--
ALTER TABLE `types`
  MODIFY `id` int(10) UNSIGNED NOT NULL AUTO_INCREMENT, AUTO_INCREMENT=16;
--
-- 資料庫： `db12`
--
CREATE DATABASE IF NOT EXISTS `db12` DEFAULT CHARACTER SET utf8mb4 COLLATE utf8mb4_unicode_ci;
USE `db12`;

-- --------------------------------------------------------

--
-- 資料表結構 `total`
--

CREATE TABLE `total` (
  `id` int(11) UNSIGNED NOT NULL,
  `data` date NOT NULL,
  `total` int(11) UNSIGNED NOT NULL
) ENGINE=InnoDB DEFAULT CHARSET=utf8mb4 COLLATE=utf8mb4_unicode_ci;

--
-- 已傾印資料表的索引
--

--
-- 資料表索引 `total`
--
ALTER TABLE `total`
  ADD PRIMARY KEY (`id`);
--
-- 資料庫： `db19`
--
CREATE DATABASE IF NOT EXISTS `db19` DEFAULT CHARACTER SET utf8mb4 COLLATE utf8mb4_unicode_ci;
USE `db19`;

-- --------------------------------------------------------

--
-- 資料表結構 `members`
--

CREATE TABLE `members` (
  `id` int(10) UNSIGNED NOT NULL,
  `acc` text NOT NULL,
  `pw` text NOT NULL,
  `email` text NOT NULL
) ENGINE=InnoDB DEFAULT CHARSET=utf8mb4 COLLATE=utf8mb4_unicode_ci;

--
-- 傾印資料表的資料 `members`
--

INSERT INTO `members` (`id`, `acc`, `pw`, `email`) VALUES
(1, 'admin', '1234', 'admin@labor.gov.tw'),
(2, 'test', '5678', 'test@labor.gov.tw'),
(3, 'mem01', 'mem01', 'mem01@labor.gov.tw'),
(9, 'hank', '1234', 'hank@gmail.com');

-- --------------------------------------------------------

--
-- 資料表結構 `news`
--

CREATE TABLE `news` (
  `id` int(10) UNSIGNED NOT NULL,
  `title` text NOT NULL,
  `content` text NOT NULL,
  `sh` int(1) UNSIGNED NOT NULL,
  `good` int(10) UNSIGNED NOT NULL,
  `type` text NOT NULL
) ENGINE=InnoDB DEFAULT CHARSET=utf8mb4 COLLATE=utf8mb4_unicode_ci;

--
-- 傾印資料表的資料 `news`
--

INSERT INTO `news` (`id`, `title`, `content`, `sh`, `good`, `type`) VALUES
(1, '缺乏運動已成為影響全球死亡率的第四大危險因子-國人無規律運動之比率高達72.2%(一)', '資料來源： 行政院衛生署國民健康局 \r\n發佈日期： 2012 / 10 / 07\r\n世界衛生組織指出運動不足已成全球第四大致死因素，每年有6%的死亡率與運動不足有關，僅次於高血壓（13％）、菸品使用（9％）及高血糖（6％）之後，有超過200萬死亡人數可歸因於靜態生活。世界上約60-85％的成人過著靜態生活，三分之二的兒童運動不足，未來都將影響健康並造成公共衛生問題。運動不足除了增加死亡率，還會使心血管疾病、糖尿病、肥胖的風險加倍，並增加大腸癌、高血壓、骨質疏鬆、脂質失調症（lipid disorders）、憂鬱、焦慮的風險。大約21-25％乳癌及大腸癌、27%糖尿病與30％的缺血性心臟病，係因運動不足所造成。許多國家運動不足的人口比率，也正不斷地增加，依據行政院體育委員會2011年運動城巿調查結果顯示，國人無規律運動習慣之比率高達72.2%。\r\n我國十大死因的危險因子皆與運動不足有關，運動的好處很多，可以預防慢性疾病，降低罹患癌症、跌倒的風險等。國家衛生研究院溫啟邦教授利用台灣一個大型的追蹤世代，分析各個不同運動量的健康效益。研究發現，與不運動的人相比，每天運動15分鐘(每週約90分鐘)是可以減少14%總死亡、10%癌症死亡及20%的心血管疾病死亡，延長3年壽命。這些好處不但適用於各個年齡層包括年青人、年老人，也適用於男性與女性，對有心血管疾病風險的人包括吸菸、肥胖者，也一樣有用。\r\n國民健康局鼓勵民眾養成規律運動習慣，對於預防心血管疾病、糖尿病、高血脂以及高血壓等，都有顯著的效益，並可降低罹患癌症的風險，加速代謝脂肪，強化肌肉組織與功能，維持健康體重，提高腦內啡的釋放，降低情緒壓力。一般而言，成人只要每週運動累積達150分鐘、兒童每日運動累積60分鐘，就能有足夠的運動量，建議成人每天運動30分鐘，可分段累積運動量，效果與一次做完一樣。例如上下班(學)通勤時間與中午休息時間分段進行，每次15分鐘分2次或是每次10分鐘分3次完成，只要每天持之以恆，健康體能就會大大地提昇。\r\n許多上班族時常抱怨沒時間或空間運動，國民健康局製作15分鐘「上班族健康操」，不受場地、服裝的限制，每天上、下午各跳15分鐘健康操，可消耗100大卡的熱量，持續1年，約可減少4公斤，不但消耗過多熱量，還能促進身體健康。國民健康局為幫助同仁達到規律運動，運用電腦提示系統，於每天上午9時45分及下午3時45分，電腦螢幕會自動跳出「上班族健康操」畫面，鼓勵同仁暫時放下手邊的工作，隨著音樂一起動一動。\r\n對於沒有運動習的民眾，「健走」也是很好的入門運動，衛生署國民健康局自91年起推動「每日一萬步 健康有保固」，「健走」是既簡單又輕鬆的運動，不需特殊裝備，只要穿著輕便服裝、運動鞋，運用「抬頭挺胸縮小腹、雙手微握放腰部、自然擺動肩放鬆、邁開腳步向前行」健走小口訣，以4公里/小時的速度，日行萬步，只要90分鐘，步行約6公里，就可以消耗約300大卡，走向健康。\r\n國民健康局並介紹運動生活化之小撇步，協助民眾落實生活化的運動。\r\n1. 從日常生活中找出時間來活動，例如：步行買午、晚餐、水果、日用品；步行去用餐；蹓狗。\r\n2. 外出或是上下班(學)不妨多多利用大眾運輸工具，讓自己提早出門提前一站下車，步行至目的地。\r\n3. 可以走樓梯就不要坐電梯，如果一下子沒辦法走這麼多樓梯，步行走上幾層樓後再搭乘電梯，慢慢增加自己的運動量。\r\n4. 多和家人到戶外活動，或騎腳踏車、打球等活動。\r\n5. 假日可以自己動手整理家裡、擦擦地板，也可以增加運動量!或利用掃地、拖地時加大動作幅度，那也是很好的身體活動。\r\n6. 在家裡、辦公室附近找方便的資源運動，包括公園、職場辦的課程、活動。\r\n7. 減少看電視、打電玩等靜態生活的時間。\r\n    民眾對運動如有疑問，可參考國民健康局肥胖防治網-「快樂動」(http://obesity.bhp.gov.tw)，亦可撥打免費市話健康體重管理電話諮詢服務，諮詢專線「0800-367-100（0800-瘦落去-要動動）」，也可利用國民健康局局網首頁或肥胖防治網問題諮詢專區的網路電話撥入功能，向客服人員諮詢關於運動、健康飲食及健康體重管理等相關疑問。', 1, 0, '健康新知'),
(2, '缺乏運動已成為影響全球死亡率的第四大危險因子-國人無規律運動之比率高達72.2%(二)', '資料來源： 行政院衛生署國民健康局 \r\n發佈日期： 2012 / 10 / 07\r\n世界衛生組織指出運動不足已成全球第四大致死因素，每年有6%的死亡率與運動不足有關，僅次於高血壓（13％）、菸品使用（9％）及高血糖（6％）之後，有超過200萬死亡人數可歸因於靜態生活。世界上約60-85％的成人過著靜態生活，三分之二的兒童運動不足，未來都將影響健康並造成公共衛生問題。運動不足除了增加死亡率，還會使心血管疾病、糖尿病、肥胖的風險加倍，並增加大腸癌、高血壓、骨質疏鬆、脂質失調症（lipid disorders）、憂鬱、焦慮的風險。大約21-25％乳癌及大腸癌、27%糖尿病與30％的缺血性心臟病，係因運動不足所造成。許多國家運動不足的人口比率，也正不斷地增加，依據行政院體育委員會2011年運動城巿調查結果顯示，國人無規律運動習慣之比率高達72.2%。\r\n我國十大死因的危險因子皆與運動不足有關，運動的好處很多，可以預防慢性疾病，降低罹患癌症、跌倒的風險等。國家衛生研究院溫啟邦教授利用台灣一個大型的追蹤世代，分析各個不同運動量的健康效益。研究發現，與不運動的人相比，每天運動15分鐘(每週約90分鐘)是可以減少14%總死亡、10%癌症死亡及20%的心血管疾病死亡，延長3年壽命。這些好處不但適用於各個年齡層包括年青人、年老人，也適用於男性與女性，對有心血管疾病風險的人包括吸菸、肥胖者，也一樣有用。\r\n國民健康局鼓勵民眾養成規律運動習慣，對於預防心血管疾病、糖尿病、高血脂以及高血壓等，都有顯著的效益，並可降低罹患癌症的風險，加速代謝脂肪，強化肌肉組織與功能，維持健康體重，提高腦內啡的釋放，降低情緒壓力。一般而言，成人只要每週運動累積達150分鐘、兒童每日運動累積60分鐘，就能有足夠的運動量，建議成人每天運動30分鐘，可分段累積運動量，效果與一次做完一樣。例如上下班(學)通勤時間與中午休息時間分段進行，每次15分鐘分2次或是每次10分鐘分3次完成，只要每天持之以恆，健康體能就會大大地提昇。\r\n許多上班族時常抱怨沒時間或空間運動，國民健康局製作15分鐘「上班族健康操」，不受場地、服裝的限制，每天上、下午各跳15分鐘健康操，可消耗100大卡的熱量，持續1年，約可減少4公斤，不但消耗過多熱量，還能促進身體健康。國民健康局為幫助同仁達到規律運動，運用電腦提示系統，於每天上午9時45分及下午3時45分，電腦螢幕會自動跳出「上班族健康操」畫面，鼓勵同仁暫時放下手邊的工作，隨著音樂一起動一動。\r\n對於沒有運動習的民眾，「健走」也是很好的入門運動，衛生署國民健康局自91年起推動「每日一萬步 健康有保固」，「健走」是既簡單又輕鬆的運動，不需特殊裝備，只要穿著輕便服裝、運動鞋，運用「抬頭挺胸縮小腹、雙手微握放腰部、自然擺動肩放鬆、邁開腳步向前行」健走小口訣，以4公里/小時的速度，日行萬步，只要90分鐘，步行約6公里，就可以消耗約300大卡，走向健康。\r\n國民健康局並介紹運動生活化之小撇步，協助民眾落實生活化的運動。\r\n1. 從日常生活中找出時間來活動，例如：步行買午、晚餐、水果、日用品；步行去用餐；蹓狗。\r\n2. 外出或是上下班(學)不妨多多利用大眾運輸工具，讓自己提早出門提前一站下車，步行至目的地。\r\n3. 可以走樓梯就不要坐電梯，如果一下子沒辦法走這麼多樓梯，步行走上幾層樓後再搭乘電梯，慢慢增加自己的運動量。\r\n4. 多和家人到戶外活動，或騎腳踏車、打球等活動。\r\n5. 假日可以自己動手整理家裡、擦擦地板，也可以增加運動量!或利用掃地、拖地時加大動作幅度，那也是很好的身體活動。\r\n6. 在家裡、辦公室附近找方便的資源運動，包括公園、職場辦的課程、活動。\r\n7. 減少看電視、打電玩等靜態生活的時間。\r\n    民眾對運動如有疑問，可參考國民健康局肥胖防治網-「快樂動」(http://obesity.bhp.gov.tw)，亦可撥打免費市話健康體重管理電話諮詢服務，諮詢專線「0800-367-100（0800-瘦落去-要動動）」，也可利用國民健康局局網首頁或肥胖防治網問題諮詢專區的網路電話撥入功能，向客服人員諮詢關於運動、健康飲食及健康體重管理等相關疑問。', 1, 0, '健康新知'),
(3, '菸害防治法規(一)', '第二十三條　　違反第五條或第十條第一項規定者，處新臺幣一萬元以上五萬元以下罰鍰，並得按次連續處罰。\r\n第二十四條　　製造或輸入違反第六條第一項、第二項或第七條第一項規定之菸品者，處新臺幣一百萬元以上五百萬元以下罰鍰，並令限期回收；屆期未回收者，按次連續處罰，違規之菸品沒入並銷毀之。\r\n販賣違反第六條第一項、第二項或第七條第一項規定之菸品者，處新臺幣一萬元以上五萬元以下罰鍰。\r\n第二十五條　　違反第八條第一項規定者，處新臺幣十萬元以上五十萬元以下罰鍰，並令限期申報；屆期未申報者，按次連續處罰。\r\n規避、妨礙或拒絕中央主管機關依第八條第二項規定所為之取樣檢查（驗）者，處新臺幣十萬元以上五十萬元以下罰鍰。\r\n第二十六條　　製造或輸入業者，違反第九條各款規定者，處新臺幣五百萬元以上二千五百萬元以下罰鍰，並按次連續處罰。\r\n廣告業或傳播媒體業者違反第九條各款規定，製作菸品廣告或接受傳播或刊載者，處新臺幣二十萬元以上一百萬元以下罰鍰，並按次處罰。\r\n違反第九條各款規定，除前二項另有規定者外，處新臺幣十萬元以上五十萬元以下罰鍰，並按次連續處罰。\r\n第二十七條　　違反第十一條規定者，處新臺幣二千元以上一萬元以下罰鍰。\r\n第二十八條　　違反第十二條第一項規定者，應令其接受戒菸教育；行為人未滿十八歲且未結婚者，並應令其父母或監護人使其到場。\r\n無正當理由未依通知接受戒菸教育者，處新臺幣二千元以上一萬元以下罰鍰，並按次連續處罰；行為人未滿十八歲且未結婚者，處罰其父母或監護人。\r\n第一項戒菸教育之實施辦法，由中央主管機關定之。\r\n第二十九條　　違反第十三條規定者，處新臺幣一萬元以上五萬元以下罰鍰。\r\n第三十條　　製造或輸入業者，違反第十四條規定者，處新臺幣一萬元以上五萬元以下罰鍰，並令限期回收；屆期未回收者，按次連續處罰。\r\n販賣業者違反第十四條規定者，處新臺幣一千元以上三千元以下罰鍰。\r\n第三十一條　　違反第十五條第一項或第十六條第一項規定者，處新臺幣二千元以上一萬元以下罰鍰。\r\n違反第十五條第二項、第十六條第二項或第三項規定者，處新臺幣一萬元以上五萬元以下罰鍰，並令限期改正；屆期未改正者，得按次連續處罰。\r\n第三十二條　　違反本法規定，經依第二十三條至前條規定處罰者，得併公告被處分人及其違法情形。\r\n第三十三條　　本法所定罰則，除第二十五條規定由中央主管機關處罰外，由直轄市、縣（市）主管機關處罰之。', 1, 0, '菸害防治'),
(4, '菸害防治法規(二)', '第二十三條　　違反第五條或第十條第一項規定者，處新臺幣一萬元以上五萬元以下罰鍰，並得按次連續處罰。\r\n第二十四條　　製造或輸入違反第六條第一項、第二項或第七條第一項規定之菸品者，處新臺幣一百萬元以上五百萬元以下罰鍰，並令限期回收；屆期未回收者，按次連續處罰，違規之菸品沒入並銷毀之。\r\n販賣違反第六條第一項、第二項或第七條第一項規定之菸品者，處新臺幣一萬元以上五萬元以下罰鍰。\r\n第二十五條　　違反第八條第一項規定者，處新臺幣十萬元以上五十萬元以下罰鍰，並令限期申報；屆期未申報者，按次連續處罰。\r\n規避、妨礙或拒絕中央主管機關依第八條第二項規定所為之取樣檢查（驗）者，處新臺幣十萬元以上五十萬元以下罰鍰。\r\n第二十六條　　製造或輸入業者，違反第九條各款規定者，處新臺幣五百萬元以上二千五百萬元以下罰鍰，並按次連續處罰。\r\n廣告業或傳播媒體業者違反第九條各款規定，製作菸品廣告或接受傳播或刊載者，處新臺幣二十萬元以上一百萬元以下罰鍰，並按次處罰。\r\n違反第九條各款規定，除前二項另有規定者外，處新臺幣十萬元以上五十萬元以下罰鍰，並按次連續處罰。\r\n第二十七條　　違反第十一條規定者，處新臺幣二千元以上一萬元以下罰鍰。\r\n第二十八條　　違反第十二條第一項規定者，應令其接受戒菸教育；行為人未滿十八歲且未結婚者，並應令其父母或監護人使其到場。\r\n無正當理由未依通知接受戒菸教育者，處新臺幣二千元以上一萬元以下罰鍰，並按次連續處罰；行為人未滿十八歲且未結婚者，處罰其父母或監護人。\r\n第一項戒菸教育之實施辦法，由中央主管機關定之。\r\n第二十九條　　違反第十三條規定者，處新臺幣一萬元以上五萬元以下罰鍰。\r\n第三十條　　製造或輸入業者，違反第十四條規定者，處新臺幣一萬元以上五萬元以下罰鍰，並令限期回收；屆期未回收者，按次連續處罰。\r\n販賣業者違反第十四條規定者，處新臺幣一千元以上三千元以下罰鍰。\r\n第三十一條　　違反第十五條第一項或第十六條第一項規定者，處新臺幣二千元以上一萬元以下罰鍰。\r\n違反第十五條第二項、第十六條第二項或第三項規定者，處新臺幣一萬元以上五萬元以下罰鍰，並令限期改正；屆期未改正者，得按次連續處罰。\r\n第三十二條　　違反本法規定，經依第二十三條至前條規定處罰者，得併公告被處分人及其違法情形。\r\n第三十三條　　本法所定罰則，除第二十五條規定由中央主管機關處罰外，由直轄市、縣（市）主管機關處罰之。', 1, 0, '菸害防治'),
(5, '降低罹癌風險 建構健康生活型態(一)', '癌症防治   三管齊下  Part 1 降低罹癌風險建構健康生活型態 \r\n\r\n撰文：徐文媛　諮詢對象：衛生署國民健康局副局長趙坤郁 \r\n\r\n致癌的因素很多，而且往往就存在於我們周遭環境及日常生活中。唯有正常飲食、適當運動、遠離致癌因子、養成健康行為與生活習慣，並改善生活環境品質，才能減少罹癌的危機。\r\n形塑健康生活新價值觀\r\n「健康生活型態」牽涉的範圍很廣，衛生署國民健康局副局長趙坤郁表示，做為國家癌症防治政策的一環，應優先選擇具實證研究基礎的指標，所以健康飲食、菸害防制、檳榔防制及建立運動習慣，都是目前積極推動的衛生政策。\r\n生活型態需要長時間建立，所以要改變民眾健康生活型態，必須設定出各項目標策略和衡量指標，設法營造有助達成目標的軟、硬體環境，這些工作往往需要跨部門，甚至從民間社團、社區等基層的參與，才能讓議題逐漸發酵，達到社會價值的建立及風氣的改變。例如在健康飲食方面，至少需要健康局與食品衛生處（未來即將成立的食品藥物管理局）合作，除了宣導正確的飲食習慣，也要為民眾吃的健康把關，避免汙染等有害食物流入巿面。\r\n在推廣動態生活，建立國人運動習慣上，透過訂定國人健康體能指標，調查全國及各縣巿的運動盛行率，並以每年提升0.5%為目標，結合體育主管單位及25縣巿政府同步進行政策的倡議及執行。以最容易、最安全的健走運動為例，現在11 月11日「健走日」已成為許多縣巿政府的重要活動；而去年健康局選擇竹北、屏東、新莊三個縣轄巿，調查健康體能自治性環境的策略指標及調查評估方法，也成為今年體委會要求各縣巿建置運動地圖時的重要參考。\r\n建構健康生活型態是「預防勝於治療」的積極實現，不只能降低罹癌風險，也有助降低其他現代文明病的發生，長期來看是最具經濟效益的健康投資。趙坤郁強調，在全球化浪潮下，我們的飲食、嗜好...等生活型態與西方國家愈來愈趨近，疾病型態也可能逐漸接近，必須及早提出因應措施。\r\n \r\n\r\n\r\n資料來源：行政院衛生署衛生報導139期\r\n上稿日期：2010/1/20', 1, 0, '癌症防治'),
(6, '降低罹癌風險 建構健康生活型態(二)', '癌症防治   三管齊下  Part 1 降低罹癌風險建構健康生活型態 \r\n\r\n撰文：徐文媛　諮詢對象：衛生署國民健康局副局長趙坤郁 \r\n\r\n致癌的因素很多，而且往往就存在於我們周遭環境及日常生活中。唯有正常飲食、適當運動、遠離致癌因子、養成健康行為與生活習慣，並改善生活環境品質，才能減少罹癌的危機。\r\n形塑健康生活新價值觀\r\n「健康生活型態」牽涉的範圍很廣，衛生署國民健康局副局長趙坤郁表示，做為國家癌症防治政策的一環，應優先選擇具實證研究基礎的指標，所以健康飲食、菸害防制、檳榔防制及建立運動習慣，都是目前積極推動的衛生政策。\r\n生活型態需要長時間建立，所以要改變民眾健康生活型態，必須設定出各項目標策略和衡量指標，設法營造有助達成目標的軟、硬體環境，這些工作往往需要跨部門，甚至從民間社團、社區等基層的參與，才能讓議題逐漸發酵，達到社會價值的建立及風氣的改變。例如在健康飲食方面，至少需要健康局與食品衛生處（未來即將成立的食品藥物管理局）合作，除了宣導正確的飲食習慣，也要為民眾吃的健康把關，避免汙染等有害食物流入巿面。\r\n在推廣動態生活，建立國人運動習慣上，透過訂定國人健康體能指標，調查全國及各縣巿的運動盛行率，並以每年提升0.5%為目標，結合體育主管單位及25縣巿政府同步進行政策的倡議及執行。以最容易、最安全的健走運動為例，現在11 月11日「健走日」已成為許多縣巿政府的重要活動；而去年健康局選擇竹北、屏東、新莊三個縣轄巿，調查健康體能自治性環境的策略指標及調查評估方法，也成為今年體委會要求各縣巿建置運動地圖時的重要參考。\r\n建構健康生活型態是「預防勝於治療」的積極實現，不只能降低罹癌風險，也有助降低其他現代文明病的發生，長期來看是最具經濟效益的健康投資。趙坤郁強調，在全球化浪潮下，我們的飲食、嗜好...等生活型態與西方國家愈來愈趨近，疾病型態也可能逐漸接近，必須及早提出因應措施。\r\n \r\n\r\n\r\n資料來源：行政院衛生署衛生報導139期\r\n上稿日期：2010/1/20', 1, 0, '癌症防治'),
(7, '長期憋尿 泌尿系統問題多(一)', '資料來源：中央健康保險局雙月刊第98期\r\n上稿日期：2012/08/10\r\n文／游小雯\r\n諮詢／郭育成（台北市立聯合醫院陽明院區泌尿科主任）\r\n膀胱是中空、有彈性的肉囊， 約有400c.c.的容積，可暫存由腎臟製造、經輸尿管輸送下來的尿液。一般人排尿量每回約200到350c.c.，每天至少要有4到8次排尿次數才算正常；如果膀胱已存有近400c.c的尿液卻未排出，就會有尿很急、膀胱很脹的感覺，所謂的「憋尿」，就是讓膀胱經常撐在「脹滿」的狀態，沒有適時地清空排尿。「就像水溝的水沒有在流動一樣！」台北市立聯合醫院陽明院區泌尿科郭育成主任表示，把尿憋在膀胱中，就像是沒有流動的髒水，很容易滋生細菌及沉澱物，長期下來，不僅泌尿道易受感染、影響膀胱收縮力，甚至會造成腎臟永久傷害，不僅無法完全修復，還要終身小心照護。\r\n憋尿會憋出哪些毛病呢？\r\n「憋尿、排尿」這個看似簡單的動作，對身體健康卻有極大的影響，以下4項就是一般人最常憋出問題的病症：\r\n1、尿道感染：\r\n憋尿時，長時間無尿液經過尿道，無法將尿道開口的細菌沖走，大量細菌在尿道聚集，很容易引起發炎，尤其尿流不通暢的人（如前列腺肥大、障礙性排尿或結石），尿道感染的發生率，會比正常人高出許多。\r\n2、膀胱發炎：\r\n憋尿使膀胱長期脹大，膀胱壁血管受到壓迫，膀胱黏膜就會缺血，只要身體抵抗力差時，細菌趁虛而入即造成「急性膀胱炎」。膀胱炎發生時，膀胱壁變得較敏感，儘管積存的尿液不多，也會急著想上廁所，但一次卻只能尿出一點點；而大部份的膀胱炎，尿道粘膜通常也處於發炎狀態，所以會出現「燒灼感」，此外通常還會有「血尿」的情況發生。比較嚴重的膀胱炎甚至會發燒、併發腎臟炎等症狀。\r\n3、前列腺炎與副睪丸炎：\r\n男性若水份攝取不夠或憋尿使排尿次數過少，細菌就有機會透過尿道引發感染；嚴重的話，尿液甚至會經由輸精管倒流至前列腺或副睪丸，而引發前列腺炎或副睪丸炎，最嚴重可導致不孕，增加更多棘手的併發症。\r\n4、膀胱損傷：\r\n長期憋尿會使膀胱過度脹扯、壁肌肉層變薄，如果出現纖維化的情形會影響彈性，導致膀胱收縮力因此變差，而有疼痛、頻尿或尿不乾淨等後遺症；如果神經受損嚴重，膀胱括約肌無力，甚至會造成尿不出來的後果。平日勤保健，別讓憋尿造成終身遺憾許多上班族與公司主管，一忙或開會經常就是好幾個小時，為了不影響進度，常忘了上廁所，即使有尿意也盡量憋著，憋尿不只是造成泌尿系統發炎，尿液回流到腎臟也會造成腎積水引發尿毒症等併發症，最後很可能靠洗腎度日了！\r\n平日盡量力行以下4項原則：\r\n1、多喝水、不憋尿。\r\n2、注意個人衛生：如多淋浴少盆浴、女生在如廁後記得由前往後擦、性行為前後（不論男女）應注意會陰部、肛門口及尿道口的清潔工作。\r\n3、正常的飲食習慣及充分的休息與睡眠，以增加抵抗力及免疫力。\r\n4、多注意及控制易引發膀胱炎的疾病：如糖尿病、尿路結石、攝護腺肥大等。\r\n如果民眾發現自己解尿不舒服時，一定要在第一時間就診，讓醫師採用檢體對症下藥，只要沒有其他的特殊問題併存，同時能接受完整療程的抗生素治療，通常一星期左右即可痊癒。不過服藥的時間及用量絕對要遵照醫師囑咐，如果自行隨意停藥或不按時服用，很可能會造成殘存的細菌出現抗藥性，非但原本的症狀無法痊癒，還可能帶來慢性泌尿道發炎、尿路結石、腎臟功能受損等併發症，千萬要特別注意。', 1, 0, '慢性病防治'),
(8, '長期憋尿 泌尿系統問題多(二)', '資料來源：中央健康保險局雙月刊第98期\r\n上稿日期：2012/08/10\r\n文／游小雯\r\n諮詢／郭育成（台北市立聯合醫院陽明院區泌尿科主任）\r\n膀胱是中空、有彈性的肉囊， 約有400c.c.的容積，可暫存由腎臟製造、經輸尿管輸送下來的尿液。一般人排尿量每回約200到350c.c.，每天至少要有4到8次排尿次數才算正常；如果膀胱已存有近400c.c的尿液卻未排出，就會有尿很急、膀胱很脹的感覺，所謂的「憋尿」，就是讓膀胱經常撐在「脹滿」的狀態，沒有適時地清空排尿。「就像水溝的水沒有在流動一樣！」台北市立聯合醫院陽明院區泌尿科郭育成主任表示，把尿憋在膀胱中，就像是沒有流動的髒水，很容易滋生細菌及沉澱物，長期下來，不僅泌尿道易受感染、影響膀胱收縮力，甚至會造成腎臟永久傷害，不僅無法完全修復，還要終身小心照護。\r\n憋尿會憋出哪些毛病呢？\r\n「憋尿、排尿」這個看似簡單的動作，對身體健康卻有極大的影響，以下4項就是一般人最常憋出問題的病症：\r\n1、尿道感染：\r\n憋尿時，長時間無尿液經過尿道，無法將尿道開口的細菌沖走，大量細菌在尿道聚集，很容易引起發炎，尤其尿流不通暢的人（如前列腺肥大、障礙性排尿或結石），尿道感染的發生率，會比正常人高出許多。\r\n2、膀胱發炎：\r\n憋尿使膀胱長期脹大，膀胱壁血管受到壓迫，膀胱黏膜就會缺血，只要身體抵抗力差時，細菌趁虛而入即造成「急性膀胱炎」。膀胱炎發生時，膀胱壁變得較敏感，儘管積存的尿液不多，也會急著想上廁所，但一次卻只能尿出一點點；而大部份的膀胱炎，尿道粘膜通常也處於發炎狀態，所以會出現「燒灼感」，此外通常還會有「血尿」的情況發生。比較嚴重的膀胱炎甚至會發燒、併發腎臟炎等症狀。\r\n3、前列腺炎與副睪丸炎：\r\n男性若水份攝取不夠或憋尿使排尿次數過少，細菌就有機會透過尿道引發感染；嚴重的話，尿液甚至會經由輸精管倒流至前列腺或副睪丸，而引發前列腺炎或副睪丸炎，最嚴重可導致不孕，增加更多棘手的併發症。\r\n4、膀胱損傷：\r\n長期憋尿會使膀胱過度脹扯、壁肌肉層變薄，如果出現纖維化的情形會影響彈性，導致膀胱收縮力因此變差，而有疼痛、頻尿或尿不乾淨等後遺症；如果神經受損嚴重，膀胱括約肌無力，甚至會造成尿不出來的後果。平日勤保健，別讓憋尿造成終身遺憾許多上班族與公司主管，一忙或開會經常就是好幾個小時，為了不影響進度，常忘了上廁所，即使有尿意也盡量憋著，憋尿不只是造成泌尿系統發炎，尿液回流到腎臟也會造成腎積水引發尿毒症等併發症，最後很可能靠洗腎度日了！\r\n平日盡量力行以下4項原則：\r\n1、多喝水、不憋尿。\r\n2、注意個人衛生：如多淋浴少盆浴、女生在如廁後記得由前往後擦、性行為前後（不論男女）應注意會陰部、肛門口及尿道口的清潔工作。\r\n3、正常的飲食習慣及充分的休息與睡眠，以增加抵抗力及免疫力。\r\n4、多注意及控制易引發膀胱炎的疾病：如糖尿病、尿路結石、攝護腺肥大等。\r\n如果民眾發現自己解尿不舒服時，一定要在第一時間就診，讓醫師採用檢體對症下藥，只要沒有其他的特殊問題併存，同時能接受完整療程的抗生素治療，通常一星期左右即可痊癒。不過服藥的時間及用量絕對要遵照醫師囑咐，如果自行隨意停藥或不按時服用，很可能會造成殘存的細菌出現抗藥性，非但原本的症狀無法痊癒，還可能帶來慢性泌尿道發炎、尿路結石、腎臟功能受損等併發症，千萬要特別注意。', 1, 0, '慢性病防治');

-- --------------------------------------------------------

--
-- 資料表結構 `total`
--

CREATE TABLE `total` (
  `id` int(10) UNSIGNED NOT NULL,
  `date` date NOT NULL,
  `total` int(10) NOT NULL
) ENGINE=InnoDB DEFAULT CHARSET=utf8mb4 COLLATE=utf8mb4_unicode_ci;

--
-- 傾印資料表的資料 `total`
--

INSERT INTO `total` (`id`, `date`, `total`) VALUES
(1, '2026-06-23', 5),
(2, '2026-06-22', 3),
(3, '2026-06-29', 2),
(4, '2026-06-30', 1),
(5, '2026-07-03', 1);

--
-- 已傾印資料表的索引
--

--
-- 資料表索引 `members`
--
ALTER TABLE `members`
  ADD PRIMARY KEY (`id`);

--
-- 資料表索引 `news`
--
ALTER TABLE `news`
  ADD PRIMARY KEY (`id`);

--
-- 資料表索引 `total`
--
ALTER TABLE `total`
  ADD PRIMARY KEY (`id`);

--
-- 在傾印的資料表使用自動遞增(AUTO_INCREMENT)
--

--
-- 使用資料表自動遞增(AUTO_INCREMENT) `members`
--
ALTER TABLE `members`
  MODIFY `id` int(10) UNSIGNED NOT NULL AUTO_INCREMENT, AUTO_INCREMENT=10;

--
-- 使用資料表自動遞增(AUTO_INCREMENT) `news`
--
ALTER TABLE `news`
  MODIFY `id` int(10) UNSIGNED NOT NULL AUTO_INCREMENT, AUTO_INCREMENT=9;

--
-- 使用資料表自動遞增(AUTO_INCREMENT) `total`
--
ALTER TABLE `total`
  MODIFY `id` int(10) UNSIGNED NOT NULL AUTO_INCREMENT, AUTO_INCREMENT=6;
--
-- 資料庫： `db21`
--
CREATE DATABASE IF NOT EXISTS `db21` DEFAULT CHARACTER SET utf8mb4 COLLATE utf8mb4_unicode_ci;
USE `db21`;

-- --------------------------------------------------------

--
-- 資料表結構 `ad`
--

CREATE TABLE `ad` (
  `id` int(10) UNSIGNED NOT NULL,
  `text` text NOT NULL,
  `sh` int(1) NOT NULL
) ENGINE=InnoDB DEFAULT CHARSET=utf8mb4 COLLATE=utf8mb4_unicode_ci;

--
-- 傾印資料表的資料 `ad`
--

INSERT INTO `ad` (`id`, `text`, `sh`) VALUES
(1, '世禾科技廠房新建工程全面動工，特此公告週知，請全校師生行經工區周邊注意安全。', 1),
(2, '本校與世禾科技產學合作暨廠房新建工程專案正式啟動，歡迎全校師生踴躍關注相關資訊。', 1),
(3, '世禾科技廠房新建工程動土典禮圓滿成功，期盼深化產學交流與實務合作。', 1),
(4, '因應世禾科技廠房新建工程施工需要，校園部分區域交通管制措施將於近期實施。', 1),
(5, '世禾科技廠房新建工程專案實習與就業說明會即將登場，歡迎應屆畢業生踴躍參加。', 1),
(7, '感謝各界支持與協助，世禾科技廠房新建工程動土典禮暨產學合作發表會圓滿落幕。', 1);

-- --------------------------------------------------------

--
-- 資料表結構 `admin`
--

CREATE TABLE `admin` (
  `id` int(10) UNSIGNED NOT NULL,
  `acc` text NOT NULL,
  `pw` text NOT NULL
) ENGINE=InnoDB DEFAULT CHARSET=utf8mb4 COLLATE=utf8mb4_unicode_ci;

--
-- 傾印資料表的資料 `admin`
--

INSERT INTO `admin` (`id`, `acc`, `pw`) VALUES
(1, 'lee', '1234'),
(2, 'may', '1234'),
(3, 'admin', '1234'),
(4, 'any', '1234');

-- --------------------------------------------------------

--
-- 資料表結構 `bottom`
--

CREATE TABLE `bottom` (
  `id` int(10) UNSIGNED NOT NULL,
  `bottom` text NOT NULL
) ENGINE=InnoDB DEFAULT CHARSET=utf8mb4 COLLATE=utf8mb4_unicode_ci;

--
-- 傾印資料表的資料 `bottom`
--

INSERT INTO `bottom` (`id`, `bottom`) VALUES
(1, '地址：新竹縣湖口鄉新竹工業區仁政路18號　　客服專線：+886 3-5981100　　傳真：+886 3-5983131　　E-mail：shihher@sht.com.tw');

-- --------------------------------------------------------

--
-- 資料表結構 `image`
--

CREATE TABLE `image` (
  `id` int(10) UNSIGNED NOT NULL,
  `img` text NOT NULL,
  `sh` int(1) NOT NULL
) ENGINE=InnoDB DEFAULT CHARSET=utf8mb4 COLLATE=utf8mb4_unicode_ci;

--
-- 傾印資料表的資料 `image`
--

INSERT INTO `image` (`id`, `img`, `sh`) VALUES
(1, '01D01.jpg', 1),
(2, '01D02.jpg', 1),
(3, '01D03.jpg', 1),
(4, '01D04.jpg', 1),
(5, '01D05.jpg', 1),
(6, '01D06.jpg', 1),
(7, '01D07.jpg', 1);

-- --------------------------------------------------------

--
-- 資料表結構 `menu`
--

CREATE TABLE `menu` (
  `id` int(10) UNSIGNED NOT NULL,
  `href` text NOT NULL,
  `text` text NOT NULL,
  `sh` int(1) NOT NULL,
  `main_id` int(11) NOT NULL
) ENGINE=InnoDB DEFAULT CHARSET=utf8mb4 COLLATE=utf8mb4_unicode_ci;

--
-- 傾印資料表的資料 `menu`
--

INSERT INTO `menu` (`id`, `href`, `text`, `sh`, `main_id`) VALUES
(1, 'index.php', '回首頁', 1, 0),
(2, 'news.php', '最新文章', 1, 0),
(3, 'reg.php', '會員註冊', 1, 0),
(4, 'login.php', '管理登入', 1, 0);

-- --------------------------------------------------------

--
-- 資料表結構 `mvim`
--

CREATE TABLE `mvim` (
  `id` int(10) UNSIGNED NOT NULL,
  `img` text NOT NULL,
  `sh` int(1) NOT NULL
) ENGINE=InnoDB DEFAULT CHARSET=utf8mb4 COLLATE=utf8mb4_unicode_ci;

--
-- 傾印資料表的資料 `mvim`
--

INSERT INTO `mvim` (`id`, `img`, `sh`) VALUES
(1, '01C01.gif', 1),
(2, '01C04.gif', 1),
(3, '01D02.gif', 1),
(4, '01D03.gif', 1),
(5, '01C05.gif', 1);

-- --------------------------------------------------------

--
-- 資料表結構 `news`
--

CREATE TABLE `news` (
  `id` int(10) UNSIGNED NOT NULL,
  `text` text NOT NULL,
  `sh` int(1) NOT NULL
) ENGINE=InnoDB DEFAULT CHARSET=utf8mb4 COLLATE=utf8mb4_unicode_ci;

--
-- 傾印資料表的資料 `news`
--

INSERT INTO `news` (`id`, `text`, `sh`) VALUES
(1, '為提升全體人員工安意識，本週起將實施每週一次的工安半小時教育訓練與工地巡檢活動。', 1),
(2, '敬告全體施工人員與廠商，每日上工前落實安全防護裝備檢查，確保職場安全零災害。', 1),
(3, '勞動檢查機構預定於近期至本工地進行勞動安全與施工品質無預警抽查，請各承包商全面備妥相關文件。', 1),
(4, '為強化工地防災應變能力，本工程團隊將於本週五下午舉辦消防與工安防災演練，請全員配合。', 1),
(5, '因應近期多雨氣候，工地已全面加強排水系統疏通與邊坡防護措施，確保施工安全與周邊環境穩定。', 1);

-- --------------------------------------------------------

--
-- 資料表結構 `title`
--

CREATE TABLE `title` (
  `id` int(10) UNSIGNED NOT NULL,
  `img` text NOT NULL,
  `text` text NOT NULL,
  `sh` int(1) NOT NULL
) ENGINE=InnoDB DEFAULT CHARSET=utf8mb4 COLLATE=utf8mb4_unicode_ci;

--
-- 傾印資料表的資料 `title`
--

INSERT INTO `title` (`id`, `img`, `text`, `sh`) VALUES
(1, '01B01.png', '世禾科技廠房新建工程系統', 0),
(2, '01B02.png', '世禾科技廠房新建安全系統', 0),
(3, '01B03.png', '世禾科技廠房新建創新系統', 0),
(5, '01B04.png', '世禾科技廠房營建工程系統', 0),
(6, '01B05.png', '世禾科技廠房辦公室系統', 1);

-- --------------------------------------------------------

--
-- 資料表結構 `total`
--

CREATE TABLE `total` (
  `id` int(10) UNSIGNED NOT NULL,
  `total` int(11) NOT NULL
) ENGINE=InnoDB DEFAULT CHARSET=utf8mb4 COLLATE=utf8mb4_unicode_ci;

--
-- 傾印資料表的資料 `total`
--

INSERT INTO `total` (`id`, `total`) VALUES
(1, 1078);

--
-- 已傾印資料表的索引
--

--
-- 資料表索引 `ad`
--
ALTER TABLE `ad`
  ADD PRIMARY KEY (`id`);

--
-- 資料表索引 `admin`
--
ALTER TABLE `admin`
  ADD PRIMARY KEY (`id`);

--
-- 資料表索引 `bottom`
--
ALTER TABLE `bottom`
  ADD PRIMARY KEY (`id`);

--
-- 資料表索引 `image`
--
ALTER TABLE `image`
  ADD PRIMARY KEY (`id`);

--
-- 資料表索引 `menu`
--
ALTER TABLE `menu`
  ADD PRIMARY KEY (`id`);

--
-- 資料表索引 `mvim`
--
ALTER TABLE `mvim`
  ADD PRIMARY KEY (`id`);

--
-- 資料表索引 `news`
--
ALTER TABLE `news`
  ADD PRIMARY KEY (`id`);

--
-- 資料表索引 `title`
--
ALTER TABLE `title`
  ADD PRIMARY KEY (`id`);

--
-- 資料表索引 `total`
--
ALTER TABLE `total`
  ADD PRIMARY KEY (`id`);

--
-- 在傾印的資料表使用自動遞增(AUTO_INCREMENT)
--

--
-- 使用資料表自動遞增(AUTO_INCREMENT) `ad`
--
ALTER TABLE `ad`
  MODIFY `id` int(10) UNSIGNED NOT NULL AUTO_INCREMENT, AUTO_INCREMENT=8;

--
-- 使用資料表自動遞增(AUTO_INCREMENT) `admin`
--
ALTER TABLE `admin`
  MODIFY `id` int(10) UNSIGNED NOT NULL AUTO_INCREMENT, AUTO_INCREMENT=6;

--
-- 使用資料表自動遞增(AUTO_INCREMENT) `bottom`
--
ALTER TABLE `bottom`
  MODIFY `id` int(10) UNSIGNED NOT NULL AUTO_INCREMENT, AUTO_INCREMENT=2;

--
-- 使用資料表自動遞增(AUTO_INCREMENT) `image`
--
ALTER TABLE `image`
  MODIFY `id` int(10) UNSIGNED NOT NULL AUTO_INCREMENT, AUTO_INCREMENT=8;

--
-- 使用資料表自動遞增(AUTO_INCREMENT) `menu`
--
ALTER TABLE `menu`
  MODIFY `id` int(10) UNSIGNED NOT NULL AUTO_INCREMENT, AUTO_INCREMENT=6;

--
-- 使用資料表自動遞增(AUTO_INCREMENT) `mvim`
--
ALTER TABLE `mvim`
  MODIFY `id` int(10) UNSIGNED NOT NULL AUTO_INCREMENT, AUTO_INCREMENT=6;

--
-- 使用資料表自動遞增(AUTO_INCREMENT) `news`
--
ALTER TABLE `news`
  MODIFY `id` int(10) UNSIGNED NOT NULL AUTO_INCREMENT, AUTO_INCREMENT=6;

--
-- 使用資料表自動遞增(AUTO_INCREMENT) `title`
--
ALTER TABLE `title`
  MODIFY `id` int(10) UNSIGNED NOT NULL AUTO_INCREMENT, AUTO_INCREMENT=12;

--
-- 使用資料表自動遞增(AUTO_INCREMENT) `total`
--
ALTER TABLE `total`
  MODIFY `id` int(10) UNSIGNED NOT NULL AUTO_INCREMENT, AUTO_INCREMENT=2;
--
-- 資料庫： `db25`
--
CREATE DATABASE IF NOT EXISTS `db25` DEFAULT CHARACTER SET utf8mb4 COLLATE utf8mb4_unicode_ci;
USE `db25`;

-- --------------------------------------------------------

--
-- 資料表結構 `movies`
--

CREATE TABLE `movies` (
  `id` int(10) UNSIGNED NOT NULL,
  `name` text NOT NULL,
  `level` int(1) UNSIGNED NOT NULL,
  `length` int(10) UNSIGNED NOT NULL,
  `ondate` date NOT NULL,
  `publish` text NOT NULL,
  `director` text NOT NULL,
  `trailer` text NOT NULL,
  `poster` text NOT NULL,
  `intro` text NOT NULL,
  `sh` int(1) UNSIGNED NOT NULL,
  `rank` int(10) UNSIGNED NOT NULL
) ENGINE=InnoDB DEFAULT CHARSET=utf8mb4 COLLATE=utf8mb4_unicode_ci;

--
-- 傾印資料表的資料 `movies`
--

INSERT INTO `movies` (`id`, `name`, `level`, `length`, `ondate`, `publish`, `director`, `trailer`, `poster`, `intro`, `sh`, `rank`) VALUES
(2, '失速禁區', 3, 120, '2026-07-06', '院線片01發行商', '院線片01導演', '03B01v.mp4', '03B01.png', '院線片01劇情院線片01劇情院線片01劇情院線片01劇情院線片01劇情院線片01劇情院線片01劇情院線片01劇情院線片01劇情院線片01劇情院線片01劇情院線片01劇情', 0, 3),
(4, '小小兵-大集合', 4, 110, '2026-07-05', '院線片03發行商', '院線片03導演', '03B21v.mp4', '03B08.png', '院線片03劇情院線片03劇情院線片03劇情院線片03劇情院線片03劇情院線片03劇情院線片03劇情院線片03劇情院線片03劇情院線片03劇情院線片03劇情院線片03劇情', 1, 1),
(5, '院線片04', 2, 110, '2026-07-07', '院線片03發行商', '院線片03導演', '03B04v.mp4', '03B04.png', '院線片04劇情院線片04劇情院線片04劇情院線片04劇情院線片04劇情院線片04劇情院線片04劇情院線片04劇情院線片04劇情院線片04劇情', 1, 4),
(6, '院線片05', 3, 90, '2026-07-07', '院線片03發行商', '院線片03導演', '03B05v.mp4', '03B05.png', '院線片05劇情院線片05劇情院線片05劇情院線片05劇情院線片05劇情院線片05劇情院線片05劇情院線片05劇情院線片05劇情院線片05劇情', 1, 5),
(7, '院線片06', 2, 130, '2026-07-06', '院線片03發行商', '院線片03導演', '03B06v.mp4', '03B06.png', '院線片06劇情院線片06劇情院線片06劇情院線片06劇情院線片06劇情院線片06劇情院線片06劇情院線片06劇情院線片06劇情院線片06劇情', 1, 6),
(8, '院線片07', 3, 110, '2026-07-06', '院線片03發行商', '院線片03導演', '03B07v.mp4', '03B07.png', '院線片07劇情院線片07劇情院線片07劇情院線片07劇情院線片07劇情院線片07劇情院線片07劇情院線片07劇情院線片07劇情院線片07劇情', 1, 7),
(9, '院線片08', 2, 110, '2026-07-05', '院線片03發行商', '院線片03導演', '03B08v.mp4', '03B08.png', '院線片08劇情院線片08劇情院線片08劇情院線片08劇情院線片08劇情院線片08劇情院線片08劇情院線片08劇情院線片08劇情院線片08劇情', 1, 8),
(10, '院線片09', 2, 110, '2026-07-07', '院線片03發行商', '院線片03導演', '03B09v.mp4', '03B09.png', '院線片09劇情院線片09劇情院線片09劇情院線片09劇情院線片09劇情院線片09劇情院線片09劇情院線片09劇情院線片09劇情院線片09劇情', 1, 9),
(11, '院線片10', 2, 110, '2026-07-05', '院線片03發行商', '院線片03導演', '03B10v.mp4', '03B10.png', '院線片10劇情院線片10劇情院線片10劇情院線片10劇情院線片10劇情院線片10劇情院線片10劇情院線片10劇情院線片10劇情院線片10劇情', 1, 10),
(12, '人夫總動員', 2, 110, '2026-07-05', '院線片03發行商', '院線片03導演', '03B11v.mp4', '03B11.png', '院線片10劇情院線片10劇情院線片10劇情院線片10劇情院線片10劇情院線片10劇情院線片10劇情院線片10劇情院線片10劇情院線片10劇情', 0, 11),
(13, '院線片12', 2, 110, '2026-07-06', '院線片03發行商', '院線片03導演', '03B12v.mp4', '03B12.png', '院線片12劇情院線片12劇情院線片12劇情院線片12劇情院線片12劇情院線片12劇情院線片12劇情院線片12劇情院線片12劇情院線片12劇情', 0, 12),
(14, '院線片13', 2, 110, '2026-07-05', '院線片03發行商', '院線片03導演', '03B13v.mp4', '03B13.png', '院線片13劇情院線片13劇情院線片13劇情院線片13劇情院線片13劇情院線片13劇情院線片13劇情院線片13劇情院線片13劇情院線片13劇情', 0, 13);

-- --------------------------------------------------------

--
-- 資料表結構 `orders`
--

CREATE TABLE `orders` (
  `id` int(10) UNSIGNED NOT NULL,
  `no` text NOT NULL,
  `movie` text NOT NULL,
  `day` date NOT NULL,
  `session` text NOT NULL,
  `qt` int(10) UNSIGNED NOT NULL,
  `seats` text NOT NULL
) ENGINE=InnoDB DEFAULT CHARSET=utf8mb4 COLLATE=utf8mb4_unicode_ci;

--
-- 傾印資料表的資料 `orders`
--

INSERT INTO `orders` (`id`, `no`, `movie`, `day`, `session`, `qt`, `seats`) VALUES
(3, '202607060003', '院線片03', '2026-07-07', '20:00~22:00', 1, 'a:1:{i:0;i:2;}'),
(12, '202607070002', '院線片02', '2026-07-06', '22:00~24:00', 4, 'a:4:{i:0;i:13;i:1;i:10;i:2;i:12;i:3;i:15;}'),
(15, '202607070005', '院線片02', '2026-07-06', '14:00~16:00', 2, 'a:2:{i:0;i:0;i:1;i:8;}'),
(16, '202607070006', '院線片02', '2026-07-06', '14:00~16:00', 3, 'a:3:{i:0;i:7;i:1;i:11;i:2;i:10;}'),
(17, '202607070007', '院線片02', '2026-07-07', '16:00~18:00', 1, 'a:1:{i:0;i:6;}'),
(18, '202607070008', '院線片03', '2026-07-06', '20:00~22:00', 3, 'a:3:{i:0;i:6;i:1;i:6;i:2;i:10;}'),
(20, '202607070010', '院線片02', '2026-07-07', '22:00~24:00', 3, 'a:3:{i:0;i:1;i:1;i:16;i:2;i:16;}');

-- --------------------------------------------------------

--
-- 資料表結構 `posters`
--

CREATE TABLE `posters` (
  `id` int(10) UNSIGNED NOT NULL,
  `name` text NOT NULL,
  `sh` int(1) UNSIGNED NOT NULL,
  `rank` int(10) UNSIGNED NOT NULL,
  `ani` int(1) NOT NULL,
  `img` text NOT NULL
) ENGINE=InnoDB DEFAULT CHARSET=utf8mb4 COLLATE=utf8mb4_unicode_ci;

--
-- 傾印資料表的資料 `posters`
--

INSERT INTO `posters` (`id`, `name`, `sh`, `rank`, `ani`, `img`) VALUES
(1, '鐵拳教育', 1, 3, 1, '03A01.jpg'),
(2, '金部長:本色回歸', 0, 2, 1, '03A02.jpg'),
(3, '欠你的那場婚禮', 1, 4, 1, '03A03.jpg'),
(4, '預告片4', 0, 1, 1, '03A04.jpg'),
(5, '預告片5', 1, 6, 1, '03A05.jpg');

--
-- 已傾印資料表的索引
--

--
-- 資料表索引 `movies`
--
ALTER TABLE `movies`
  ADD PRIMARY KEY (`id`);

--
-- 資料表索引 `orders`
--
ALTER TABLE `orders`
  ADD PRIMARY KEY (`id`);

--
-- 資料表索引 `posters`
--
ALTER TABLE `posters`
  ADD PRIMARY KEY (`id`);

--
-- 在傾印的資料表使用自動遞增(AUTO_INCREMENT)
--

--
-- 使用資料表自動遞增(AUTO_INCREMENT) `movies`
--
ALTER TABLE `movies`
  MODIFY `id` int(10) UNSIGNED NOT NULL AUTO_INCREMENT, AUTO_INCREMENT=15;

--
-- 使用資料表自動遞增(AUTO_INCREMENT) `orders`
--
ALTER TABLE `orders`
  MODIFY `id` int(10) UNSIGNED NOT NULL AUTO_INCREMENT, AUTO_INCREMENT=21;

--
-- 使用資料表自動遞增(AUTO_INCREMENT) `posters`
--
ALTER TABLE `posters`
  MODIFY `id` int(10) UNSIGNED NOT NULL AUTO_INCREMENT, AUTO_INCREMENT=7;
--
-- 資料庫： `lee`
--
CREATE DATABASE IF NOT EXISTS `lee` DEFAULT CHARACTER SET utf8mb4 COLLATE utf8mb4_unicode_ci;
USE `lee`;

-- --------------------------------------------------------

--
-- 資料表結構 `account`
--

CREATE TABLE `account` (
  `id` int(11) NOT NULL COMMENT '流水號',
  `new_member` varchar(50) DEFAULT NULL COMMENT '現在會員號',
  `old_member` varchar(50) NOT NULL COMMENT '前會員號',
  `name` varchar(50) NOT NULL COMMENT '姓名',
  `gender` varchar(10) NOT NULL COMMENT '性別',
  `email` varchar(255) NOT NULL COMMENT '電子信箱',
  `password` varchar(255) NOT NULL COMMENT '密碼',
  `role` enum('admin','user','clan') DEFAULT 'user' COMMENT '權限(管理者/派下員/宗親)',
  `join_date` timestamp NOT NULL DEFAULT current_timestamp() COMMENT '註冊日期',
  `status` varchar(20) DEFAULT '1' COMMENT '帳號停用或使用中(1:使用中, 0:停用)',
  `discontinued_date` date DEFAULT NULL COMMENT '停用日期',
  `remarks` varchar(255) DEFAULT NULL COMMENT '備註',
  `menu_id` varchar(10) NOT NULL COMMENT '選單項目 ID：對應網頁中 clanMenuData 陣列的 id（例如：3 代表 1-1、7.1 代表 2-3 json 選單）。',
  `created_at` datetime NOT NULL DEFAULT current_timestamp() COMMENT '權限建立時間',
  `updated_at` datetime DEFAULT NULL COMMENT '權限更新時間'
) ENGINE=InnoDB DEFAULT CHARSET=utf8mb4 COLLATE=utf8mb4_unicode_ci COMMENT='帳號資料表';

--
-- 傾印資料表的資料 `account`
--

INSERT INTO `account` (`id`, `new_member`, `old_member`, `name`, `gender`, `email`, `password`, `role`, `join_date`, `status`, `discontinued_date`, `remarks`, `menu_id`, `created_at`, `updated_at`) VALUES
(1, '1', 'OLD001', '李明輝', '男', 'user1@gmail.com', '$2y$10$j6dxP3mDJVDEQ13vXKRXn.32M.1kUTgaTqnM3HwgJhAaOStt0rDkS', 'admin', '2026-04-12 02:23:14', '1', NULL, '常參與春季祭祖', '', '2026-06-08 18:28:50', NULL),
(2, '2', 'OLD002', '李美麗', '女', 'may@gmail.com', '$2y$10$j6dxP3mDJVDEQ13vXKRXn.32M.1kUTgaTqnM3HwgJhAaOStt0rDkS', 'admin', '2026-11-05 06:15:22', '1', NULL, '民國112年除籍，家屬已辦理過戶', '', '2026-06-08 18:28:50', NULL),
(3, '3', 'OLD003', '李大山', '男', 'user3@gmail.com', '$2y$10$j6dxP3mDJVDEQ13vXKRXn.32M.1kUTgaTqnM3HwgJhAaOStt0rDkS', 'admin', '2027-02-18 01:45:11', '1', NULL, '目前失聯中，書面信件遭退件', '', '2026-06-08 18:28:50', NULL),
(4, '4', 'OLD004', '李志強', '男', 'user4@gmail.com', '$2y$10$j6dxP3mDJVDEQ13vXKRXn.32M.1kUTgaTqnM3HwgJhAaOStt0rDkS', 'user', '2026-08-22 08:30:00', '1', NULL, '現任地方宗親會理事', '', '2026-06-08 18:28:50', NULL),
(5, '5', 'OLD005', '李秋香', '女', 'user5@gmail.com', '$2y$10$j6dxP3mDJVDEQ13vXKRXn.32M.1kUTgaTqnM3HwgJhAaOStt0rDkS', 'admin', '2026-05-19 03:12:45', '1', NULL, '聯絡電話有更新', '', '2026-06-08 18:28:50', NULL),
(6, '6', 'OLD006', '李文雄', '男', 'user6@gmail.com', '$2y$10$j6dxP3mDJVDEQ13vXKRXn.32M.1kUTgaTqnM3HwgJhAaOStt0rDkS', 'admin', '2027-06-01 00:20:33', '1', NULL, '派下權已由長子繼承', '', '2026-06-08 18:28:50', NULL),
(7, '7', 'OLD007', '李美玲', '女', 'user7@gmail.com', '$2y$10$j6dxP3mDJVDEQ13vXKRXn.32M.1kUTgaTqnM3HwgJhAaOStt0rDkS', 'admin', '2026-03-14 07:25:19', '0', '2026-10-22', '出境國外未歸，狀態待確認', '', '2026-06-08 18:28:50', NULL),
(8, '8', 'OLD008', '李建國', '男', 'user8@gmail.com', '$2y$10$j6dxP3mDJVDEQ13vXKRXn.32M.1kUTgaTqnM3HwgJhAaOStt0rDkS', 'admin', '2026-07-07 04:00:54', '1', NULL, '每年固定出席大會', '', '2026-06-08 18:28:50', NULL),
(9, '9', 'OLD009', '李淑珍', '女', 'user9@gmail.com', '$2y$10$j6dxP3mDJVDEQ13vXKRXn.32M.1kUTgaTqnM3HwgJhAaOStt0rDkS', 'admin', '2027-01-30 09:41:02', '1', NULL, '無', '', '2026-06-08 18:28:50', NULL),
(10, '10', 'OLD010', '李志明', '男', 'user10@gmail.com', '$2y$10$j6dxP3mDJVDEQ13vXKRXn.32M.1kUTgaTqnM3HwgJhAaOStt0rDkS', 'admin', '2026-09-11 05:14:15', '1', NULL, '除籍資料已備查', '', '2026-06-08 18:28:50', NULL),
(11, '11', 'OLD011', '李秀英', '女', 'user11@gmail.com', '$2y$10$j6dxP3mDJVDEQ13vXKRXn.32M.1kUTgaTqnM3HwgJhAaOStt0rDkS', 'user', '2026-02-28 02:05:33', '0', '2027-01-15', '需補件親屬關係證明', '', '2026-06-08 18:28:50', NULL),
(12, '12', 'OLD012', '李建華', '男', 'user12@gmail.com', '$2y$10$j6dxP3mDJVDEQ13vXKRXn.32M.1kUTgaTqnM3HwgJhAaOStt0rDkS', 'user', '2026-12-25 06:55:00', '1', NULL, '無', '', '2026-06-08 18:28:50', NULL),
(13, '13', 'OLD013', '李家豪', '男', 'user13@gmail.com', '$2y$10$j6dxP3mDJVDEQ13vXKRXn.32M.1kUTgaTqnM3HwgJhAaOStt0rDkS', 'user', '2027-03-15 03:24:41', '1', NULL, '戶籍有變動，尚在查證中', '', '2026-06-08 18:28:50', NULL),
(14, '14', 'OLD014', '李美麗', '女', 'user14@gmail.com', '$2y$10$j6dxP3mDJVDEQ13vXKRXn.32M.1kUTgaTqnM3HwgJhAaOStt0rDkS', 'user', '2026-06-18 08:18:18', '0', '2026-11-30', '主要通訊聯絡人', '', '2026-06-08 18:28:50', NULL),
(15, '15', 'OLD015', '李文傑', '男', 'user15@gmail.com', '$2y$10$j6dxP3mDJVDEQ13vXKRXn.32M.1kUTgaTqnM3HwgJhAaOStt0rDkS', 'user', '2026-10-10 01:09:09', '1', NULL, '生前已聲明拋棄衍生權利', '', '2026-06-08 18:28:50', NULL),
(16, '16', 'OLD016', '李佩芬', '女', 'user16@gmail.com', '$2y$10$j6dxP3mDJVDEQ13vXKRXn.32M.1kUTgaTqnM3HwgJhAaOStt0rDkS', 'user', '2027-05-04 07:40:22', '1', NULL, '無', '', '2026-06-08 18:28:50', NULL),
(17, '17', 'OLD017', '李建智', '男', 'user17@gmail.com', '$2y$10$j6dxP3mDJVDEQ13vXKRXn.32M.1kUTgaTqnM3HwgJhAaOStt0rDkS', 'user', '2026-01-15 05:50:55', '0', '2026-08-14', '無', '', '2026-06-08 18:28:50', NULL),
(18, '18', 'OLD018', '李淑惠', '女', 'user18@gmail.com', '$2y$10$j6dxP3mDJVDEQ13vXKRXn.32M.1kUTgaTqnM3HwgJhAaOStt0rDkS', 'user', '2026-07-29 09:33:12', '1', NULL, '民國114年歿', '', '2026-06-08 18:28:50', NULL),
(19, '19', 'OLD019', '李志遠', '男', 'user19@gmail.com', '$2y$10$j6dxP3mDJVDEQ13vXKRXn.32M.1kUTgaTqnM3HwgJhAaOStt0rDkS', 'user', '2027-08-12 03:11:11', '1', NULL, '無', '', '2026-06-08 18:28:50', NULL),
(20, '20', 'OLD020', '李家銘', '男', 'user20@gmail.com', '$2y$10$j6dxP3mDJVDEQ13vXKRXn.32M.1kUTgaTqnM3HwgJhAaOStt0rDkS', 'user', '2026-11-11 02:22:44', '1', NULL, '青年代表成員', '', '2026-06-08 18:28:50', NULL),
(21, '21', 'OLD021', '李麗君', '女', 'user21@gmail.com', '$2y$10$j6dxP3mDJVDEQ13vXKRXn.32M.1kUTgaTqnM3HwgJhAaOStt0rDkS', 'user', '2026-04-05 06:50:23', '0', '2027-03-09', '目前地址查無此人', '', '2026-06-08 18:28:50', NULL),
(22, '22', 'OLD022', '李志誠', '男', 'user22@gmail.com', '$2y$10$j6dxP3mDJVDEQ13vXKRXn.32M.1kUTgaTqnM3HwgJhAaOStt0rDkS', 'user', '2027-02-22 08:06:07', '1', NULL, '無', '', '2026-06-08 18:28:50', NULL),
(23, '23', 'OLD023', '李秀蘭', '女', 'user23@gmail.com', '$2y$10$j6dxP3mDJVDEQ13vXKRXn.32M.1kUTgaTqnM3HwgJhAaOStt0rDkS', 'user', '2026-09-09 00:45:30', '1', NULL, '已故資深會員', '', '2026-06-08 18:28:50', NULL),
(24, '24', 'OLD024', '李建勳', '男', 'user24@gmail.com', '$2y$10$j6dxP3mDJVDEQ13vXKRXn.32M.1kUTgaTqnM3HwgJhAaOStt0rDkS', 'user', '2026-12-14 04:12:12', '1', NULL, '無', '', '2026-06-08 18:28:50', NULL),
(25, '25', 'OLD025', '李美華', '女', 'user25@gmail.com', '$2y$10$j6dxP3mDJVDEQ13vXKRXn.32M.1kUTgaTqnM3HwgJhAaOStt0rDkS', 'user', '2027-07-07 07:15:15', '1', NULL, '無', '', '2026-06-08 18:28:50', NULL),
(26, '26', 'OLD026', '李志明', '男', 'user26@gmail.com', '$2y$10$j6dxP3mDJVDEQ13vXKRXn.32M.1kUTgaTqnM3HwgJhAaOStt0rDkS', 'user', '2026-05-25 02:33:21', '1', NULL, '後代已移居海外未辦繼承', '', '2026-06-08 18:28:50', NULL),
(27, '27', 'OLD027', '李英傑', '男', 'user27@gmail.com', '$2y$10$j6dxP3mDJVDEQ13vXKRXn.32M.1kUTgaTqnM3HwgJhAaOStt0rDkS', 'user', '2026-02-10 06:14:14', '0', '2026-12-01', '無', '', '2026-06-08 18:28:50', NULL),
(28, '28', 'OLD028', '李淑芬', '女', 'user28@gmail.com', '$2y$10$j6dxP3mDJVDEQ13vXKRXn.32M.1kUTgaTqnM3HwgJhAaOStt0rDkS', 'user', '2027-04-19 03:40:50', '1', NULL, '無', '', '2026-06-08 18:28:50', NULL),
(29, '29', 'OLD029', '李大同', '男', 'user29@gmail.com', '$2y$10$j6dxP3mDJVDEQ13vXKRXn.32M.1kUTgaTqnM3HwgJhAaOStt0rDkS', 'user', '2026-10-31 08:55:03', '1', NULL, '失蹤多年，待法院宣告', '', '2026-06-08 18:28:50', NULL),
(30, '30', 'OLD030', '李麗婷', '女', 'user30@gmail.com', '$2y$10$j6dxP3mDJVDEQ13vXKRXn.32M.1kUTgaTqnM3HwgJhAaOStt0rDkS', 'user', '2026-08-08 01:22:11', '1', NULL, '青年代表成員', '', '2026-06-08 18:28:50', NULL),
(31, '31', 'OLD031', '李志明', '男', 'user31@gmail.com', '$2y$10$j6dxP3mDJVDEQ13vXKRXn.32M.1kUTgaTqnM3HwgJhAaOStt0rDkS', 'user', '2027-01-01 05:00:00', '1', NULL, '近期更換手機號碼', '', '2026-06-08 18:28:50', NULL),
(32, '32', 'OLD032', '李阿鑾', '女', 'user32@gmail.com', '$2y$10$j6dxP3mDJVDEQ13vXKRXn.32M.1kUTgaTqnM3HwgJhAaOStt0rDkS', 'user', '2026-03-23 07:15:42', '1', NULL, '派下權由其次子辦理繼承中', '', '2026-06-08 18:28:50', NULL),
(33, '33', 'OLD033', '李建宏', '男', 'user33@gmail.com', '$2y$10$j6dxP3mDJVDEQ13vXKRXn.32M.1kUTgaTqnM3HwgJhAaOStt0rDkS', 'user', '2026-07-14 03:10:09', '0', '2027-05-20', '大會重要幹部', '', '2026-06-08 18:28:50', NULL),
(34, '34', 'OLD034', '李美玲', '女', 'user34@gmail.com', '$2y$10$j6dxP3mDJVDEQ13vXKRXn.32M.1kUTgaTqnM3HwgJhAaOStt0rDkS', 'user', '2026-11-20 09:45:31', '1', NULL, '通知信件查無此人', '', '2026-06-08 18:28:50', NULL),
(35, '35', 'OLD035', '李國華', '男', 'user35@gmail.com', '$2y$10$j6dxP3mDJVDEQ13vXKRXn.32M.1kUTgaTqnM3HwgJhAaOStt0rDkS', 'user', '2027-09-05 06:20:18', '1', NULL, '無', '', '2026-06-08 18:28:50', NULL),
(36, '36', 'OLD036', '李金木', '男', 'user36@gmail.com', '$2y$10$j6dxP3mDJVDEQ13vXKRXn.32M.1kUTgaTqnM3HwgJhAaOStt0rDkS', 'user', '2026-06-30 02:05:59', '1', NULL, '民國113年歿，無直系血親繼承', '', '2026-06-08 18:28:50', NULL),
(37, '37', 'OLD037', '李淑芬', '女', 'user37@gmail.com', '$2y$10$j6dxP3mDJVDEQ13vXKRXn.32M.1kUTgaTqnM3HwgJhAaOStt0rDkS', 'user', '2026-02-15 00:30:22', '1', NULL, '無', '', '2026-06-08 18:28:50', NULL),
(38, '38', 'OLD038', '李志豪', '男', 'user38@gmail.com', '$2y$10$j6dxP3mDJVDEQ13vXKRXn.32M.1kUTgaTqnM3HwgJhAaOStt0rDkS', 'user', '2026-05-01 08:40:00', '0', '2026-11-15', '定期繳納宗親會費', '', '2026-06-08 18:28:50', NULL),
(39, '39', 'OLD039', '李寶珠', '女', 'user39@gmail.com', '$2y$10$j6dxP3mDJVDEQ13vXKRXn.32M.1kUTgaTqnM3HwgJhAaOStt0rDkS', 'user', '2027-03-28 04:15:37', '1', NULL, '已除籍，證明文件備查', '', '2026-06-08 18:28:50', NULL),
(40, '40', 'OLD040', '李水源', '男', 'user40@gmail.com', '$2y$10$j6dxP3mDJVDEQ13vXKRXn.32M.1kUTgaTqnM3HwgJhAaOStt0rDkS', 'user', '2026-12-12 05:14:15', '1', NULL, '無', '', '2026-06-08 18:28:50', NULL),
(41, '41', 'OLD041', '李家豪', '男', 'user41@gmail.com', '$2y$10$j6dxP3mDJVDEQ13vXKRXn.32M.1kUTgaTqnM3HwgJhAaOStt0rDkS', 'user', '2026-09-18 07:22:41', '1', NULL, '出國工作，家屬代為聯絡', '', '2026-06-08 18:28:50', NULL),
(42, '42', 'OLD042', '李佩君', '女', 'user42@gmail.com', '$2y$10$j6dxP3mDJVDEQ13vXKRXn.32M.1kUTgaTqnM3HwgJhAaOStt0rDkS', 'user', '2027-06-15 03:11:50', '1', NULL, '青年委員會代表', '', '2026-06-08 18:28:50', NULL),
(43, '43', 'OLD043', '李俊傑', '男', 'user43@gmail.com', '$2y$10$j6dxP3mDJVDEQ13vXKRXn.32M.1kUTgaTqnM3HwgJhAaOStt0rDkS', 'user', '2026-04-20 02:02:03', '1', NULL, '無', '', '2026-06-08 18:28:50', NULL),
(44, '44', 'OLD044', '李火旺', '男', 'user44@gmail.com', '$2y$10$j6dxP3mDJVDEQ13vXKRXn.32M.1kUTgaTqnM3HwgJhAaOStt0rDkS', 'user', '2026-01-08 06:35:12', '1', NULL, '民國111年壽終正寢', '', '2026-06-08 18:28:50', NULL),
(45, '45', 'OLD045', '李雅婷', '女', 'user45@gmail.com', '$2y$10$j6dxP3mDJVDEQ13vXKRXn.32M.1kUTgaTqnM3HwgJhAaOStt0rDkS', 'user', '2027-02-14 08:50:22', '1', NULL, '通訊地址有變更', '', '2026-06-08 18:28:50', NULL),
(46, '46', 'OLD046', '李文德', '男', 'user46@gmail.com', '$2y$10$j6dxP3mDJVDEQ13vXKRXn.32M.1kUTgaTqnM3HwgJhAaOStt0rDkS', 'user', '2026-08-30 01:18:27', '1', NULL, '無', '', '2026-06-08 18:28:50', NULL),
(47, '47', 'OLD047', '李美華', '女', 'user47@gmail.com', '$2y$10$j6dxP3mDJVDEQ13vXKRXn.32M.1kUTgaTqnM3HwgJhAaOStt0rDkS', 'user', '2026-10-05 05:40:55', '1', NULL, '失聯會員，正由鄰里長協助尋找', '', '2026-06-08 18:28:50', NULL),
(48, '48', 'OLD048', '李志強', '男', 'user48@gmail.com', '$2y$10$j6dxP3mDJVDEQ13vXKRXn.32M.1kUTgaTqnM3HwgJhAaOStt0rDkS', 'user', '2027-05-20 09:12:04', '1', NULL, '無', '', '2026-06-08 18:28:50', NULL),
(49, '49', 'OLD049', '李春枝', '女', 'user49@gmail.com', '$2y$10$j6dxP3mDJVDEQ13vXKRXn.32M.1kUTgaTqnM3HwgJhAaOStt0rDkS', 'clan', '2026-03-03 03:25:36', '1', NULL, '已故資深會員', '', '2026-06-08 18:28:50', NULL),
(50, '50', 'OLD050', '李家明', '男', 'user50@gmail.com', '$2y$10$j6dxP3mDJVDEQ13vXKRXn.32M.1kUTgaTqnM3HwgJhAaOStt0rDkS', 'clan', '2026-07-22 07:55:40', '1', NULL, '無', '', '2026-06-08 18:28:50', NULL),
(51, '51', 'OLD051', '李雅如', '女', 'user51@gmail.com', '$2y$10$j6dxP3mDJVDEQ13vXKRXn.32M.1kUTgaTqnM3HwgJhAaOStt0rDkS', 'clan', '2027-01-19 06:14:12', '1', NULL, '無', '', '2026-06-08 18:28:50', NULL),
(52, '52', 'OLD052', '李天送', '男', 'user52@gmail.com', '$2y$10$j6dxP3mDJVDEQ13vXKRXn.32M.1kUTgaTqnM3HwgJhAaOStt0rDkS', 'clan', '2026-11-30 02:20:30', '1', NULL, '已由代書辦理繼承登錄', '', '2026-06-08 18:28:50', NULL),
(53, '53', 'OLD053', '李建宏', '男', 'user53@gmail.com', '$2y$10$j6dxP3mDJVDEQ13vXKRXn.32M.1kUTgaTqnM3HwgJhAaOStt0rDkS', 'clan', '2026-05-14 00:44:19', '1', NULL, '戶籍地查無此人', '', '2026-06-08 18:28:50', NULL),
(54, '54', 'OLD054', '李秀英', '女', 'user54@gmail.com', '$2y$10$j6dxP3mDJVDEQ13vXKRXn.32M.1kUTgaTqnM3HwgJhAaOStt0rDkS', 'clan', '2027-04-01 08:33:05', '1', NULL, '無', '', '2026-06-08 18:28:50', NULL),
(55, '55', 'OLD055', '李志遠', '男', 'user55@gmail.com', '$2y$10$j6dxP3mDJVDEQ13vXKRXn.32M.1kUTgaTqnM3HwgJhAaOStt0rDkS', 'clan', '2026-02-27 04:12:58', '1', NULL, '無', '', '2026-06-08 18:28:50', NULL),
(56, '56', 'OLD056', '李阿土', '男', 'user56@gmail.com', '$2y$10$j6dxP3mDJVDEQ13vXKRXn.32M.1kUTgaTqnM3HwgJhAaOStt0rDkS', 'clan', '2026-09-25 07:00:44', '1', NULL, '民國110年過世', '', '2026-06-08 18:28:50', NULL),
(57, '57', 'OLD057', '李美玲', '女', 'user57@gmail.com', '$2y$10$j6dxP3mDJVDEQ13vXKRXn.32M.1kUTgaTqnM3HwgJhAaOStt0rDkS', 'clan', '2027-08-08 03:22:33', '1', NULL, '無', '', '2026-06-08 18:28:50', NULL),
(58, '58', 'OLD058', '李冠宇', '男', 'user58@gmail.com', '$2y$10$j6dxP3mDJVDEQ13vXKRXn.32M.1kUTgaTqnM3HwgJhAaOStt0rDkS', 'clan', '2026-06-11 05:50:21', '1', NULL, '無', '', '2026-06-08 18:28:50', NULL),
(59, '59', 'OLD059', '李淑惠', '女', 'user59@gmail.com', '$2y$10$j6dxP3mDJVDEQ13vXKRXn.32M.1kUTgaTqnM3HwgJhAaOStt0rDkS', 'clan', '2026-12-05 02:05:14', '1', NULL, '通訊處更動未申報', '', '2026-06-08 18:28:50', NULL),
(60, '60', 'OLD060', '李大同', '男', 'user60@gmail.com', '$2y$10$j6dxP3mDJVDEQ13vXKRXn.32M.1kUTgaTqnM3HwgJhAaOStt0rDkS', 'clan', '2027-03-03 08:41:00', '1', NULL, '每年固定委託代表出席', '', '2026-06-08 18:28:50', NULL),
(61, NULL, '', '李', '', 'may2@gmail.com', '$2y$10$j6dxP3mDJVDEQ13vXKRXn.32M.1kUTgaTqnM3HwgJhAaOStt0rDkS', 'user', '2026-06-02 14:19:40', '1', NULL, NULL, '', '2026-06-08 18:28:50', NULL),
(62, '62', '', '李梅蘭', '女', 's63@gmail.com', '$2y$10$j6dxP3mDJVDEQ13vXKRXn.32M.1kUTgaTqnM3HwgJhAaOStt0rDkS', 'admin', '2026-06-02 08:40:52', '1', '2026-06-02', '驗證碼5866', '', '2026-06-08 18:28:50', NULL),
(63, '63', '', '李以柔', '女', 'angel@gmail.com', '$2y$10$swpEzPKprZwJEMfYyTN0Yu0L/ZqgXmkxOiDHuUas8lMF1MxgMOwua', 'admin', '2026-06-02 13:40:45', '1', '0000-00-00', '管理者', '', '2026-06-08 18:28:50', NULL),
(64, '64', '', '李雪梅', '女', 'angel2@gmail.com', '$2y$10$Tc67v8AWFqFR2.KWlusINeKs.9soNVEi7EVus1V6euN0bt5HaDs66', 'user', '2026-06-02 13:47:21', '1', '0000-00-00', '', '', '2026-06-08 18:28:50', NULL);

-- --------------------------------------------------------

--
-- 資料表結構 `family`
--

CREATE TABLE `family` (
  `id` int(11) NOT NULL COMMENT '流水號',
  `new_member` varchar(50) DEFAULT NULL COMMENT '現在會員號',
  `name` varchar(50) NOT NULL COMMENT '姓名',
  `gender` varchar(10) DEFAULT NULL COMMENT '性別',
  `father` varchar(50) DEFAULT NULL COMMENT '父',
  `mother` varchar(50) DEFAULT NULL COMMENT '母',
  `adoptiveFather` varchar(50) DEFAULT NULL COMMENT '養父',
  `fosterMother` varchar(50) DEFAULT NULL COMMENT '養母',
  `spouse` varchar(50) DEFAULT NULL COMMENT '配偶',
  `brothers` text DEFAULT NULL COMMENT '手足-兄/弟',
  `sisters` text DEFAULT NULL COMMENT '手足-姊/妹',
  `FamilySituation` text DEFAULT NULL COMMENT '家庭情況說明',
  `son1` text DEFAULT NULL COMMENT '長子(複數/長文字)',
  `son2` text DEFAULT NULL COMMENT '次子(複數/長文字)',
  `son3` text DEFAULT NULL COMMENT '三子(複數/長文字)',
  `son4` text DEFAULT NULL COMMENT '四子(複數/長文字)',
  `son5` text DEFAULT NULL COMMENT '五子(複數/長文字)',
  `son6` text DEFAULT NULL COMMENT '六子(複數/長文字)',
  `son7` text DEFAULT NULL COMMENT '七子(複數/長文字)',
  `son8` text DEFAULT NULL COMMENT '八子(複數/長文字)',
  `son9` text DEFAULT NULL COMMENT '九子(複數/長文字)',
  `daughter1` text DEFAULT NULL COMMENT '長女(複數/長文字)',
  `daughter2` text DEFAULT NULL COMMENT '次女(複數/長文字)',
  `daughter3` text DEFAULT NULL COMMENT '三女(複數/長文字)',
  `daughter4` text DEFAULT NULL COMMENT '四女(複數/長文字)',
  `daughter5` text DEFAULT NULL COMMENT '五女(複數/長文字)',
  `daughter6` text DEFAULT NULL COMMENT '六女(複數/長文字)',
  `daughter7` text DEFAULT NULL COMMENT '七女(複數/長文字)',
  `daughter8` text DEFAULT NULL COMMENT '八女(複數/長文字)',
  `daughter9` text DEFAULT NULL COMMENT '九女(複數/長文字)',
  `remarks` text DEFAULT NULL COMMENT '備註'
) ENGINE=InnoDB DEFAULT CHARSET=utf8mb4 COLLATE=utf8mb4_unicode_ci;

--
-- 傾印資料表的資料 `family`
--

INSERT INTO `family` (`id`, `new_member`, `name`, `gender`, `father`, `mother`, `adoptiveFather`, `fosterMother`, `spouse`, `brothers`, `sisters`, `FamilySituation`, `son1`, `son2`, `son3`, `son4`, `son5`, `son6`, `son7`, `son8`, `son9`, `daughter1`, `daughter2`, `daughter3`, `daughter4`, `daughter5`, `daughter6`, `daughter7`, `daughter8`, `daughter9`, `remarks`) VALUES
(1, '1', '李明輝', '男', '李大同', '陳小華', NULL, NULL, '王美玲', '李明強', '李秀英', '育有一子一女', '李小明', NULL, NULL, NULL, NULL, NULL, NULL, NULL, NULL, '李美美', NULL, NULL, NULL, NULL, NULL, NULL, NULL, NULL, '常參與春季祭祖'),
(2, '2', '李美麗', '女', '李美麗', '林春枝', NULL, NULL, '陳建宏', NULL, '張美華', '小家庭結構', NULL, NULL, NULL, NULL, NULL, NULL, NULL, NULL, NULL, '陳小妞', NULL, NULL, NULL, NULL, NULL, NULL, NULL, NULL, '電話有更新'),
(3, '3', '李大山', '男', '李大山', '謝秋月', '劉大木', '曾小草', NULL, '王二山', NULL, '收養關係，與父母同住', '王小山', NULL, NULL, NULL, NULL, NULL, NULL, NULL, NULL, NULL, NULL, NULL, NULL, NULL, NULL, NULL, NULL, NULL, '因收養加入'),
(4, '4', '李志強', '男', '李志強', '林淑芬', NULL, NULL, '黃淑惠', '陳志明', '陳麗娟', '家庭和樂', '陳冠宇', NULL, NULL, NULL, NULL, NULL, NULL, NULL, NULL, '陳雅婷', NULL, NULL, NULL, NULL, NULL, NULL, NULL, NULL, '無'),
(5, '5', '李秋香', '女', '李秋香', '張金鳳', NULL, NULL, '蔡明哲', NULL, '林秋月', '育有一子', '蔡小寶', NULL, NULL, NULL, NULL, NULL, NULL, NULL, NULL, NULL, NULL, NULL, NULL, NULL, NULL, NULL, NULL, NULL, '資深會員'),
(6, '6', '李文雄', '男', '李文雄', '吳美珠', NULL, NULL, NULL, '黃文德', '黃文娟', '單身', NULL, NULL, NULL, NULL, NULL, NULL, NULL, NULL, NULL, NULL, NULL, NULL, NULL, NULL, NULL, NULL, NULL, NULL, '已遷居國外'),
(7, '7', '李美玲', '女', '李美玲', '曾麗華', NULL, NULL, '張志明', '郭建宏', NULL, '育有一女', NULL, NULL, NULL, NULL, NULL, NULL, NULL, NULL, NULL, '張小珍', NULL, NULL, NULL, NULL, NULL, NULL, NULL, NULL, '無'),
(8, '8', '李建國', '男', '李建國', '洪阿嬌', NULL, NULL, '邱秀琴', NULL, '曾美惠', '育有一子一女', '曾大宇', NULL, NULL, NULL, NULL, NULL, NULL, NULL, NULL, '曾小萱', NULL, NULL, NULL, NULL, NULL, NULL, NULL, NULL, '代表出席者'),
(9, '9', '李淑珍', '女', '李淑珍', '林秀英', NULL, NULL, '許信宏', '賴建良', '賴淑美', '育有二子', '許大寶', '許小寶', NULL, NULL, NULL, NULL, NULL, NULL, NULL, NULL, NULL, NULL, NULL, NULL, NULL, NULL, NULL, NULL, '無'),
(10, '10', '李志明', '男', '李志明', '徐月娥', NULL, NULL, '連美雪', '蔡志清', '蔡佳玲', '三代同堂，四子二女', '蔡家豪', '蔡冠廷', '蔡冠志', '蔡冠傑', NULL, NULL, NULL, NULL, NULL, '蔡佩珊', '蔡佩君', NULL, NULL, NULL, NULL, NULL, NULL, NULL, '核心派下員'),
(11, '11', '李秀英', '女', '李秀英', '陳秋霞', NULL, NULL, NULL, '葉秀雄', NULL, '單親家庭', NULL, NULL, NULL, NULL, NULL, NULL, NULL, NULL, NULL, '林美美', NULL, NULL, NULL, NULL, NULL, NULL, NULL, NULL, '需補件證明'),
(12, '12', '李建華', '男', '李建華', '王滿', NULL, NULL, '謝麗華', '許建銘', '許秀琴', '育有一子二女', '許博宇', NULL, NULL, NULL, NULL, NULL, NULL, NULL, NULL, '許宇婷', '許宇萱', NULL, NULL, NULL, NULL, NULL, NULL, NULL, '無'),
(13, '13', '李家豪', '男', '李家豪', '林寶珠', NULL, NULL, NULL, '蘇家慶', '蘇美蓮', '未婚', NULL, NULL, NULL, NULL, NULL, NULL, NULL, NULL, NULL, NULL, NULL, NULL, NULL, NULL, NULL, NULL, NULL, NULL, '無'),
(14, '14', '李美麗', '女', '李美麗', '郭秀美', NULL, NULL, '曾文欽', NULL, '莊美玲', '家庭穩定', '曾小明', NULL, NULL, NULL, NULL, NULL, NULL, NULL, NULL, '曾小美', NULL, NULL, NULL, NULL, NULL, NULL, NULL, NULL, '聯絡人'),
(15, '15', '李文傑', '男', '李文傑', '謝玉蘭', NULL, NULL, '李美子', '何文欽', '何淑惠', '育有八子一女', '何大明', '何二男', '何三男', '何四男', '何五男', '何六男', '何七男', '何八男', NULL, '何女兒', NULL, NULL, NULL, NULL, NULL, NULL, NULL, NULL, '已聲明放棄'),
(16, '16', '李佩芬', '女', '李佩芬', '吳麗華', NULL, NULL, '洪建忠', '謝世傑', '謝佩玲', '育有一女', NULL, NULL, NULL, NULL, NULL, NULL, NULL, NULL, NULL, '洪小芬', NULL, NULL, NULL, NULL, NULL, NULL, NULL, NULL, '無'),
(17, '17', '李建智', '男', '李建智', '陳滿妹', NULL, NULL, '劉淑貞', '彭建強', NULL, '育有一子一女', '彭冠傑', NULL, NULL, NULL, NULL, NULL, NULL, NULL, NULL, '彭宇婷', NULL, NULL, NULL, NULL, NULL, NULL, NULL, NULL, '無'),
(18, '18', '李淑惠', '女', '李淑惠', '張阿妹', NULL, NULL, '吳明達', '呂建忠', '呂淑玲', '家庭結構健全', '吳冠宇', NULL, NULL, NULL, NULL, NULL, NULL, NULL, NULL, '吳佩蓉', NULL, NULL, NULL, NULL, NULL, NULL, NULL, NULL, '無'),
(19, '19', '李志遠', '男', '李志遠', '林玉春', NULL, NULL, '邱美慧', NULL, '宋志玲', '育有一女', NULL, NULL, NULL, NULL, NULL, NULL, NULL, NULL, NULL, '宋小美', NULL, NULL, NULL, NULL, NULL, NULL, NULL, NULL, '無'),
(20, '20', '李家銘', '男', '李家銘', '劉美玲', NULL, NULL, NULL, '張家豪', '張家妤', '未婚與父母同住', NULL, NULL, NULL, NULL, NULL, NULL, NULL, NULL, NULL, NULL, NULL, NULL, NULL, NULL, NULL, NULL, NULL, NULL, '青年代表'),
(21, '21', '李麗君', '女', '李麗君', '黃秀珍', NULL, NULL, NULL, '盧建名', '盧麗華', '單親家庭', '陳大寶', NULL, NULL, NULL, NULL, NULL, NULL, NULL, NULL, NULL, NULL, NULL, NULL, NULL, NULL, NULL, NULL, NULL, '地址待確認'),
(22, '22', '李志誠', '男', '李志誠', '何金英', NULL, NULL, '蕭淑美', '戴志強', '戴秀美', '育有一子一女', '戴冠宇', NULL, NULL, NULL, NULL, NULL, NULL, NULL, NULL, '戴雅如', NULL, NULL, NULL, NULL, NULL, NULL, NULL, NULL, '無'),
(23, '23', '李秀蘭', '女', '李秀蘭', '林阿桃', NULL, NULL, '施明輝', NULL, '汪秀美', '子女皆已成年', '施家豪', NULL, NULL, NULL, NULL, NULL, NULL, NULL, NULL, '施佩君', NULL, NULL, NULL, NULL, NULL, NULL, NULL, NULL, '無'),
(24, '24', '李建勳', '男', '李建勳', '陳玉葉', NULL, NULL, '詹美珠', '江建德', '江麗君', '育有一子', '江小宇', NULL, NULL, NULL, NULL, NULL, NULL, NULL, NULL, NULL, NULL, NULL, NULL, NULL, NULL, NULL, NULL, NULL, '無'),
(25, '25', '李美華', '女', '李美華', '吳春花', NULL, NULL, NULL, NULL, '薛美玲', '未婚', NULL, NULL, NULL, NULL, NULL, NULL, NULL, NULL, NULL, NULL, NULL, NULL, NULL, NULL, NULL, NULL, NULL, NULL, '無'),
(26, '26', '李志明', '男', '李志明', '林秀鑾', NULL, NULL, '白麗雪', '余志強', '余志玲', '舉家外遷', '余大山', NULL, NULL, NULL, NULL, NULL, NULL, NULL, NULL, '余小莉', NULL, NULL, NULL, NULL, NULL, NULL, NULL, NULL, '無'),
(27, '27', '李英傑', '男', '李英傑', '王麗華', NULL, NULL, '張美娟', '馬英才', NULL, '育有一女', NULL, NULL, NULL, NULL, NULL, NULL, NULL, NULL, NULL, '馬小婷', NULL, NULL, NULL, NULL, NULL, NULL, NULL, NULL, '無'),
(28, '28', '李淑芬', '女', '李淑芬', '許阿秀', NULL, NULL, '曾建華', '白志明', '白淑美', '小家庭結構', '曾宇軒', NULL, NULL, NULL, NULL, NULL, NULL, NULL, NULL, '曾宇婷', NULL, NULL, NULL, NULL, NULL, NULL, NULL, NULL, '無'),
(29, '29', '李大同', '男', '李大同', '林月里', NULL, NULL, '陳秀琴', '方大安', '方美玉', '三代同堂', '方冠中', NULL, NULL, NULL, NULL, NULL, NULL, NULL, NULL, '方信雅', NULL, NULL, NULL, NULL, NULL, NULL, NULL, NULL, '無'),
(30, '30', '李麗婷', '女', '李麗婷', '郭美滿', '陳大山', '林阿蓮', NULL, '鐘志豪', '鐘麗娟', '養子女關係', NULL, NULL, NULL, NULL, NULL, NULL, NULL, NULL, NULL, NULL, NULL, NULL, NULL, NULL, NULL, NULL, NULL, NULL, '養子女繼承相關'),
(31, '31', '李志明', '男', '李志明', '陳淑娟', NULL, NULL, '林佳慧', '林志強', '林小妹', '育有三子一女', '林大維', '林二維', '林三維', NULL, NULL, NULL, NULL, NULL, NULL, '林淑婷', NULL, NULL, NULL, NULL, NULL, NULL, NULL, NULL, '近期更換手機號碼'),
(32, '32', '李阿鑾', '女', '李阿鑾', '陳林阿綢', NULL, NULL, NULL, NULL, '陳美秀', '派下權辦理中', NULL, NULL, NULL, NULL, NULL, NULL, NULL, NULL, NULL, NULL, NULL, NULL, NULL, NULL, NULL, NULL, NULL, NULL, '派下權由其次子辦理繼承中'),
(33, '33', '李建宏', '男', '李建宏', '吳美珠', NULL, NULL, '黃麗秋', '黃建勳', '黃文娟', '大會重要幹部', '黃長男', '黃次男', NULL, NULL, NULL, NULL, NULL, NULL, NULL, NULL, NULL, NULL, NULL, NULL, NULL, NULL, NULL, NULL, '大會重要幹部'),
(34, '34', '李美玲', '女', '李美玲', '吳佩芬', NULL, NULL, NULL, NULL, '吳雅婷', '通知信件遭退', NULL, NULL, NULL, NULL, NULL, NULL, NULL, NULL, NULL, NULL, NULL, NULL, NULL, NULL, NULL, NULL, NULL, NULL, '通知信件查無此人'),
(35, '35', '李國華', '男', '李國華', '洪阿嬌', NULL, NULL, '邱秀琴', '曾建良', '曾美惠', '典型家庭', '曾大宇', '曾二宇', NULL, NULL, NULL, NULL, NULL, NULL, NULL, NULL, NULL, NULL, NULL, NULL, NULL, NULL, NULL, NULL, '無'),
(36, '36', '李金木', '男', '李金木', '林玉春', NULL, NULL, NULL, NULL, '朱志玲', '無直系血親', NULL, NULL, NULL, NULL, NULL, NULL, NULL, NULL, NULL, NULL, NULL, NULL, NULL, NULL, NULL, NULL, NULL, NULL, '民國113年歿，無直系血親繼承'),
(37, '37', '李淑芬', '女', '李淑芬', '謝玉蘭', NULL, NULL, NULL, NULL, '劉淑惠', '一般結構', NULL, NULL, NULL, NULL, NULL, NULL, NULL, NULL, NULL, NULL, NULL, NULL, NULL, NULL, NULL, NULL, NULL, NULL, '無'),
(38, '38', '李志豪', '男', '李志豪', '林阿梅', NULL, NULL, '謝淑芬', '鄭志明', '鄭麗娟', '定期繳納會費', '鄭長男', '鄭次男', '鄭三男', NULL, NULL, NULL, NULL, NULL, NULL, NULL, NULL, NULL, NULL, NULL, NULL, NULL, NULL, NULL, '定期繳納宗親會費'),
(39, '39', '李寶珠', '女', '李寶珠', '林寶珠', NULL, NULL, NULL, NULL, '楊美蓮', '已除籍', NULL, NULL, NULL, NULL, NULL, NULL, NULL, NULL, NULL, NULL, NULL, NULL, NULL, NULL, NULL, NULL, NULL, NULL, '已除籍，證明文件備查'),
(40, '40', '李水源', '男', '李水源', '吳麗華', NULL, NULL, NULL, '謝世傑', '謝佩玲', '無特殊備註', NULL, NULL, NULL, NULL, NULL, NULL, NULL, NULL, NULL, NULL, NULL, NULL, NULL, NULL, NULL, NULL, NULL, NULL, '無'),
(41, '41', '李家豪', '男', '李家豪', '曾麗華', NULL, NULL, NULL, '郭建宏', '郭美玲', '出國工作', NULL, NULL, NULL, NULL, NULL, NULL, NULL, NULL, NULL, NULL, NULL, NULL, NULL, NULL, NULL, NULL, NULL, NULL, '出國工作，家屬代為聯絡'),
(42, '42', '李佩君', '女', '李佩君', '王滿', NULL, NULL, NULL, '徐建銘', '徐秀琴', '青年代表', NULL, NULL, NULL, NULL, NULL, NULL, NULL, NULL, NULL, '徐一女', '徐二女', NULL, NULL, NULL, NULL, NULL, NULL, NULL, '青年委員會代表'),
(43, '43', '李俊傑', '男', '李俊傑', '林月里', NULL, NULL, NULL, '周大安', '周美玉', '無', NULL, NULL, NULL, NULL, NULL, NULL, NULL, NULL, NULL, NULL, NULL, NULL, NULL, NULL, NULL, NULL, NULL, NULL, '無'),
(44, '44', '李火旺', '男', '李火旺', '林阿蓮', NULL, NULL, NULL, NULL, NULL, '壽終正寢', '高長男', '高次男', NULL, NULL, NULL, NULL, NULL, NULL, NULL, NULL, NULL, NULL, NULL, NULL, NULL, NULL, NULL, NULL, '民國111年壽終正寢'),
(45, '45', '李雅婷', '女', '李雅婷', '徐月娥', NULL, NULL, NULL, '蔡志清', '蔡佳玲', '地址變更', NULL, NULL, NULL, NULL, NULL, NULL, NULL, NULL, NULL, NULL, NULL, NULL, NULL, NULL, NULL, NULL, NULL, NULL, '通訊地址有變更'),
(46, '46', '李文德', '男', '李文德', '謝玉蘭', NULL, NULL, NULL, '梁文欽', '梁淑惠', '無', NULL, NULL, NULL, NULL, NULL, NULL, NULL, NULL, NULL, NULL, NULL, NULL, NULL, NULL, NULL, NULL, NULL, NULL, '無'),
(47, '47', '李美華', '女', '李美華', '林寶珠', NULL, NULL, NULL, '蘇家慶', '蘇美蓮', '失聯會員', NULL, NULL, NULL, NULL, NULL, NULL, NULL, NULL, NULL, NULL, NULL, NULL, NULL, NULL, NULL, NULL, NULL, NULL, '失聯會員，正由鄰里長協助尋找'),
(48, '48', '李志強', '男', '李志強', '洪阿嬌', NULL, NULL, NULL, '丁建良', '丁淑珍', '無', NULL, NULL, NULL, NULL, NULL, NULL, NULL, NULL, NULL, NULL, NULL, NULL, NULL, NULL, NULL, NULL, NULL, NULL, '無'),
(49, '49', '李春枝', '女', '李春枝', '郭秀美', NULL, NULL, NULL, NULL, '沈美玲', '資深會員', NULL, NULL, NULL, NULL, NULL, NULL, NULL, NULL, NULL, NULL, NULL, NULL, NULL, NULL, NULL, NULL, NULL, NULL, '已故資深會員'),
(50, '50', '李家明', '男', '李家明', '王滿', NULL, NULL, NULL, '魏建銘', '魏秀琴', '無', NULL, NULL, NULL, NULL, NULL, NULL, NULL, NULL, NULL, NULL, NULL, NULL, NULL, NULL, NULL, NULL, NULL, NULL, '無'),
(51, '51', '李雅如', '女', '李雅如', '陳玉葉', NULL, NULL, NULL, '江建德', '江麗君', '無', NULL, NULL, NULL, NULL, NULL, NULL, NULL, NULL, NULL, NULL, NULL, NULL, NULL, NULL, NULL, NULL, NULL, NULL, '無'),
(52, '52', '李天送', '男', '李天送', '陳滿妹', NULL, NULL, NULL, '潘建強', NULL, '代書辦理中', NULL, NULL, NULL, NULL, NULL, NULL, NULL, NULL, NULL, NULL, NULL, NULL, NULL, NULL, NULL, NULL, NULL, NULL, '已由代書辦理繼承登錄'),
(53, '53', '李建宏', '男', '李建宏', '蕭洪阿嬌', NULL, NULL, NULL, '蕭建良', '蕭美惠', '查無此人', NULL, NULL, NULL, NULL, NULL, NULL, NULL, NULL, NULL, NULL, NULL, NULL, NULL, NULL, NULL, NULL, NULL, NULL, '戶籍地查無此人'),
(54, '54', '李秀英', '女', '李秀英', '田曾金蓮', NULL, NULL, NULL, NULL, '田麗華', '無', NULL, NULL, NULL, NULL, NULL, NULL, NULL, NULL, NULL, NULL, NULL, NULL, NULL, NULL, NULL, NULL, NULL, NULL, '無'),
(55, '55', '李志遠', '男', '李志遠', '趙郭阿妹', NULL, NULL, NULL, '趙志明', '趙淑玲', '無', NULL, NULL, NULL, NULL, NULL, NULL, NULL, NULL, NULL, NULL, NULL, NULL, NULL, NULL, NULL, NULL, NULL, NULL, '無'),
(56, '56', '李阿土', '男', '李阿土', '金林秀鑾', NULL, NULL, NULL, '金志強', '金志玲', '已過世', NULL, NULL, NULL, NULL, NULL, NULL, NULL, NULL, NULL, NULL, NULL, NULL, NULL, NULL, NULL, NULL, NULL, NULL, '民國110年過世'),
(57, '57', '李美玲', '女', '李美玲', '彭王麗華', NULL, NULL, NULL, '彭英才', NULL, '無', NULL, NULL, NULL, NULL, NULL, NULL, NULL, NULL, NULL, NULL, NULL, NULL, NULL, NULL, NULL, NULL, NULL, NULL, '無'),
(58, '58', '李冠宇', '男', '李冠宇', '黃淑芬', NULL, NULL, NULL, '石志強', '石麗娟', '無', NULL, NULL, NULL, NULL, NULL, NULL, NULL, NULL, NULL, NULL, NULL, NULL, NULL, NULL, NULL, NULL, NULL, NULL, '無'),
(59, '59', '李淑惠', '女', '李淑惠', '林秀鑾', NULL, NULL, NULL, NULL, '姚志玲', '更動未報', NULL, NULL, NULL, NULL, NULL, NULL, NULL, NULL, NULL, NULL, NULL, NULL, NULL, NULL, NULL, NULL, NULL, NULL, '通訊處更動未申報'),
(60, '60', '李大同', '男', '李大同', '林月里', NULL, NULL, NULL, '連大安', '連美玉', '委託出席', NULL, NULL, NULL, NULL, NULL, NULL, NULL, NULL, NULL, NULL, NULL, NULL, NULL, NULL, NULL, NULL, NULL, NULL, '每年固定委託代表出席');

-- --------------------------------------------------------

--
-- 資料表結構 `files`
--

CREATE TABLE `files` (
  `file_id` int(11) NOT NULL COMMENT '檔案編號',
  `file_name` varchar(255) NOT NULL COMMENT '檔案名稱',
  `file_path` varchar(1000) NOT NULL COMMENT '檔案路徑',
  `file_url` text DEFAULT NULL COMMENT '檔案網址(下載或存取的URL)',
  `file_type` varchar(100) DEFAULT NULL COMMENT '檔案類型 (image/png, pdf)',
  `file_size` bigint(20) DEFAULT NULL COMMENT '檔案大小 (bytes)',
  `upload_date` datetime DEFAULT current_timestamp() COMMENT '上傳日期',
  `uploaded_id` varchar(100) DEFAULT NULL COMMENT '上傳者ID',
  `uploaded_name` text DEFAULT NULL COMMENT '上傳者姓名',
  `description` text DEFAULT NULL COMMENT '檔案描述',
  `status` enum('active','deleted','archived') DEFAULT 'active' COMMENT '狀態 (是否啟用、刪除、封存)',
  `reference_id` int(11) DEFAULT NULL COMMENT '參考編號 (關聯到其他資料表，如文章ID)',
  `version` int(11) DEFAULT 1 COMMENT '版本 (檔案版本控制)',
  `public` tinyint(1) DEFAULT 0 COMMENT '是否公開 (0=私有, 1=公開)'
) ENGINE=InnoDB DEFAULT CHARSET=utf8mb4 COLLATE=utf8mb4_general_ci COMMENT='檔案上傳紀錄表';

--
-- 傾印資料表的資料 `files`
--

INSERT INTO `files` (`file_id`, `file_name`, `file_path`, `file_url`, `file_type`, `file_size`, `upload_date`, `uploaded_id`, `uploaded_name`, `description`, `status`, `reference_id`, `version`, `public`) VALUES
(1, '螢幕擷取畫面 2026-05-06 184319.png', 'D:/web02/icon/20260606_062124_6a23a044a4376.png', '/icon/20260606_062124_6a23a044a4376.png', 'image/png', 631411, '2026-06-06 12:21:24', '李志遠', '李志遠', NULL, 'active', 158, 1, 0),
(2, '螢幕擷取畫面 2026-04-01 161838.png', 'D:/web02/icon/20260606_063345_6a23a32977fdd.png', '/icon/20260606_063345_6a23a32977fdd.png', 'image/png', 107801, '2026-06-06 12:33:45', '李佩芬', '李佩芬', NULL, 'active', 159, 1, 0),
(3, '螢幕擷取畫面 2026-03-31 194509.png', 'D:/web02/icon/20260606_072039_6a23ae279f4aa.png', '/icon/20260606_072039_6a23ae279f4aa.png', 'image/png', 78431, '2026-06-06 13:20:39', '26', '李志明', NULL, 'active', 160, 1, 0),
(4, '螢幕擷取畫面 2026-04-05 083229.png', 'D:/web02/icon/20260606_073129_6a23b0b18bd11.png', '/icon/20260606_073129_6a23b0b18bd11.png', 'image/png', 378015, '2026-06-06 13:31:29', '36', '李金木', NULL, 'active', 161, 1, 0),
(5, '划手機必背PHP使用的SQL通用與法.pdf', 'D:/web02/icon/20260606_075439_6a23b61f511b3.pdf', '/icon/20260606_075439_6a23b61f511b3.pdf', 'application/pdf', 65302, '2026-06-06 13:54:39', '9', '李淑珍', NULL, 'active', 162, 1, 0),
(6, 'members (3).sql', 'D:/web02/icon/20260606_075439_6a23b61f5185a.sql', '/icon/20260606_075439_6a23b61f5185a.sql', 'application/octet-stream', 11770, '2026-06-06 13:54:39', '9', '李淑珍', NULL, 'active', 162, 1, 0),
(7, 'lee (1).sql', 'D:/web02/icon/20260606_075439_6a23b61f520c6.sql', '/icon/20260606_075439_6a23b61f520c6.sql', 'application/octet-stream', 113408, '2026-06-06 13:54:39', '9', '李淑珍', NULL, 'active', 162, 1, 0),
(8, 'login (1).php', 'D:/web02/icon/20260606_075439_6a23b61f52970.php', '/icon/20260606_075439_6a23b61f52970.php', 'application/octet-stream', 3821, '2026-06-06 13:54:39', '9', '李淑珍', NULL, 'active', 162, 1, 0),
(9, 'logo.png', 'D:/web02/icon/20260606_075511_6a23b63f17f62.png', '/icon/20260606_075511_6a23b63f17f62.png', 'image/png', 21089, '2026-06-06 13:55:11', '9', '李淑珍', NULL, 'active', 162, 1, 0),
(16, '111訴835附表.pdf', 'D:/web02/icon/20260606_095704_6a23d2d0edea0_111訴835附表.pdf', '/icon/20260606_095704_6a23d2d0edea0_111訴835附表.pdf', 'application/pdf', 117645, '2026-06-06 15:57:04', NULL, NULL, NULL, 'active', 0, 1, 0),
(18, '7-11百元[博弘雲端]1113 AI SecureNext 資安無界.png', 'D:/web02/icon/20260606_100919_6a23d5afa8603_7-11百元[博弘雲端]1113 AI SecureNext 資安無界.png', '/icon/20260606_100919_6a23d5afa8603_7-11百元[博弘雲端]1113 AI SecureNext 資安無界.png', 'image/png', 321102, '2026-06-06 16:09:19', NULL, NULL, NULL, 'active', 0, 1, 0),
(23, '家族祈願圖片.png', 'D:/web02/icon/20260606_120318_6a23f066d482a_家族祈願圖片.png', '/icon/20260606_120318_6a23f066d482a_家族祈願圖片.png', 'image/png', 1568417, '2026-06-06 18:03:18', NULL, NULL, NULL, 'active', 0, 1, 0),
(24, '家族祈願圖片.png', 'D:/web02/icon/20260606_121653_6a23f3951a6ee_家族祈願圖片.png', '/icon/20260606_121653_6a23f3951a6ee_家族祈願圖片.png', 'image/png', 1568417, '2026-06-06 18:16:53', NULL, NULL, NULL, 'active', 0, 1, 0),
(25, '家族祈願圖片.png', 'D:/web02/icon/20260606_121738_6a23f3c271392_家族祈願圖片.png', '/icon/20260606_121738_6a23f3c271392_家族祈願圖片.png', 'image/png', 1568417, '2026-06-06 18:17:38', NULL, NULL, NULL, 'active', 0, 1, 0),
(26, '划手機必背PHP使用的SQL通用與法.pdf', 'D:/web02/icon/20260606_121807_6a23f3dfc970c_划手機必背PHP使用的SQL通用與法.pdf', '/icon/20260606_121807_6a23f3dfc970c_划手機必背PHP使用的SQL通用與法.pdf', 'application/pdf', 65302, '2026-06-06 18:18:07', NULL, NULL, NULL, 'active', 0, 1, 0),
(27, '家裡127_0_0_1 (1)完整0604備份.sql', 'D:/web02/icon/20260606_121807_6a23f3dfc9eca_家裡127_0_0_1 (1)完整0604備份.sql', '/icon/20260606_121807_6a23f3dfc9eca_家裡127_0_0_1 (1)完整0604備份.sql', 'application/octet-stream', 444057, '2026-06-06 18:18:07', NULL, NULL, NULL, 'active', 0, 1, 0),
(28, '篩選結果 (1).xlsx', 'D:/web02/icon/20260606_121807_6a23f3dfca531_篩選結果 (1).xlsx', '/icon/20260606_121807_6a23f3dfca531_篩選結果 (1).xlsx', 'application/vnd.openxmlformats-officedocument.spreadsheetml.sheet', 263483, '2026-06-06 18:18:07', NULL, NULL, NULL, 'active', 0, 1, 0),
(29, '115年學員訓練材料表(全端網頁開發與AI應用班)(職前班).pdf', 'D:/web02/icon/20260606_121848_6a23f408a75ce_115年學員訓練材料表(全端網頁開發與AI應用班)(職前班).pdf', '/icon/20260606_121848_6a23f408a75ce_115年學員訓練材料表(全端網頁開發與AI應用班)(職前班).pdf', 'application/pdf', 92901, '2026-06-06 18:18:48', NULL, NULL, NULL, 'active', 0, 1, 0),
(30, '1150505祭祀公業法人臺中市張文通公派下全員系統表-公告版_家族9成女性子孫都拋棄.pdf', 'D:/web02/icon/20260606_121848_6a23f408a7ca6_1150505祭祀公業法人臺中市張文通公派下全員系統表-公告版_家族9成女性子孫都拋棄.pdf', '/icon/20260606_121848_6a23f408a7ca6_1150505祭祀公業法人臺中市張文通公派下全員系統表-公告版_家族9成女性子孫都拋棄.pdf', 'application/pdf', 465665, '2026-06-06 18:18:48', NULL, NULL, NULL, 'active', 0, 1, 0),
(31, '臺中市 115年03月單一年齡人口數_20260404090742.png', 'D:/web02/icon/20260606_121937_6a23f439395a8_臺中市 115年03月單一年齡人口數_20260404090742.png', '/icon/20260606_121937_6a23f439395a8_臺中市 115年03月單一年齡人口數_20260404090742.png', 'image/png', 135409, '2026-06-06 18:19:37', NULL, NULL, NULL, 'active', 0, 1, 0),
(36, '臺中市 115年03月單一年齡人口數_20260404090742.png', 'D:/web02/icon/20260606_124847_6a23fb0f1e77e_臺中市 115年03月單一年齡人口數_20260404090742.png', '/icon/20260606_124847_6a23fb0f1e77e_臺中市 115年03月單一年齡人口數_20260404090742.png', 'image/png', 135409, '2026-06-06 18:48:47', NULL, NULL, NULL, 'active', 0, 1, 0),
(41, '臺中市 115年03月單一年齡人口數_20260404090742.png', 'D:/web02/icon/20260606_125046_6a23fb8619a27_臺中市 115年03月單一年齡人口數_20260404090742.png', '/icon/20260606_125046_6a23fb8619a27_臺中市 115年03月單一年齡人口數_20260404090742.png', 'image/png', 135409, '2026-06-06 18:50:46', NULL, NULL, NULL, 'active', 0, 1, 0),
(47, '螢幕擷取畫面 2026-05-18 084123.png', 'D:/web02/icon/20260606_130139_6a23fe13d4b13_螢幕擷取畫面 2026-05-18 084123.png', '/icon/20260606_130139_6a23fe13d4b13_螢幕擷取畫面 2026-05-18 084123.png', 'image/png', 6047, '2026-06-06 19:01:39', NULL, NULL, NULL, 'active', 0, 1, 0),
(51, '臺中市 115年03月單一年齡人口數_20260404090742.png', 'D:/web02/icon/20260606_130153_6a23fe21304d6_臺中市 115年03月單一年齡人口數_20260404090742.png', '/icon/20260606_130153_6a23fe21304d6_臺中市 115年03月單一年齡人口數_20260404090742.png', 'image/png', 135409, '2026-06-06 19:01:53', NULL, NULL, NULL, 'active', 0, 1, 0),
(52, '螢幕擷取畫面 2026-06-02 215544.png', 'D:/web02/icon/螢幕擷取畫面 2026-06-02 215544.png', '/icon/螢幕擷取畫面 2026-06-02 215544.png', 'image/png', 2847, '2026-06-06 19:13:04', NULL, NULL, NULL, 'active', 0, 1, 0),
(53, '螢幕擷取畫面 2026-06-02 212521.png', 'D:/web02/icon/螢幕擷取畫面 2026-06-02 212521.png', '/icon/螢幕擷取畫面 2026-06-02 212521.png', 'image/png', 8319, '2026-06-06 19:13:13', NULL, NULL, NULL, 'active', 0, 1, 0),
(54, '螢幕擷取畫面 2026-06-02 211334.png', 'D:/web02/icon/20260606_215229_6a247a7db5605_螢幕擷取畫面 2026-06-02 211334.png', '/icon/20260606_215229_6a247a7db5605_螢幕擷取畫面 2026-06-02 211334.png', 'image/png', 22739, '2026-06-07 03:52:29', NULL, NULL, NULL, 'active', 0, 1, 0),
(55, '115年學員訓練材料表(全端網頁開發與AI應用班)(職前班).pdf', 'D:/web02/icon/20260606_215252_6a247a9402e6b_115年學員訓練材料表(全端網頁開發與AI應用班)(職前班).pdf', '/icon/20260606_215252_6a247a9402e6b_115年學員訓練材料表(全端網頁開發與AI應用班)(職前班).pdf', 'application/pdf', 92901, '2026-06-07 03:52:52', '25', '李美華', NULL, 'active', 163, 1, 0),
(56, '1150505祭祀公業法人臺中市張文通公派下全員系統表-公告版_家族9成女性子孫都拋棄.pdf', 'D:/web02/icon/20260606_215252_6a247a9403c00_1150505祭祀公業法人臺中市張文通公派下全員系統表-公告版_家族9成女性子孫都拋棄.pdf', '/icon/20260606_215252_6a247a9403c00_1150505祭祀公業法人臺中市張文通公派下全員系統表-公告版_家族9成女性子孫都拋棄.pdf', 'application/pdf', 465665, '2026-06-07 03:52:52', '25', '李美華', NULL, 'active', 163, 1, 0),
(57, '義和里定位.xlsx', 'D:/web02/icon/20260606_215252_6a247a94041d4_義和里定位.xlsx', '/icon/20260606_215252_6a247a94041d4_義和里定位.xlsx', 'application/vnd.openxmlformats-officedocument.spreadsheetml.sheet', 67252155, '2026-06-07 03:52:52', '25', '李美華', NULL, 'active', 163, 1, 0),
(58, '臺中市 115年03月單一年齡人口數_20260404090742.png', 'D:/web02/icon/20260606_215252_6a247a940478f_臺中市 115年03月單一年齡人口數_20260404090742.png', '/icon/20260606_215252_6a247a940478f_臺中市 115年03月單一年齡人口數_20260404090742.png', 'image/png', 135409, '2026-06-07 03:52:52', NULL, NULL, NULL, 'active', 0, 1, 0),
(59, '家族祈願圖片.png', 'D:/web02/icon/20260606_220157_6a247cb5ef515_家族祈願圖片.png', '/icon/20260606_220157_6a247cb5ef515_家族祈願圖片.png', 'image/png', 1568417, '2026-06-07 04:01:57', NULL, NULL, NULL, 'active', 0, 1, 0),
(60, '龍蝦1.png', 'D:/web02/icon/20260607_145607_6a256a6706cb5_龍蝦1.png', '/icon/20260607_145607_6a256a6706cb5_龍蝦1.png', 'image/png', 694056, '2026-06-07 20:56:07', '5', '李秋香', NULL, 'active', 166, 1, 0),
(61, '家族祈願圖片.png', 'D:/web02/icon/20260607_145708_6a256aa44fbb4_家族祈願圖片.png', '/icon/20260607_145708_6a256aa44fbb4_家族祈願圖片.png', 'image/png', 1568417, '2026-06-07 20:57:08', '57', '李美玲', NULL, 'active', 167, 1, 0),
(62, '家族祈願圖片.jpg', 'D:/web02/icon/20260607_145708_6a256aa450328_家族祈願圖片.jpg', '/icon/20260607_145708_6a256aa450328_家族祈願圖片.jpg', 'image/jpeg', 2300104, '2026-06-07 20:57:08', '57', '李美玲', NULL, 'active', 167, 1, 0),
(63, '划手機必背PHP使用的SQL通用與法.pdf', 'D:/web02/icon/20260607_145708_6a256aa450a12_划手機必背PHP使用的SQL通用與法.pdf', '/icon/20260607_145708_6a256aa450a12_划手機必背PHP使用的SQL通用與法.pdf', 'application/pdf', 65302, '2026-06-07 20:57:08', '57', '李美玲', NULL, 'active', 167, 1, 0),
(64, '家裡127_0_0_1 (1)完整0604備份.sql', 'D:/web02/icon/20260607_145708_6a256aa451040_家裡127_0_0_1 (1)完整0604備份.sql', '/icon/20260607_145708_6a256aa451040_家裡127_0_0_1 (1)完整0604備份.sql', 'application/octet-stream', 444057, '2026-06-07 20:57:08', NULL, NULL, NULL, 'active', 0, 1, 0),
(65, 'logo-轉檔前格式-為-png.png', 'D:/web02/icon/20260607_145708_6a256aa451884_logo-轉檔前格式-為-png.png', '/icon/20260607_145708_6a256aa451884_logo-轉檔前格式-為-png.png', 'image/png', 29281, '2026-06-07 20:57:08', '57', '李美玲', NULL, 'active', 167, 1, 0),
(66, '李氏宗親會網站_系統架構書.txt', 'D:/web02/icon/20260607_145708_6a256aa452101_李氏宗親會網站_系統架構書.txt', '/icon/20260607_145708_6a256aa452101_李氏宗親會網站_系統架構書.txt', 'text/plain', 60519, '2026-06-07 20:57:08', '57', '李美玲', NULL, 'active', 167, 1, 0),
(67, '家族祈願圖片.jpg', 'D:/web02/icon/20260608_025210_6a26123a8394b_家族祈願圖片.jpg', '/icon/20260608_025210_6a26123a8394b_家族祈願圖片.jpg', 'image/jpeg', 2300104, '2026-06-08 08:52:10', '15', '李文傑', NULL, 'active', 166, 1, 0),
(68, 'members (3).sql', 'D:/web02/icon/20260608_025210_6a26123a83f99_members (3).sql', '/icon/20260608_025210_6a26123a83f99_members (3).sql', 'application/octet-stream', 11770, '2026-06-08 08:52:10', NULL, NULL, NULL, 'active', 0, 1, 0),
(69, 'Dajia29geli.html', 'D:/web02/icon/20260608_025245_6a26125de166d_Dajia29geli.html', '/icon/20260608_025245_6a26125de166d_Dajia29geli.html', 'text/html', 70157, '2026-06-08 08:52:45', '15', '李文傑', NULL, 'active', 166, 1, 0),
(70, 'build_tseng_site.py', 'D:/web02/icon/20260608_031634_6a2617f26d108_build_tseng_site.py', '/icon/20260608_031634_6a2617f26d108_build_tseng_site.py', 'application/octet-stream', 45582, '2026-06-08 09:16:34', '35', '李國華', NULL, 'active', 167, 1, 0),
(71, '龍蝦1.png', 'D:/web02/icon/20260608_031702_6a26180e919fb_龍蝦1.png', '/icon/20260608_031702_6a26180e919fb_龍蝦1.png', 'image/png', 694056, '2026-06-08 09:17:02', '35', '李國華', NULL, 'active', 167, 1, 0),
(72, '家族祈願圖片.png', 'D:/web02/icon/20260608_031702_6a26180e9214a_家族祈願圖片.png', '/icon/20260608_031702_6a26180e9214a_家族祈願圖片.png', 'image/png', 1568417, '2026-06-08 09:17:02', '35', '李國華', NULL, 'active', 167, 1, 0),
(73, '家族祈願圖片.jpg', 'D:/web02/icon/20260608_031702_6a26180e928ed_家族祈願圖片.jpg', '/icon/20260608_031702_6a26180e928ed_家族祈願圖片.jpg', 'image/jpeg', 2300104, '2026-06-08 09:17:02', '35', '李國華', NULL, 'active', 167, 1, 0),
(74, '划手機必背PHP使用的SQL通用與法.pdf', 'D:/web02/icon/20260608_031702_6a26180e92e4a_划手機必背PHP使用的SQL通用與法.pdf', '/icon/20260608_031702_6a26180e92e4a_划手機必背PHP使用的SQL通用與法.pdf', 'application/pdf', 65302, '2026-06-08 09:17:02', '35', '李國華', NULL, 'active', 167, 1, 0),
(75, 'logo-轉檔前格式-為-png.webp', 'D:/web02/icon/20260608_032529_6a261a096ef8c_logo-轉檔前格式-為-png.webp', '/icon/20260608_032529_6a261a096ef8c_logo-轉檔前格式-為-png.webp', 'image/webp', 4686, '2026-06-08 09:25:29', '25', '李美華', NULL, 'active', 168, 1, 0),
(76, '龍蝦1.png', 'D:/web02/icon/20260608_032613_6a261a35e9afa_龍蝦1.png', '/icon/20260608_032613_6a261a35e9afa_龍蝦1.png', 'image/png', 694056, '2026-06-08 09:26:13', '29', '李大同', NULL, 'active', 169, 1, 0),
(77, '龍蝦1.png', 'D:/web02/icon/20260608_071601_6a265011c461c_龍蝦1.png', '/icon/20260608_071601_6a265011c461c_龍蝦1.png', 'image/png', 694056, '2026-06-08 13:16:01', '10', '李文山', NULL, 'active', 166, 1, 0),
(78, '職業安全衛生法規教育訓練.pptx', 'D:/web01/icon/20260609_043630_6a277c2ecb239_職業安全衛生法規教育訓練.pptx', '/icon/20260609_043630_6a277c2ecb239_職業安全衛生法規教育訓練.pptx', 'application/vnd.openxmlformats-officedocument.presentationml.presentation', 65446951, '2026-06-09 10:36:30', '15', '李文傑', NULL, 'active', 167, 1, 0),
(79, 'vid_6a27801a34de4.MOV', 'uploads/vid_6a27801a34de4.MOV', 'http://192.168.211.72//lee/backend/uploads/vid_6a27801a34de4.MOV', 'video/quicktime', 879792, '2026-06-09 10:53:14', '2', '李美麗（管理者）', 'Jgfugh', 'active', 100, 1, 1),
(80, 'vid_6a278948a582b.MOV', 'uploads/vid_6a278948a582b.MOV', 'http://192.168.211.72//lee/backend/uploads/vid_6a278948a582b.MOV', 'video/quicktime', 793220, '2026-06-09 11:32:24', '2', '李美麗', '您的姓名：李美麗， 編號：2， 第30世祖 5代 1大房。\r\n-----------------------------------\r\n大家好', 'active', 0, 1, 1),
(81, 'vid_6a278cb3be9b9.MOV', 'uploads/vid_6a278cb3be9b9.MOV', 'http://192.168.211.72//lee/backend/uploads/vid_6a278cb3be9b9.MOV', 'video/quicktime', 1253577, '2026-06-09 11:46:59', '2', '李美麗', '您的姓名：李美麗， 編號：2， 第30世祖 5代 1大房。\r\n-----------------------------------\r\n給自己', 'active', 0, 1, 1),
(82, 'vid_6a27966de593c.MOV', 'uploads/vid_6a27966de593c.MOV', 'http://192.168.211.72//lee/backend/uploads/vid_6a27966de593c.MOV', 'video/quicktime', 1000103, '2026-06-09 12:28:29', '2', '李美麗', '您的姓名：李美麗， 編號：2， 第30世祖 5代 1大房。\r\n-----------------------------------\r\n給自己2', 'active', 0, 1, 1),
(83, 'vid_6a2796b06d8a3.MOV', 'uploads/vid_6a2796b06d8a3.MOV', 'http://192.168.211.72//lee/backend/uploads/vid_6a2796b06d8a3.MOV', 'video/quicktime', 1273073, '2026-06-09 12:29:36', '2', '李美麗', '您的姓名：李美麗， 編號：2， 第30世祖 5代 1大房。\r\n-----------------------------------\r\n給所有世代\r\n', 'active', 0, 1, 1),
(84, 'vid_6a2796f795cb7.MOV', 'uploads/vid_6a2796f795cb7.MOV', 'http://192.168.211.72//lee/backend/uploads/vid_6a2796f795cb7.MOV', 'video/quicktime', 1524091, '2026-06-09 12:30:47', '2', '李美麗', '您的姓名：李美麗， 編號：2， 第30世祖 5代 1大房。\r\n-----------------------------------\r\n派下員全部', 'active', 0, 1, 1),
(85, 'vid_6a2797260f434.MOV', 'uploads/vid_6a2797260f434.MOV', 'http://192.168.211.72//lee/backend/uploads/vid_6a2797260f434.MOV', 'video/quicktime', 903491, '2026-06-09 12:31:34', '2', '李美麗', '您的姓名：李美麗， 編號：2， 第30世祖 5代 1大房。\r\n-----------------------------------\r\n宗親', 'active', 0, 1, 0),
(86, 'vid_6a27976473e32.MOV', 'uploads/vid_6a27976473e32.MOV', 'http://192.168.211.72//lee/backend/uploads/vid_6a27976473e32.MOV', 'video/quicktime', 921909, '2026-06-09 12:32:36', '2', '李美麗', '您的姓名：李美麗， 編號：2， 第30世祖 5代 1大房。\r\n-----------------------------------\r\n給所有世代', 'active', 0, 1, 0),
(87, 'vid_6a27979dd3394.MOV', 'uploads/vid_6a27979dd3394.MOV', 'http://192.168.211.72//lee/backend/uploads/vid_6a27979dd3394.MOV', 'video/quicktime', 675543, '2026-06-09 12:33:33', '2', '李美麗', '您的姓名：李美麗， 編號：2， 第30世祖 5代 1大房。\r\n-----------------------------------\r\n官裡員', 'active', 0, 1, 0);

-- --------------------------------------------------------

--
-- 資料表結構 `makeawish`
--

CREATE TABLE `makeawish` (
  `id` int(11) NOT NULL,
  `generation` int(11) NOT NULL COMMENT '世代(大甲算起)',
  `emperor_shizu` int(11) NOT NULL COMMENT '世祖(台灣算起)',
  `number_of_houses` int(11) NOT NULL COMMENT '房數',
  `name` varchar(50) NOT NULL COMMENT '姓名',
  `family_members` varchar(100) DEFAULT NULL COMMENT '家庭成員',
  `message_of_blessing` text DEFAULT NULL COMMENT '祝福的話',
  `login_time` datetime NOT NULL COMMENT '登錄時間'
) ENGINE=InnoDB DEFAULT CHARSET=utf8mb4 COLLATE=utf8mb4_unicode_ci;

--
-- 傾印資料表的資料 `makeawish`
--

INSERT INTO `makeawish` (`id`, `generation`, `emperor_shizu`, `number_of_houses`, `name`, `family_members`, `message_of_blessing`, `login_time`) VALUES
(1, 7, 29, 3, '李明輝', '妻、長子', '祈願祖先庇佑，子孫平安，事業興隆，家庭幸福美滿。', '1975-02-13 14:22:45'),
(2, 11, 29, 1, '李美麗', '個人', '感謝祖德，願我心境安寧，生活平安，事業順遂，囧，ありがとう。', '1975-09-18 08:41:12'),
(3, 3, 27, 2, '李大山', '個人', '感謝祖德，願我心想事成，*_^眨眨眼，ありがとう，Stay strong! Orz', '1990-03-15 21:05:33'),
(4, 9, 27, 2, '李志強', '個人', '感謝祖先，願我能在事業上有所突破，生活安穩。', '1976-02-14 11:18:59'),
(5, 9, 29, 3, '李秋香', '個人', '感謝祖先庇佑，偶要繼續努力，事業順利，囧，ありがとう，Stay cool! Orz ~~~', '1976-11-09 17:34:02'),
(6, 6, 29, 3, '李文雄', '個人', '祈求祖先庇佑，讓我在學業上能有所突破，考試順利，學業精進。祖先的精神提醒我：勤勞、誠信、仁愛是立身之本。我願以此為座右銘，無論在學業或生活中，都能以誠待人，以信立世。願祖先庇佑我能在未來的挑戰中不退縮，勇敢面對，並以自身的努力為家族增添榮光，讓祖德在我身上延續。', '1978-01-19 05:12:26'),
(7, 7, 30, 2, '李美玲', '妻、長子', '祈願祖先庇佑，子孫平安，事業興隆，家庭幸福美滿，Orz，ありがとう。', '1978-04-09 23:50:14'),
(8, 8, 27, 1, '李建國', '個人', '感謝祖先庇佑，學業突破，～..～一隻豬在笑，ありがとう，Orz', '1977-06-30 13:08:41'),
(9, 7, 30, 1, '李淑珍', '妻、長子', '祈願祖先庇佑，子孫平安，事業興隆，家庭幸福美滿。', '1977-11-08 09:27:18'),
(10, 3, 29, 3, '李志明', '妻、長子', '感謝祖德，願子孫平安，事業興隆。長子正值成長階段，我希望他能在祖德庇佑下，培養仁心與智慧，懂得尊重他人、珍惜家庭。妻子辛勤持家，我希望她能健康長壽，與我一同見證孩子的成長。祖先的精神是我們的指引，願我們一家人能在祖德庇佑下，代代幸福美滿。', '1979-05-22 16:15:50'),
(11, 6, 30, 2, '李秀英', '個人', '祈願祖先庇佑，考試順利，囧，ありがとう，사랑합니다，Orz。', '1979-10-05 02:49:31'),
(12, 11, 28, 3, '李建華', '妻二子', '祈求祖先保佑家庭和樂子女勤學代代延續祖宗精神幸福永續', '1980-03-17 19:22:07'),
(13, 10, 27, 1, '李家豪', '妻、幼子', '感謝祖先，願幼子聰明伶俐，健康快樂，幸福一生，囧，Stay strong!', '1981-10-31 07:04:55'),
(14, 5, 30, 1, '李美麗', '個人', '祈願祖先庇佑，事業順遂，m(S)m超人，ありがとう，Stay strong! Orz', '1981-08-24 15:33:12'),
(15, 11, 28, 1, '李文傑', '妻二子', '祈求祖先保佑家庭和樂子女勤學代代延續祖宗精神不斷繁榮昌盛', '1983-05-09 12:11:43'),
(16, 8, 29, 1, '李佩芬', '個人', '感謝祖先庇佑，願我努力學習，心境安寧，生活幸福，囧，Thank you always!', '1983-12-22 22:58:04'),
(17, 4, 30, 2, '李建智', '妻、三子', '祈願祖先庇佑，子孫勤儉持家，代代昌盛，幸福永續。', '1982-08-19 04:26:37'),
(18, 4, 29, 1, '李淑惠', '妻、三子', '祈願祖先庇佑，子孫勤儉持家，代代昌盛。', '1981-05-16 18:09:21'),
(19, 2, 30, 3, '李志遠', '妻、長女', '祈願祖先庇佑，女兒快樂成長，_微笑，囧，ありがとう，Peace forever! Orz', '1980-12-05 10:44:16'),
(20, 10, 30, 3, '李家銘', '妻、幼子', '感謝祖先，願幼子聰明伶俐，健康快樂。妻子辛勤持家，我希望她能健康長壽，與我一同見證孩子的成長.祖先的精神是我們的指引，願我們一家人能在祖德庇佑下，代代幸福美滿。願幼子在祖德庇佑下，能在未來的道路上，無論遇到何種挑戰，都能以堅毅之志克服，讓祖德在他身上延續。', '1985-02-18 14:52:33'),
(21, 8, 27, 3, '李麗君', '個人', '感謝祖先庇佑，偶要在學業上突破，囧，ありがとう，Stay strong! Orz ~~~', '1986-01-26 20:17:08'),
(22, 5, 30, 3, '李志誠', '個人', '祈求祖先庇佑，讓我在事業上能有所突破，生活安穩。祖先的精神提醒我：勤勞、誠信、仁愛是立身之本。我願以此為座右銘，無論在事業或生活中，都能以誠待人，以信立世。願祖先庇佑我能在未來的挑戰中不退縮，勇敢面對，並以自身的努力為家族增添榮光。', '1985-11-04 06:39:51'),
(23, 10, 28, 2, '李秀蘭', '個人', '感謝祖先的庇佑，讓我能在困境中保持堅毅。人生道路並非一帆風順，但祖先的精神提醒我：勤勞、誠信、仁愛是立身之本。我願以此為座右銘，無論在事業或人際交往中，都能以誠待人，以信立世。願祖先庇佑我能在未來的挑戰中不退縮，勇敢面對，並以自身的努力為家族增添榮光，讓祖德在我身上延續，並傳承給後代。', '1987-03-25 11:23:14'),
(24, 6, 30, 3, '李建勳', '個人', '祈願祖先庇佑，考試順利，><#慘了，ありがとう，사랑합니다，Orz', '2009-07-07 16:05:42'),
(25, 4, 30, 1, '李美華', '個人', '感謝祖德，願我心境安寧，身體康健，能為家族盡一份心力。', '1986-09-09 22:12:29'),
(26, 4, 27, 2, '李志明', '個人', '感謝祖德庇佑，願我事業穩步前行，生活安定，心境平和，ありがとう。', '1986-12-16 03:48:11'),
(27, 2, 30, 1, '李英傑', '妻、長女', '祈願祖先庇佑，女兒快樂成長，擁有智慧仁心勇氣，幸福一生，Orz。', '1987-08-05 09:56:03'),
(28, 2, 29, 1, '李淑芬', '個人', '祈願祖先庇佑，心境平和，生活幸福。', '1984-04-09 15:19:37'),
(29, 8, 28, 1, '李大同', '個人', '感謝祖先庇佑，願我能在困境中保持堅毅，心境安寧。', '1984-10-31 18:42:50'),
(30, 3, 27, 2, '李麗婷', '個人', '感謝祖德，偶要心想事成，勇敢前行，囧，ありがとう，Stay strong! Orz o', '1984-05-21 07:31:06'),
(31, 3, 28, 3, '李志明', '妻、長子', '感謝祖德，願子孫平安，事業興隆。', '1989-11-03 21:14:25'),
(32, 3, 29, 1, '李阿鑾', '妻、長子', '感謝祖德，願子孫平安，事業興隆，家庭幸福。', '1990-08-20 13:50:18'),
(33, 4, 30, 1, '李建宏', '妻、三子', '祈求祖先庇佑，讓我們一家人能在平凡的生活中找到幸福與安定。三個孩子正值成長階段，我希望他們能在祖德庇佑下，培養仁心與智慧，懂得尊重他人、珍惜家庭。願妻子健康長壽，孩子們勤學不輟，代代承繼祖先的精神，讓家族在未來的世代中持續繁榮昌盛。', '1991-04-01 02:08:44'),
(34, 3, 29, 2, '李美玲', '妻、長子', '感謝祖德，願子孫平安，事業興隆，家庭幸福，囧，사랑합니다。', '1992-01-10 10:27:53'),
(35, 6, 30, 1, '李國華', '個人', '感謝祖先庇佑，願我能在學業上持續精進，不僅僅是為了個人榮耀，更是為了家族的延續與光耀。祖先的智慧與勤勞是我們的根基，我希望能以謙遜之心承繼這份精神，並在未來的道路上，無論遇到何種挑戰，都能以堅毅之志克服，讓祖先的德澤在我身上延續，並傳承給後代子孫，代代不息。', '1992-06-15 17:39:11'),
(36, 11, 29, 3, '李金木', '個人', '感謝祖德，心境安寧，f_騷騷頭，ありがとう，Stay cool! Orz', '1992-09-04 23:04:36'),
(37, 5, 27, 2, '李淑芬', '妻、二女', '祈求祖先庇佑，女兒幸福快樂，家庭和樂融融。', '1995-02-11 08:15:22'),
(38, 5, 28, 3, '李志豪', '妻、二女', '祈求祖先庇佑，女兒幸福快樂，家庭和樂融融，사랑합니다。', '1995-09-30 14:48:09'),
(39, 7, 28, 1, '李寶珠', '個人', '祈求祖先庇佑，心境平和，囧，ありがとう，사랑합니다，Orz。', '1996-03-07 12:53:41'),
(40, 11, 28, 3, '李水源', '妻、二子', '祈求祖先保佑，家人幸福，子女勤學，Orz，사랑합니다，囧，Keep going!', '2020-06-18 19:11:30'),
(41, 2, 28, 3, '李家豪', '妻、三女', '祈願祖先庇佑，讓三位女兒能在成長的道路上，擁有智慧、仁心與勇氣。願她們在學業上有所成就，在生活中懂得珍惜與感恩。妻子辛勤持家，我希望她能健康長壽，與我一同見證孩子們的成長。祖先的精神是我們的指引，願我們一家人能在祖德庇佑下，代代幸福美滿。', '1994-01-14 04:36:57'),
(42, 5, 28, 1, '李佩君', '妻、二女', '祈求祖先庇佑，女兒幸福快樂，家庭和樂融融，Orz，Peace forever!', '1991-06-14 22:02:15'),
(43, 2, 30, 2, '李俊傑', '妻長女', '祈願祖先庇佑女兒快樂成長擁有智慧仁心勇氣幸福一生', '1993-07-02 11:25:48'),
(44, 9, 29, 1, '李火旺', '個人', '感謝祖先庇佑，願我生活平安幸福，事業順利，心境安寧。', '1994-04-06 15:44:03'),
(45, 11, 29, 2, '李雅婷', '個人', '感謝祖德，偶要心境安寧，生活平安，囧，ありがとう，Stay cool! Orz _', '1993-11-03 09:19:36'),
(46, 9, 28, 3, '李文德', '個人', '感謝祖先，願我事業順利，生活安穩，心境常保平和。', '1993-12-03 17:51:24'),
(47, 8, 29, 3, '李美華', '個人', '感謝祖先庇佑，偶要努力拼命學習，囧，(_)!，ありがとう，Stay strong! Orz', '1985-11-14 20:07:49'),
(48, 11, 28, 3, '李志強', '個人', '感謝祖先的庇佑，讓我能在困境中保持堅毅。人生道路並非一帆風順，但祖先的精神提醒我：勤勞、誠信、仁愛是立身之本。我願以此為座右銘，無論在事業或人際交往中，都能以誠待人，以信立世。願祖先庇佑我能在未來的挑戰中不退縮，勇敢面對，並以自身的努力為家族增添榮光，讓祖德在我身上延續，並傳承給後代。', '1996-11-20 03:33:12'),
(49, 6, 28, 3, '李春枝', '妻、二子', '祈求祖先庇佑，子孫勤學，代代昌盛，家族永續繁榮，Orz，Stay strong!', '1997-02-26 13:14:55'),
(50, 7, 28, 2, '李家明', '個人', '祈求祖先庇佑，心境平和，3親一個，ありがとう，Orz', '1988-10-05 21:40:28'),
(51, 8, 28, 2, '李雅如', '個人', '感謝祖先庇佑，願我能在困境中保持堅毅，心境安寧。人生道路並非一帆風順，但祖先的精神提醒我：勤勞、誠信、仁愛是立身', '2007-11-09 07:22:11'),
(52, 8, 29, 3, '李天送', '個人', '感謝祖先庇佑，願我在學業上努力不懈，取得成果，Thank you ancestors.', '2007-10-24 16:58:34'),
(53, 8, 28, 2, '李建宏', '個人', '感謝祖先庇佑，願我在學業與事業上皆能持續精進，不負祖德厚望。', '2008-01-16 11:05:19'),
(54, 9, 27, 3, '李秀英', '個人', '感謝祖先，願我能在事業上有所突破，生活安穩，囧，Keep going!', '2008-05-05 23:17:42'),
(55, 10, 29, 2, '李志遠', '個人', '感謝祖先，願我智慧處事，@_@頭昏眼花，ありがとう，Stay blessed! Orz', '2012-10-11 14:43:06'),
(56, 10, 30, 2, '李阿土', '妻、幼子', '感謝祖先，願幼子聰明伶俐，健康成長。', '2011-08-05 05:29:51'),
(57, 10, 27, 3, '李美玲', '妻、幼子', '感謝祖先，願幼子聰明伶俐，健康快樂，幸福一生。', '2011-11-26 18:12:37'),
(58, 10, 29, 1, '李冠宇', '個人', '感謝祖先，偶要以仁心待人，智慧處事，囧，ありがとう，Stay blessed! Orz (T_T)', '2013-07-14 09:36:14'),
(59, 5, 30, 3, '李淑惠', '個人', '感謝祖先庇佑，讓我在生命的旅程中能夠保持堅毅與智慧。祖先的勤勞與仁心是我們的根基，我願以此為榜樣，無論在事業或人際交往中，都能以誠待人，以信立世。願祖先庇佑我能在未來的挑戰中不退縮，勇敢面對，並以自身的努力為家族增添榮光，讓祖德在我身上延續，並傳承給後代子孫，代代不息。', '2012-03-08 22:50:23'),
(60, 2, 28, 1, '李大同', '妻、三女', '祈求祖先庇佑，女兒幸福快樂，家庭和樂，ありがとう。', '2010-04-10 13:19:48'),
(61, 7, 29, 3, '李明輝', '妻、三子', '祈願祖先庇佑，子孫勤儉持家，代代昌盛，幸福永續，Orz，Stay blessed!', '2011-03-24 20:04:15'),
(62, 11, 29, 1, '李美麗', '妻、二子', '祈求祖先庇佑，子孫勤學，>_<想哭，囧，ありがとう，사랑합니다，Orz', '2016-08-08 07:41:56'),
(63, 3, 27, 2, '李大山', '個人', '感謝祖先庇佑，願我能在事業上有所突破，不僅僅是為了個人利益，更是為了家族的榮耀。祖先的勤勞與智慧是我們的根基，我希望能以此為榜樣，努力不懈，追求卓越。願祖先庇佑我能在未來的道路上，無論遇到何種挑戰，都能以堅毅之志克服，讓祖德在我身上延續，並傳承給後代，代代不息。', '2013-02-24 15:28:33'),
(64, 9, 27, 2, '李志強', '個人', '祈求祖先庇佑，讓我在學業上能有所突破，考試順利，學業精進。祖先的精神提醒我：勤勞、誠信、仁愛是立身之本。我願以此為座右銘，無論在學業或生活中，都能以誠待人，以信立世。願祖先庇佑我能在未來的挑戰中不退縮，勇敢面對，並以自身的努力為家族增添榮光。', '2011-10-05 11:14:09'),
(65, 9, 29, 3, '李秋香', '個人', '感謝祖德庇佑，願我事業順利，生活安定，心境平和，사랑합니다，囧。', '2014-01-14 18:57:22'),
(66, 6, 29, 3, '李文雄', '個人', '感謝祖德，願我心想事成，能在困境中保持堅毅。', '2012-04-28 23:35:46'),
(67, 7, 30, 2, '李美玲', '個人', '感謝祖德，願我心想事成，能在困境中保持堅毅，勇敢前行。', '2012-06-11 04:08:13'),
(68, 8, 27, 1, '李建國', '妻、三女', '祈求祖先庇佑，女兒幸福快樂，家庭和樂。', '2014-05-05 16:22:50'),
(69, 7, 30, 1, '李淑珍', '個人', '感謝祖德庇佑，偶要努力工作，生活安定，囧，ありがとう，Stay blessed! Orz (^^)', '1994-10-29 10:49:17'),
(70, 3, 29, 3, '李志明', '妻、幼子', '感謝祖先，願幼子聰明伶俐，健康快樂。', '1997-11-11 21:13:38'),
(71, 6, 30, 2, '李秀英', '個人', '感謝祖先庇佑讓我能在學業上努力並獲得成果不負祖德厚望 Thank you ancestors', '2004-09-05 14:32:05'),
(72, 11, 28, 3, '李建華', '妻、長子', '感謝祖德，願子孫平安，囧，ありがとう，Stay blessed! Orz ~~~', '2005-05-24 08:55:42'),
(73, 10, 27, 1, '李家豪', '妻、二女', '祈求祖先庇佑，女兒快樂成長，家庭幸福。', '2002-12-14 17:18:29'),
(74, 5, 30, 1, '李美麗', '妻、三女', '祈求祖先庇佑，女兒幸福快樂，x~x糟糕--裝死，囧，ありがとう，Orz', '1982-04-13 23:04:11'),
(75, 11, 28, 1, '李文傑', '妻、長子', '感謝祖德，願子孫平安，事業興隆。長子正值成長階段，我希望他能在祖德庇佑下，培養仁心與智慧，懂得尊重他人、珍惜家庭。妻子辛勤持家，我希望她能健康長壽，與我一同見證孩子的成長.祖先的精神是我們的指引，願我們一家人能在祖德庇佑下，代代幸福美滿，並在社會上有所貢獻。', '2003-08-04 11:47:36'),
(76, 8, 29, 1, '李佩芬', '個人', '祈願祖先庇佑，讓我在生活中能保持心境平和，無論遇到何種挑戰，都能以堅毅之志克服。祖先的精神提醒我：勤勞、誠信、仁愛是立身之本。我願以此為座右銘，無論在事業或人際交往中，都能以誠待人，以信立世。願祖先庇佑我能在未來的挑戰中不退縮，勇敢面對，並以自身的努力為家族增添榮光。', '2002-09-11 05:21:58'),
(77, 4, 30, 2, '李建智', '妻、三女', '祈求祖先庇佑，女兒幸福快樂，囧，ありがとう，사랑합니다，Orz。', '1989-06-19 13:39:14'),
(78, 4, 29, 1, '李淑惠', '個人', '感謝祖先，願我能以仁心待人，智慧處事，延續祖德。', '2000-01-25 20:52:47'),
(79, 2, 30, 3, '李志遠', '個人', '感謝祖德庇佑，願我事業順利，--_--;，ありがとう，Stay blessed! Orz', '1999-07-23 09:14:33'),
(80, 10, 30, 3, '李家銘', '個人', '感謝祖先，願我能以仁心待人，智慧處事，延續祖德。', '2001-06-07 16:28:06'),
(81, 8, 27, 3, '李麗君', '個人', '祈願祖先庇佑，事業順遂，囧，ありがとう，사랑합니다，Orz，Keep going!', '2004-04-18 22:43:51'),
(82, 5, 30, 3, '李志誠', '妻、長子', '感謝祖德，子孫平安，_臉紅，ありがとう', '1998-01-31 03:07:25'),
(83, 10, 28, 2, '李秀蘭', '妻、幼子', '祈願祖先庇佑，讓幼子能在成長的道路上，擁有智慧、仁心與勇氣。願他在學業上有所成就，在生活中懂得珍惜與感恩。妻子辛勤持家，我希望她能健康長壽，與我一同見證孩子的成長。祖先的精神是我們的指引，願我們一家人能在祖德庇佑下，代代幸福美滿，並在社會上有所貢獻，成為祖先的驕傲。願幼子在祖德庇佑下，能在未來的道路上，無論遇到何種挑戰，都能以堅毅之志克服，讓祖德在他身上延續，代代不息。', '2001-12-12 11:59:18'),
(84, 6, 30, 3, '李建勳', '妻、三女', '祈求祖先庇佑，女兒幸福快樂，家庭和樂，Orz，사랑합니다。', '2003-11-11 15:16:44'),
(85, 4, 30, 1, '李美華', '妻、二子', '祈求祖先庇佑，子孫勤學，代代昌盛，囧，ありがとう，사랑합니다，Orz。', '2001-09-15 18:34:02'),
(86, 4, 27, 2, '李志明', '個人', '祈願祖先庇佑，考試順利，學業精進，為家族增光。', '2002-03-01 07:45:29'),
(87, 2, 30, 1, '李英傑', '個人', '祈願祖先庇佑，考試順利，學業精進，為家族增光。', '2002-02-26 21:12:53'),
(88, 2, 29, 1, '李淑芬', '妻、長子', '祈願祖先庇佑，子孫平安，><？聽不懂，囧，ありがとう，Orz', '1995-05-29 14:27:10'),
(89, 8, 28, 1, '李大同', '個人', '感謝祖德，願我心想事成，能在困境中保持堅毅，囧，勇敢前行。', '2002-07-20 04:38:16'),
(90, 3, 27, 2, '李麗婷', '個人', '感謝祖德庇佑讓我在事業上能夠穩步前行生活安定心境平和', '2005-01-27 11:09:45'),
(91, 3, 28, 3, '李志明', '妻、三子', '祈願祖先庇佑，子孫勤儉持家，囧，ありがとう，사랑합니다，Orz。', '2000-08-11 23:51:32'),
(92, 3, 29, 1, '李阿鑾', '個人', '祈願祖先庇佑，事業順遂，生活安穩，心境平和，Orz，ありがとう。', '2004-12-14 16:14:27'),
(93, 4, 30, 1, '李建宏', '個人', '感謝祖德庇佑讓我在事業上穩步前行生活安定心境平和ありがとうご先祖様', '2005-12-18 08:33:50'),
(94, 3, 29, 2, '李美玲', '個人', '感謝祖德，願我心境安寧，生活平安，事業順遂。', '2006-01-22 20:46:13'),
(95, 6, 30, 1, '李國華', '個人', '感謝祖先庇佑，偶要繼續拼命學習，心境安寧，囧，ありがとう，Stay strong! Orz _', '2006-03-12 13:18:04'),
(96, 11, 29, 3, '李金木', '個人', '感謝祖德，願我心境安寧，生活平安，事業順遂。', '2006-05-22 05:57:41'),
(97, 5, 27, 2, '李淑芬', '個人', '感謝祖先，願我能以仁心待人，智慧處事，延續祖德，囧，사랑합니다。', '2019-11-17 17:24:19'),
(98, 5, 28, 3, '李志豪', '個人', '感謝祖德，願我事業蒸蒸日上，生活平安。', '2020-07-20 11:42:35'),
(99, 7, 28, 1, '李寶珠', '妻、三子', '祈願祖先庇佑，子孫昌盛，T_T哭哭啦><，ありがとう，사랑합니다，Orz', '2021-12-25 22:08:12'),
(100, 11, 28, 3, '李水源', '個人', '祈求祖先庇佑，讓我在事業上能有所突破，生活安穩.祖先的精神提醒我：勤勞、誠信、仁愛是立身之本。我願以此為座右銘，無論在事業或生活中，都能以誠待人，以信立世。願祖先庇佑我能在未來的挑戰中不退縮，勇敢面對，並以自身的努力為家族增添榮光。', '2018-05-22 09:35:56'),
(101, 2, 28, 3, '李家豪', '妻、二子', '祈求祖先庇佑，讓我們一家人能在平凡的生活中找到幸福與安定。兩個孩子正值成長階段，我希望他們能在祖德庇佑下，培養仁心與智慧，懂得尊重他人、珍惜家庭。願妻子健康長壽，孩子們勤學不輟，代代承繼祖先的精神，讓家族在未來的世代中持續繁榮昌盛，並在社會上有所貢獻，成為祖先的驕傲。', '2018-11-30 14:19:43'),
(102, 5, 28, 1, '李佩君', '妻、二女', '祈求祖先庇佑，女兒幸福快樂，囧，ありがとう，사랑합니다，Orz，Peace forever!', '2010-12-01 23:51:07'),
(103, 2, 30, 2, '李俊傑', '個人', '感謝祖先的庇佑，讓我能在困境中保持堅毅。人生道路並非一帆風順，但祖先的精神提醒我：勤勞、誠信、仁愛是立身之本。我願以此為座右銘，無論在事業或人際交往中，都能以誠待人，以信立世。願祖先庇佑我能在未來的挑戰中不退縮，勇敢面對，並以自身的努力為家族增添榮光。', '2017-06-19 04:13:28'),
(104, 9, 29, 1, '李火旺', '個人', '祈求祖先庇佑，心境平和，生活幸福，夢想成真，Orz，ありがとう。', '2017-03-22 16:47:52'),
(105, 11, 29, 2, '李雅婷', '個人', '感謝祖先庇佑，願我能在困境中保持堅毅，心境安寧。人生道路並非一帆風順，但祖先的精神提醒我：勤勞、誠信、仁愛是立身之本。我願以此為座右銘，無論在事業或人際交往中，都能以誠待人，以信立世。願祖先庇佑我能在未來的挑戰中不退縮，勇敢面對，並以自身的努力為家族增添榮光。', '2017-05-18 11:29:14'),
(106, 9, 28, 3, '李文德', '妻、長女', '祈願祖先庇佑，女兒快樂成長，擁有智慧仁心勇氣，幸福一生。', '2018-08-29 20:05:41'),
(107, 8, 29, 3, '李美華', '妻、長女', '祈願祖先庇佑，女兒快樂成長，未來能有智慧與仁心。', '2017-11-14 07:33:16'),
(108, 11, 28, 3, '李志強', '妻、長女', '祈願祖先庇佑，女兒快樂成長，幸福一生，囧，ありがとう，사랑합니다，Orz。', '2018-02-04 15:18:59'),
(109, 6, 28, 3, '李春枝', '個人', '祈求祖先庇佑，心境平和，生活幸福，夢想成真。', '2019-04-14 21:54:23'),
(110, 7, 28, 2, '李家明', '妻、二子', '祈求祖先保佑，家庭和樂幸福，(_)A，사랑합니다，囧，Keep going! Orz', '2007-04-02 10:12:47'),
(111, 8, 28, 2, '李雅如', '妻、三子', '祈求祖先庇佑，讓我們一家人能在平凡的生活中找到幸福與安定。三個孩子正值成長階段，我希望他們能在祖德庇佑下，培養仁心與智慧，懂得尊重他人、珍惜家庭。願妻子健康長壽，孩子們勤學不輟，代代承繼祖先的精神，讓家族在未來的世代中持續繁榮昌盛，並在社會上有所貢獻，成為祖先的驕傲。', '2017-10-01 13:40:35'),
(112, 8, 29, 3, '李天送', '個人', '感謝祖先庇佑，願我能在事業上有所突破，不僅僅是為了個人利益，更是為了家族的榮耀。祖先的勤勞與智慧是我們的根基，我希望能以此為榜樣，努力不懈，追求卓越。願祖先庇佑我能在未來的道路上，無論遇到何種挑戰，都能以堅毅之志克服，讓祖德在我身上延續，並傳承給後代。', '2016-12-25 04:22:19'),
(113, 8, 28, 2, '李建宏', '妻、幼子', '感謝祖先，願幼子聰明伶俐，囧，ありがとう，Stay strong! Orz o', '2017-09-12 23:15:58'),
(114, 9, 27, 3, '李秀英', '妻、二子', '祈求祖先保佑，家庭和樂幸福，子女勤學，代代延續祖宗精神。', '2016-01-04 16:51:04'),
(115, 10, 29, 2, '李志遠', '妻、二子', '祈求祖先保佑，家庭和樂，子女勤學，代代延續祖宗精神。', '2015-03-02 08:37:12'),
(116, 10, 30, 2, '李阿土', '個人', '感謝祖先，事業突破，v(-)v和平：勝利，ありがとう，Stay strong! Orz', '2015-11-22 11:04:49'),
(117, 10, 27, 3, '李美玲', '妻、三女', '祈願祖先庇佑，讓三位女兒能在成長的道路上，擁有智慧、仁心與勇氣。願她們在學業上有所成就，在生活中懂得珍惜與感恩。妻子辛勤持家，我希望她能健康長壽，與我一同見證孩子們的成長。祖先的精神是我們的指引，願我們一家人能在祖德庇佑下，代代幸福美滿，並在社會上有所貢獻，成為祖先的驕傲。', '2020-08-14 22:26:33'),
(118, 10, 29, 1, '李冠宇', '個人', '感謝祖先庇佑，願我生活平安幸福，事業順利，囧，ありがとうご先祖様。', '2021-05-11 14:58:15'),
(119, 5, 30, 3, '李淑惠', '個人', '祈求祖先庇佑，心境平和，生活幸福。', '2021-06-14 05:19:42'),
(120, 2, 28, 1, '李大同', '妻、長子', '祈願祖先庇佑，子孫平安，家庭幸福，囧，ありがとう，사랑합니다，Orz。', '2025-04-30 17:43:08'),
(121, 5, 28, 3, '李志豪', '個人', '感謝祖先庇佑，願我能在學業上持續精進，不僅僅是為了個人榮耀，更是為了家族的延續與光耀。祖先的智慧與勤勞是我們的根基，我希望能以謙遜之心承繼這份精神，並在未來的道路上，無論遇到何種挑戰，都能以堅毅之志克服，讓祖先的德澤在我身上延續。', '2021-12-14 20:12:51'),
(122, 7, 28, 1, '李寶珠', '妻、三子', '祈求祖先庇佑，女兒幸福快樂，=..=凸一隻豬比中指，囧，ありがとう，Orz', '2003-02-17 09:36:24'),
(123, 11, 28, 3, '李水源', '個人', '感謝祖先庇佑讓我能在學業上持續努力並獲得成果不負祖德厚望', '2021-10-15 23:55:17'),
(124, 2, 28, 3, '李家豪', '妻、二子', '祈願祖先庇佑，考試順利，學業精進，為家族增光，Orz，ありがとう。', '2022-07-19 13:14:46'),
(125, 5, 28, 1, '李佩君', '妻、二女', '感謝祖先，偶要在事業上突破，囧，ありがとう，Stay strong! Orz (^^)', '2022-02-28 07:49:03'),
(126, 2, 30, 2, '李俊傑', '個人', '感謝祖先庇佑，願我在學業上有所突破，為家族增光。', '2022-10-23 16:22:35'),
(127, 9, 29, 1, '李火旺', '個人', '感謝祖先庇佑，願我在學業上有所突破，為家族增光。', '2022-11-05 11:08:14'),
(128, 11, 29, 2, '李雅婷', '個人', '祈求祖先庇佑，子孫勤學，代代昌盛，家族永續繁榮。', '2023-01-19 21:41:59'),
(129, 9, 28, 3, '李文德', '妻、長女', '感謝祖先，幼子聰明伶俐，(o)/萬歲，ありがとう，사랑합니다，Orz', '2023-05-16 04:15:32'),
(130, 8, 29, 3, '李美華', '妻、長女', '祈求祖先庇佑，子孫勤學，代代昌盛，家族永續繁榮。', '2023-02-13 15:37:26'),
(131, 11, 28, 3, '李志強', '妻、長女', '感謝祖先庇佑，願我在學業上有所突破，為家族增光，囧，ありがとう。', '2023-09-03 22:50:11'),
(132, 6, 28, 3, '李春枝', '個人', '祈願祖先庇佑，事業順遂，生活安穩，心境平和。', '2025-02-01 08:12:44'),
(133, 7, 28, 2, '李家明', '妻、二子', '感謝祖先庇佑，生活平安幸福，-_-沒什麼反應，ありがとう，Stay cool! Orz', '2024-01-19 14:29:53'),
(134, 8, 28, 2, '李雅如', '妻、三子', '感謝祖先，願幼子聰明伶俐，健康快樂。妻子辛勤持家，我希望她能健康長壽，與我一同見證孩子的成長。祖先的精神是我們的指引，願我們一家人能在祖德庇佑下，代代幸福美滿。願幼子在祖德庇佑下，能在未來的道路上，無論遇到何種挑戰，都能以堅毅之志克服，讓祖德在他身上延續。', '2024-07-23 17:04:18'),
(135, 8, 29, 3, '李天送', '個人', '感謝祖先，願我能在事業上有所突破，生活安穩。', '2024-04-18 11:51:36'),
(136, 8, 28, 2, '李建宏', '妻、幼子', '祈求祖先保佑，家庭和樂，子女勤學，代代昌盛，Orz，ありがとう。', '2024-10-09 23:16:25'),
(137, 9, 27, 3, '李秀英', '妻、二子', '祈願祖先庇佑，讓我在生活中能保持心境平和，無論遇到何種挑戰，都能以堅毅之志克服。祖先的精神提醒我：勤勞、誠信、仁愛是立身之本。我願以此為座右銘，無論在事業或人際交往中，都能以誠待人，以信立世。願祖先庇佑我能在未來的挑戰中不退縮，勇敢面對，並以自身的努力為家族增添榮光。', '2025-06-13 05:43:09'),
(138, 10, 29, 2, '李志遠', '妻、二子', '祈願祖先庇佑，事業順遂，生活安穩。', '2025-11-17 13:22:47'),
(139, 10, 30, 2, '李阿土', '個人', '小時候總聽阿公說『吃米擔水要思源』。長大後進了都市工作，每當遇到挫折，想到祖先們當年渡海與對抗天災的堅韌，就覺得自己充滿力量。', '2025-11-17 20:08:54'),
(140, 10, 27, 3, '李美玲', '妻、三女', '每到秋收時節，看著金黃色的稻浪，就彷彿看見公媽們微笑的臉龐。願李氏家族就像這棵大樹一樣，根深蒂固，開花結果。', '2025-11-18 09:41:13'),
(141, 10, 29, 1, '李冠宇', '個人', '謝謝阿太、阿公、阿嬤一輩子守護這片土地，讓我們有家可回、有根可尋。每當回到三合院，心裡就無比踏實。', '2025-05-19 16:55:32'),
(142, 5, 30, 3, '李淑惠', '個人', '感念曾祖父當年用一雙長滿繭的手，一鋤一鋤地在這片荒地挖出水田。如今我們雖然不再務農，但那份刻苦耐勞、腳踏實地的家風，我一定會繼續傳給下一代。', '1982-08-19 22:14:06'),
(143, 7, 26, 0, '李文雄', '個人', 'ID 加 1 計算：在後端先取得當前資料表內最大的 $max_id，並計算出 $next_id = $max_id + 1。', '0000-00-00 00:00:00'),
(144, 3, 22, 0, '李文雄', NULL, '送出前動態寫入時間：利用 JavaScript 的 submit 事件監聽器，在表單正式送出前的「那一瞬間」，動態獲取當下的系統時間，並格式化為 YYYY-MM-DD HH:MM:SS 格式填入該隱藏欄位。', '2026-06-04 14:05:07'),
(145, 5, 24, 0, '李文雄', '本人與大女兒', '1. 守護家族的三棵大樹（根深蒂固）\r\n在村莊內，三棵大樹分別代表著家族的三大房。大樹在傳統家族文化中，象徵著「根深蒂固、開花結果」的生命力。它不僅是守護整個家族的圖騰，也是後代子孫齊聚、尋根與祈願的精神對象。', '2026-06-04 14:27:31'),
(146, 4, 23, 0, '李文雄', '全家', '1. 守護家族的三棵大樹（根深蒂固）\r\n在村莊內，三棵大樹分別代表著家族的三大房。大樹在傳統家族文化中，象徵著「根深蒂固、開花結果」的生命力。它不僅是守護整個家族的圖騰，也是後代子孫齊聚、尋根與祈願的精神對象。', '2026-06-04 14:39:11'),
(147, 6, 25, 0, '李文雄', '本人與大女兒', '1. 守護家族的三棵大樹（根深蒂固）\r\n在村莊內，三棵大樹分別代表著家族的三大房。大樹在傳統家族文化中，象徵著「根深蒂固、開花結果」的生命力。它不僅是守護整個家族的圖騰，也是後代子孫齊聚、尋根與祈願的精神對象。', '2026-06-04 14:51:01'),
(149, 8, 29, 3, '李美華', '全家', '沒有話要說', '2026-06-05 06:44:13'),
(150, 10, 30, 3, '李家銘', '全家', '<p><img alt=\"\" src=\"https://www.tad.ntpc.gov.tw/uploads/images/%E8%A3%81%E7%BD%B0%E5%9F%BA%E6%BA%96%E8%A1%A8(%E8%99%95%E7%BD%B0%E6%A2%9D%E4%BE%8B%E7%AC%AC44%E6%A2%9D%E7%AC%AC2%E9%A0%85).jpg\" style=\"box-sizing: border-box; border: 0px; vertical-align: middle; color: rgb(51, 51, 51); font-family: &quot;Myriad Pro&quot;, &quot;Microsoft JhengHei&quot;, &quot;sans-serif&quot;; font-size: 19.008px; font-style: normal; font-variant-ligatures: normal; font-variant-caps: normal; font-weight: 400; letter-spacing: normal; orphans: 2; text-align: start; text-indent: 0px; text-transform: none; widows: 2; word-spacing: 0px; -webkit-text-stroke-width: 0px; white-space: normal; background-color: rgb(255, 255, 255); text-decoration-thickness: initial; text-decoration-style: initial; text-decoration-color: initial; width: 500px; height: 338px;\"><br style=\"box-sizing: border-box; color: rgb(51, 51, 51); font-family: &quot;Myriad Pro&quot;, &quot;Microsoft JhengHei&quot;, &quot;sans-serif&quot;; font-size: 19.008px; font-style: normal; font-variant-ligatures: normal; font-variant-caps: normal; font-weight: 400; letter-spacing: normal; orphans: 2; text-align: start; text-indent: 0px; text-transform: none; widows: 2; word-spacing: 0px; -webkit-text-stroke-width: 0px; white-space: normal; background-color: rgb(255, 255, 255); text-decoration-thickness: initial; text-decoration-style: initial; text-decoration-color: initial;\"><span style=\"color: rgb(51, 51, 51); font-family: &quot;Myriad Pro&quot;, &quot;Microsoft JhengHei&quot;, &quot;sans-serif&quot;; font-size: 19.008px; font-style: normal; font-variant-ligatures: normal; font-variant-caps: normal; font-weight: 400; letter-spacing: normal; orphans: 2; text-align: start; text-indent: 0px; text-transform: none; widows: 2; word-spacing: 0px; -webkit-text-stroke-width: 0px; white-space: normal; background-color: rgb(255, 255, 255); text-decoration-thickness: initial; text-decoration-style: initial; text-decoration-color: initial; display: inline !important; float: none;\">&nbsp;<span>&nbsp;</span></span><strong style=\"box-sizing: border-box; font-weight: 700; color: rgb(51, 51, 51); font-family: &quot;Myriad Pro&quot;, &quot;Microsoft JhengHei&quot;, &quot;sans-serif&quot;; font-size: 19.008px; font-style: normal; font-variant-ligatures: normal; font-variant-caps: normal; letter-spacing: normal; orphans: 2; text-align: start; text-indent: 0px; text-transform: none; widows: 2; word-spacing: 0px; -webkit-text-stroke-width: 0px; white-space: normal; background-color: rgb(255, 255, 255); text-decoration-thickness: initial; text-decoration-style: initial; text-decoration-color: initial;\">裁罰基準表(處罰條例第44條第2項)</strong><br></p>', '2026-06-05 15:12:10'),
(153, 6, 30, 1, '李國華', '全家', '<p><img src=\"/icon/20260605_212659_6a2323036a4b6.webp\" width=\"200px\"></p><p style=\"color: rgb(34, 34, 34); font-family: Arial, Helvetica, sans-serif; font-size: 13.3333px; font-style: normal; font-variant-ligatures: normal; font-variant-caps: normal; font-weight: 400; letter-spacing: normal; orphans: 2; text-indent: 0px; text-transform: none; widows: 2; word-spacing: 0px; -webkit-text-stroke-width: 0px; white-space: normal; background-color: rgb(255, 255, 255); text-decoration-thickness: initial; text-decoration-style: initial; text-decoration-color: initial; text-align: center;\"><span style=\"font-weight: bold; color: red;\">[ 本信件為系統自動發送 , 請勿直接回信 ]</span></p><table border=\"0\" style=\"color: rgb(34, 34, 34); font-family: Arial, Helvetica, sans-serif; font-size: 10pt; font-style: normal; font-variant-ligatures: normal; font-variant-caps: normal; font-weight: 400; letter-spacing: normal; orphans: 2; text-align: start; text-transform: none; widows: 2; word-spacing: 0px; -webkit-text-stroke-width: 0px; white-space: normal; background-color: rgb(255, 255, 255); text-decoration-thickness: initial; text-decoration-style: initial; text-decoration-color: initial;\"><tbody><tr><td style=\"margin: 0px;\"><strong>親愛的客戶，您好：</strong></td></tr><tr><td style=\"margin: 0px;\"><p>&nbsp;&nbsp;&nbsp;&nbsp;&nbsp;&nbsp;&nbsp;&nbsp;&nbsp;請開啟附加檔案瀏覽您本期的電子帳單。</p><p>&nbsp;&nbsp;&nbsp;&nbsp;&nbsp;&nbsp;&nbsp;&nbsp;&nbsp;若您有任何疑問，<wbr>歡迎您隨時電洽本公司免付費服務電話：0809-080081。</p></td></tr><tr><td style=\"margin: 0px;\"><br></td><br></tr></tbody></table>', '2026-06-06 03:27:47'),
(154, 4, 30, 2, '李建智', '你好', '<p><img src=\"/icon/20260605_215456_6a23299032d6a.jpg\" width=\"200px\"></p>', '2026-06-06 03:55:32'),
(157, 10, 29, 2, '李志遠', '121', '<p><img src=\"/icon/20260606_015949_6a2362f5e5ff3.png\" width=\"200px\"><br><br></p><iframe width=\"400\" height=\"345\" src=\"https://www.youtube.com/embed/IXqOH6lQXAI\" frameborder=\"0\" allowfullscreen=\"\"></iframe>', '2026-06-06 08:00:44'),
(159, 8, 29, 1, '李佩芬', '本人', '<p>(三)辦理方式： 1.親自辦理：檢具應備文件至應到案之監理所站違章窗口辦理。 </p><p>2.郵繳即時銷案：凡於違反道路交通管理事件通知單左上角「得採郵繳或向郵</p><p>託之金融機構繳納罰鍰」打「ˇ」記號之案件，可至各地郵局以即時銷案方式繳納。<br><img src=\"/icon/20260606_063345_6a23a32977fdd.png\" width=\"200px\"></p>', '2026-06-06 12:33:58'),
(160, 3, 28, 3, '李志明', '本人', '<p>為了徹底解決「有白底、但文字沒有完全變黑」的問題，我加強了 CSS 的選取器範圍，</p><p>將文字顏色（color）<strong data-path-to-node=\"1\" data-index-in-node=\"53\">與</strong>文字陰影（text-shadow，防止發光字效果）強制覆寫，</p><p>並將所有可能干擾的語法高亮標籤全部強制轉為黑色。<br><img src=\"/icon/20260606_072039_6a23ae279f4aa.png\" width=\"200px\"></p>', '2026-06-06 13:21:00'),
(161, 11, 29, 3, '李金木', '本人', '<p>我已經將原本 CSS 中會導致原始碼畫面死白的 <code data-path-to-node=\"1\" data-index-in-node=\"24\">.jodit-source *</code> 與 <code data-path-to-node=\"1\" data-index-in-node=\"42\">.ace_editor *</code> 萬用字元移除，</p>\r\n<p>並替換為<strong data-path-to-node=\"1\" data-index-in-node=\"67\">精準安全的 Ace 編輯器樣式修正</strong>。</p>\r\n<p>現在切換 <code data-path-to-node=\"1\" data-index-in-node=\"90\">&lt;/&gt;</code> 原始碼模式時，可以完美呈現純白底色，</p>\r\n<p>且寫過的 HTML 內容與標籤文字都能正常顯示。<br><br><img src=\"/icon/20260606_073129_6a23b0b18bd11.png\" width=\"200px\"></p>', '2026-06-06 13:31:46'),
(162, 7, 30, 1, '李淑珍', '本人', '<p>&lt;?php</p><p>// ==========================================</p><p>// 1. 資料庫連線設定 (本機 lee)</p><p>// ==========================================</p><p>$servername = \"localhost\";</p><p>$username = \"root\";<br><img src=\"/icon/20260606_075511_6a23b63f17f62.png\" width=\"200px\"></p><p><a href=\"/icon/20260606_075439_6a23b61f511b3.pdf\" target=\"_blank\" style=\"color: #0284c7; text-decoration: underline;\">📎 下載附件: 20260606_075439_6a23b61f511b3.pdf</a>&nbsp;<br><a href=\"/icon/20260606_075439_6a23b61f5185a.sql\" target=\"_blank\" style=\"color: #0284c7; text-decoration: underline;\">📎 下載附件: 20260606_075439_6a23b61f5185a.sql</a><br>&nbsp;<a href=\"/icon/20260606_075439_6a23b61f520c6.sql\" target=\"_blank\" style=\"color: #0284c7; text-decoration: underline;\">📎 下載附件: 20260606_075439_6a23b61f520c6.sql</a>&nbsp;<br><a href=\"/icon/20260606_075439_6a23b61f52970.php\" target=\"_blank\" style=\"color: #0284c7; text-decoration: underline;\">📎 下載附件: 20260606_075439_6a23b61f52970.php</a>&nbsp;<br></p>', '2026-06-06 13:55:27'),
(164, 6, 30, 1, '李國華', '本人', '<h1 class=\"style-scope ytd-watch-metadata\" style=\"margin: 0px; padding: 0px; border: 0px; background: rgb(255, 255, 255); word-break: break-word; font-family: Roboto, Arial, sans-serif; line-height: 2.8rem; font-weight: 700; overflow: hidden; max-height: 5.6rem; -webkit-line-clamp: 2; display: -webkit-box; -webkit-box-orient: vertical; text-overflow: ellipsis; white-space: normal; color: rgb(15, 15, 15); font-style: normal; font-variant-ligatures: normal; font-variant-caps: normal; letter-spacing: normal; orphans: 2; text-align: start; text-indent: 0px; text-transform: none; widows: 2; word-spacing: 0px; -webkit-text-stroke-width: 0px; text-decoration-thickness: initial; text-decoration-style: initial; text-decoration-color: initial; font-size: 2rem;\"><yt-formatted-string force-default-style=\"\" class=\"style-scope ytd-watch-metadata\" title=\"MULTI SUB《量販店通异界，我在修真各界搞倒賣》1~77集🔥少年經營量販店卻背負巨額債務，竟意外發現量販店連通异界，用米麵換珍寶法器，還靠异界修士還清債務！ #漫劇 #動漫 #無盡動漫社\" style=\"\"><span dir=\"auto\" class=\"style-scope yt-formatted-string\" style=\"margin: 0px; padding: 0px; border: 0px; background: transparent; font-family: &quot;Microsoft JhengHei&quot;, sans-serif; font-size: 16px;\">量販店通异界，我在修真各界搞倒賣》1~77集</span></yt-formatted-string></h1>\r\n\r\n<iframe width=\"400\" height=\"345\" src=\"https://www.youtube.com/embed/2pl0gmBf23c\" frameborder=\"0\" allowfullscreen=\"\"></iframe>', '2026-06-07 04:04:20'),
(165, 11, 29, 3, '李美麗', '本人與先生', '<iframe width=\"400\" height=\"345\" src=\"https://www.youtube.com/embed/255uuZSF65Q\" frameborder=\"0\" allowfullscreen=\"\"></iframe><h1 class=\"style-scope ytd-watch-metadata\" style=\"margin: 0px; padding: 0px; border: 0px; background: rgb(255, 255, 255); word-break: break-word; font-family: Roboto, Arial, sans-serif; line-height: 2.8rem; font-weight: 700; overflow: hidden; max-height: 5.6rem; -webkit-line-clamp: 2; display: -webkit-box; -webkit-box-orient: vertical; text-overflow: ellipsis; white-space: normal; color: rgb(15, 15, 15); font-style: normal; font-variant-ligatures: normal; font-variant-caps: normal; letter-spacing: normal; orphans: 2; text-align: start; text-indent: 0px; text-transform: none; widows: 2; word-spacing: 0px; -webkit-text-stroke-width: 0px; text-decoration-thickness: initial; text-decoration-style: initial; text-decoration-color: initial; font-size: 2rem;\"><yt-formatted-string force-default-style=\"\" class=\"style-scope ytd-watch-metadata\" title=\"【全程字幕】必看！台大畢業致詞感動全場！ 淚謝珍古德博士改變一生 ‪@ChinaTimes‬\" style=\"\"><span dir=\"auto\" class=\"style-scope yt-formatted-string\" style=\"margin: 0px; padding: 0px; border: 0px; background: transparent; font-family: DFKai-SB, serif; font-size: 16px;\">台大畢業致詞感動全場！ 淚謝珍古德博士改變一生<br>台大畢業致詞感動全場！ 淚謝珍古德博士改變一生</span></yt-formatted-string></h1>', '2026-05-01 09:23:00'),
(166, 3, 28, 3, '李文山', '全家', '<p>🌿 祈願話語進階編輯 (可批次上傳多個、不限格式檔案)<br><img src=\"/icon/20260608_071601_6a265011c461c_龍蝦1.png\" width=\"200px\"></p>', '2026-06-08 13:16:00'),
(167, 11, 28, 1, '李文傑', '本人與大女兒', '<p><a href=\"/icon/20260609_043630_6a277c2ecb239_職業安全衛生法規教育訓練.pptx\" target=\"_blank\" style=\"color: #0284c7; text-decoration: underline;\">📎 下載附件: 職業安全衛生法規教育訓練.pptx</a>&nbsp;<br>🌿 祈願話語進階編輯 (可批次上傳多個、不限格式檔案)</p>', '2026-06-09 10:36:46');

-- --------------------------------------------------------

--
-- 資料表結構 `members`
--

CREATE TABLE `members` (
  `id` int(11) NOT NULL COMMENT '流水號',
  `old_member` varchar(50) DEFAULT NULL COMMENT '前會員號',
  `new_member` varchar(50) DEFAULT NULL COMMENT '現在會員號',
  `generation` int(11) NOT NULL COMMENT '世代(大甲算起)',
  `emperor_shizu` int(11) NOT NULL COMMENT '世祖(台灣算起)',
  `number_of_houses` int(11) NOT NULL COMMENT '房數',
  `name` varchar(50) NOT NULL COMMENT '姓名',
  `gender` varchar(10) DEFAULT NULL COMMENT '性別',
  `birthday` date DEFAULT NULL COMMENT '生日',
  `placeOfBirth` varchar(100) DEFAULT NULL COMMENT '出生地',
  `address` varchar(255) DEFAULT NULL COMMENT '地址',
  `SendSubordinates` text DEFAULT NULL COMMENT '派下員狀態說明',
  `living_status` enum('存','亡','未知') NOT NULL DEFAULT '未知' COMMENT '生存狀態(存/亡/未知)',
  `remarks` text DEFAULT NULL COMMENT '備註'
) ENGINE=InnoDB DEFAULT CHARSET=utf8mb4 COLLATE=utf8mb4_unicode_ci;

--
-- 傾印資料表的資料 `members`
--

INSERT INTO `members` (`id`, `old_member`, `new_member`, `generation`, `emperor_shizu`, `number_of_houses`, `name`, `gender`, `birthday`, `placeOfBirth`, `address`, `SendSubordinates`, `living_status`, `remarks`) VALUES
(1, 'OLD001', '1', 7, 29, 3, '李明輝', '男', '1975-03-12', '台北市萬華區', '台北市中正區重慶南路一段10號', '正常派下員', '存', '常參與春季祭祖'),
(2, 'OLD002', '2', 5, 30, 1, '李美麗', '女', '1932-08-25', '新北市', '新北市板橋區文化路二段50號', '權利停權中', '亡', '民國112年除籍，家屬已辦理過戶'),
(3, 'OLD003', '3', 3, 27, 2, '李大山', '男', '1960-11-30', '台中市', '台中市西屯區台灣大道三段99號', '正常派下員', '未知', '目前失聯中，書面信件遭退件'),
(4, 'OLD004', '4', 11, 28, 3, '李志強', '男', '1968-05-14', '高雄市', '高雄市苓雅區四維三路2號', '正常派下員', '存', '現任地方宗親會理事'),
(5, 'OLD005', '5', 9, 29, 3, '李秋香', '女', '1979-09-08', '台南市', '台南市安平區安平路100號', '正常派下員', '存', '聯絡電話有更新'),
(6, 'OLD006', '6', 6, 29, 3, '李文雄', '男', '1925-01-22', '桃園市', '桃園市桃園區中正路300號', '喪失權利', '亡', '派下權已由長子繼承'),
(7, 'OLD007', '7', 10, 27, 3, '李美玲', '女', '1983-04-17', '新竹市', '新竹市東區光復路二段101號', '正常派下員', '未知', '出境國外未歸，狀態待確認'),
(8, 'OLD008', '8', 8, 27, 1, '李建國', '男', '1972-12-05', '彰化縣', '彰化縣彰化市中山路二段500號', '正常派下員', '存', '每年固定出席大會'),
(9, 'OLD009', '9', 7, 30, 1, '李淑珍', '女', '1988-07-11', '屏東縣', '屏東縣屏東市自由路80號', '正常派下員', '存', '無'),
(10, 'OLD010', '10', 3, 28, 3, '李文山', '男', '1935-10-02', '嘉義市', '嘉義市西區中山路200號', '正常派下員', '亡', '除籍資料已備查'),
(11, 'OLD011', '11', 9, 27, 3, '李秀英', '女', '1981-02-19', '基隆市', '基隆市仁愛區仁一路15號', '保留權利', '存', '需補件親屬關係證明'),
(12, 'OLD012', '12', 11, 28, 3, '李建華', '男', '1978-06-26', '南投縣', '南投縣南投市中興路60號', '正常派下員', '存', '無'),
(13, 'OLD013', '13', 2, 28, 3, '李家豪', '男', '1991-09-15', '雲林縣', '雲林縣斗六市大學路三段1號', '正常派下員', '未知', '戶籍有變動，尚在查證中'),
(14, 'OLD014', '14', 5, 30, 1, '李美麗', '女', '1984-11-04', '苗栗縣', '苗栗縣苗栗市府前路1號', '正常派下員', '存', '主要通訊聯絡人'),
(15, 'OLD015', '15', 11, 28, 1, '李文傑', '男', '1943-08-18', '宜蘭縣', '宜蘭縣宜蘭市神農路一段1號', '喪失權利', '亡', '生前已聲明拋棄衍生權利'),
(16, 'OLD016', '16', 8, 29, 1, '李佩芬', '女', '1989-05-29', '花蓮縣', '花蓮縣花蓮市府前路10號', '正常派下員', '存', '無'),
(17, 'OLD017', '17', 4, 30, 2, '李建智', '男', '1980-04-13', '新竹縣', '新竹縣竹北市光明六路10號', '正常派下員', '存', '無'),
(18, 'OLD018', '18', 5, 30, 3, '李淑惠', '女', '1951-12-21', '桃園市', '桃園市中壢區延平路200號', '正常派下員', '亡', '民國114年歿'),
(19, 'OLD019', '19', 10, 29, 2, '李志遠', '男', '1987-02-07', '苗栗縣', '苗栗縣頭份市中央路50號', '正常派下員', '存', '無'),
(20, 'OLD020', '20', 10, 30, 3, '李家銘', '男', '1995-10-24', '台北市', '台北市大安區信義路四段100號', '正常派下員', '存', '青年代表成員'),
(21, 'OLD021', '21', 8, 27, 3, '李麗君', '女', '1983-06-03', '新北市', '新北市三重區重新路三段1號', '保留權利', '未知', '目前地址查無此人'),
(22, 'OLD022', '22', 5, 30, 3, '李志誠', '男', '1970-07-19', '台中市', '台中市豐原區中正路100號', '正常派下員', '存', '無'),
(23, 'OLD023', '23', 10, 28, 2, '李秀蘭', '女', '1927-01-15', '南投縣', '南投縣草屯鎮中正路500號', '正常派下員', '亡', '已故資深會員'),
(24, 'OLD024', '24', 6, 30, 3, '李建勳', '男', '1986-09-02', '彰化縣', '彰化縣鹿港鎮中山路150號', '正常派下員', '存', '無'),
(25, 'OLD025', '25', 8, 29, 3, '李美華', '女', '1992-03-14', '雲林縣', '雲林縣北港鎮中山路80號', '正常派下員', '存', '無'),
(26, 'OLD026', '26', 3, 28, 3, '李志明', '男', '1944-11-08', '嘉義縣', '嘉義縣太保市太保一路1號', '喪失權利', '亡', '後代已移居海外未辦繼承'),
(27, 'OLD027', '27', 2, 30, 1, '李英傑', '男', '1988-04-23', '高雄市', '高雄市鳳山區光遠路50號', '正常派下員', '存', '無'),
(28, 'OLD028', '28', 5, 27, 2, '李淑芬', '女', '1981-08-31', '屏東縣', '屏東縣潮州鎮延平路10號', '正常派下員', '存', '無'),
(29, 'OLD029', '29', 2, 28, 1, '李大同', '男', '1963-05-12', '台東縣', '台東縣台東市中山路100號', '正常派下員', '未知', '失蹤多年，待法院宣告'),
(30, 'OLD030', '30', 3, 27, 2, '李麗婷', '女', '1994-12-01', '澎湖縣', '澎湖縣馬公市中正路20號', '正常派下員', '存', '青年代表成員'),
(31, 'OLD031', '31', 3, 28, 3, '李志明', '男', '1982-10-14', '台中市', '台中市北區進化北路200號', '正常派下員', '存', '近期更換手機號碼'),
(32, 'OLD032', '32', 3, 29, 0, '李阿鑾', '女', '1929-04-05', '彰化縣', '彰化縣鹿港鎮成功路35號', '正常派下員', '亡', '派下權由其次子辦理繼承中'),
(33, 'OLD033', '33', 8, 28, 2, '李建宏', '男', '1977-12-25', '台北市', '台北市信義區松仁路88號', '正常派下員', '存', '大會重要幹部'),
(34, 'OLD034', '34', 10, 27, 3, '李美玲', '女', '1965-07-19', '新北市', '新北市淡水區中正路12-1號', '保留權利', '未知', '通知信件查無此人'),
(35, 'OLD035', '35', 6, 30, 1, '李國華', '男', '1985-02-02', '高雄市', '高雄市三民區九如一路50號', '正常派下員', '存', '無'),
(36, 'OLD036', '36', 11, 29, 3, '李金木', '男', '1938-09-11', '桃園市', '桃園市八德區介壽路二段120號', '喪失權利', '亡', '民國113年歿，無直系血親繼承'),
(37, 'OLD037', '37', 5, 27, 2, '李淑芬', '女', '1990-06-30', '新竹縣', '新竹縣竹東鎮長春路三段90號', '正常派下員', '存', '無'),
(38, 'OLD038', '38', 5, 28, 3, '李志豪', '男', '1973-11-08', '台南市', '台南市中西區府前路二段300號', '正常派下員', '存', '定期繳納宗親會費'),
(39, 'OLD039', '39', 7, 28, 1, '李寶珠', '女', '1941-03-22', '基隆市', '基隆市中正區正濱路45號', '正常派下員', '亡', '已除籍，證明文件備查'),
(40, 'OLD040', '40', 11, 28, 3, '李水源', '男', '1969-05-17', '南投縣', '南投縣埔里鎮中山路二段100號', '正常派下員', '存', '無'),
(41, 'OLD041', '41', 2, 28, 3, '李家豪', '男', '1988-08-08', '宜蘭縣', '宜蘭縣羅東鎮純精路一段50號', '保留權利', '未知', '出國工作，家屬代為聯絡'),
(42, 'OLD042', '42', 5, 28, 1, '李佩君', '女', '1983-01-12', '苗栗縣', '苗栗縣竹南鎮博愛街15號', '正常派下員', '存', '青年委員會代表'),
(43, 'OLD043', '43', 2, 30, 2, '李俊傑', '男', '1976-04-26', '雲林縣', '雲林縣西螺鎮延平路60號', '正常派下員', '存', '無'),
(44, 'OLD044', '44', 9, 29, 1, '李火旺', '男', '1931-12-03', '嘉義縣', '嘉義縣民雄鄉建國路二段10號', '正常派下員', '亡', '民國111年壽終正寢'),
(45, 'OLD045', '45', 11, 29, 2, '李雅婷', '女', '1992-09-14', '屏東縣', '屏東縣恆春鎮中山路200號', '正常派下員', '存', '通訊地址有變更'),
(46, 'OLD046', '46', 9, 28, 3, '李文德', '男', '1962-02-28', '花蓮縣', '花蓮縣吉安鄉中央路三段50號', '正常派下員', '存', '無'),
(47, 'OLD047', '47', 8, 29, 3, '李美華', '女', '1971-10-05', '台東縣', '台東縣卑南鄉更生北路80號', '正常派下員', '未知', '失聯會員，正由鄰里長協助尋找'),
(48, 'OLD048', '48', 11, 28, 3, '李志強', '男', '1980-07-22', '彰化縣', '彰化縣員林市大同路二段150號', '正常派下員', '存', '無'),
(49, 'OLD049', '49', 6, 28, 3, '李春枝', '女', '1936-05-30', '南投縣', '南投縣竹山鎮大明路50號', '正常派下員', '亡', '已故資深會員'),
(50, 'OLD050', '50', 7, 28, 2, '李家明', '男', '1987-11-11', '新竹市', '新竹市北區東大路二段300號', '正常派下員', '存', '無'),
(51, 'OLD051', '51', 8, 28, 2, '李雅如', '女', '1995-03-03', '台北市', '台北市松山區民生東路五段10號', '正常派下員', '存', '無'),
(52, 'OLD052', '52', 8, 29, 3, '李天送', '男', '1928-08-18', '高雄市', '高雄市鳳山區五甲二路100號', '喪失權利', '亡', '已由代書辦理繼承登錄'),
(53, 'OLD053', '53', 8, 28, 2, '李建宏', '男', '1979-06-14', '桃園市', '桃園市平鎮區延平路二段40號', '保留權利', '未知', '戶籍地查無此人'),
(54, 'OLD054', '54', 9, 27, 3, '李秀英', '女', '1966-12-21', '苗栗縣', '苗栗縣後龍鎮成功路88號', '正常派下員', '存', '無'),
(55, 'OLD055', '55', 10, 29, 2, '李志遠', '男', '1984-01-29', '新北市', '新北市板橋區文化路一段200號', '正常派下員', '存', '無'),
(56, 'OLD056', '56', 10, 30, 2, '李阿土', '男', '1933-10-02', '嘉義市', '嘉義市東區垂楊路50號', '正常派下員', '亡', '民國110年過世'),
(57, 'OLD057', '57', 10, 27, 3, '李美玲', '女', '1991-05-12', '新竹縣', '新竹縣竹北市縣政九路10號', '正常派下員', '存', '無'),
(58, 'OLD058', '58', 10, 29, 1, '李冠宇', '男', '1978-04-03', '雲林縣', '雲林縣虎尾鎮林森路二段15號', '正常派下員', '存', '無'),
(59, 'OLD059', '59', 5, 30, 3, '李淑惠', '女', '1982-09-24', '基隆市', '基隆市信義區信一路120號', '正常派下員', '未知', '通訊處更動未申報'),
(60, 'OLD060', '60', 2, 28, 1, '李大同', '男', '1960-03-31', '澎湖縣', '澎湖縣馬公市新生路80號', '正常派下員', '存', '每年固定委託代表出席');

-- --------------------------------------------------------

--
-- 替換檢視表以便查看 `member_family_view`
-- (請參考以下實際畫面)
--
CREATE TABLE `member_family_view` (
`member_id` int(11)
,`new_member` varchar(50)
,`name` varchar(50)
,`gender` varchar(10)
,`birthday` date
,`placeOfBirth` varchar(100)
,`address` varchar(255)
,`living_status` enum('存','亡','未知')
,`father` varchar(50)
,`mother` varchar(50)
,`adoptiveFather` varchar(50)
,`fosterMother` varchar(50)
,`spouse` varchar(50)
,`brothers` text
,`sisters` text
,`FamilySituation` text
,`son1` text
,`son2` text
,`son3` text
,`son4` text
,`son5` text
,`son6` text
,`son7` text
,`son8` text
,`son9` text
,`daughter1` text
,`daughter2` text
,`daughter3` text
,`daughter4` text
,`daughter5` text
,`daughter6` text
,`daughter7` text
,`daughter8` text
,`daughter9` text
,`member_remarks` text
,`family_remarks` text
);

-- --------------------------------------------------------

--
-- 資料表結構 `messages`
--

CREATE TABLE `messages` (
  `id` int(11) NOT NULL COMMENT '訊息流水號',
  `file_id` int(11) DEFAULT NULL COMMENT '關聯到 files 資料表的 id',
  `from_id` varchar(100) DEFAULT NULL COMMENT '發信者編號 (new_member)',
  `from_name` varchar(255) DEFAULT NULL COMMENT '發信者姓名',
  `to_type` enum('user','generation','houses','role') NOT NULL COMMENT '收件種類 (個人/世代/大房/角色)',
  `to_target` varchar(255) NOT NULL COMMENT '收件目標識別值 (如會員號、admin、或第幾代)',
  `is_read` tinyint(1) DEFAULT 0 COMMENT '0=未讀, 1=已讀',
  `created_at` datetime DEFAULT current_timestamp() COMMENT '留言日期'
) ENGINE=InnoDB DEFAULT CHARSET=utf8mb4 COLLATE=utf8mb4_general_ci COMMENT='祈願信箱發送紀錄表';

--
-- 傾印資料表的資料 `messages`
--

INSERT INTO `messages` (`id`, `file_id`, `from_id`, `from_name`, `to_type`, `to_target`, `is_read`, `created_at`) VALUES
(1, 80, '2', '李美麗', 'user', '6', 0, '2026-06-09 11:32:24'),
(2, 80, '2', '李美麗', 'user', '17', 0, '2026-06-09 11:32:24'),
(3, 80, '2', '李美麗', 'generation', '6', 0, '2026-06-09 11:32:24'),
(4, 80, '2', '李美麗', 'role', 'clan', 0, '2026-06-09 11:32:24'),
(5, 81, '2', '李美麗', 'user', '2', 1, '2026-06-09 11:46:59'),
(6, 81, '2', '李美麗', 'role', 'clan', 0, '2026-06-09 11:46:59'),
(7, 82, '2', '李美麗', 'user', '2', 1, '2026-06-09 12:28:29'),
(8, 82, '2', '李美麗', 'generation', '6', 0, '2026-06-09 12:28:29'),
(9, 83, '2', '李美麗', 'user', '15', 0, '2026-06-09 12:29:36'),
(10, 83, '2', '李美麗', 'user', '18', 0, '2026-06-09 12:29:36'),
(11, 83, '2', '李美麗', 'generation', '6', 0, '2026-06-09 12:29:36'),
(12, 83, '2', '李美麗', 'generation', '7', 1, '2026-06-09 12:29:36'),
(13, 83, '2', '李美麗', 'generation', '8', 0, '2026-06-09 12:29:36'),
(14, 83, '2', '李美麗', 'generation', '9', 0, '2026-06-09 12:29:36'),
(15, 83, '2', '李美麗', 'generation', '10', 0, '2026-06-09 12:29:36'),
(16, 83, '2', '李美麗', 'generation', '11', 0, '2026-06-09 12:29:36'),
(17, 84, '2', '李美麗', 'user', '18', 0, '2026-06-09 12:30:47'),
(18, 84, '2', '李美麗', 'user', '9', 0, '2026-06-09 12:30:47'),
(19, 84, '2', '李美麗', 'role', 'user', 1, '2026-06-09 12:30:47'),
(20, 85, '2', '李美麗', 'role', 'clan', 0, '2026-06-09 12:31:34'),
(21, 86, '2', '李美麗', 'generation', '6', 0, '2026-06-09 12:32:36'),
(22, 86, '2', '李美麗', 'generation', '7', 1, '2026-06-09 12:32:36'),
(23, 86, '2', '李美麗', 'generation', '8', 0, '2026-06-09 12:32:36'),
(24, 86, '2', '李美麗', 'generation', '9', 0, '2026-06-09 12:32:36'),
(25, 86, '2', '李美麗', 'generation', '10', 0, '2026-06-09 12:32:36'),
(26, 86, '2', '李美麗', 'generation', '11', 0, '2026-06-09 12:32:36'),
(27, 87, '2', '李美麗', 'user', '4', 0, '2026-06-09 12:33:33'),
(28, 87, '2', '李美麗', 'user', '13', 0, '2026-06-09 12:33:33'),
(29, 87, '2', '李美麗', 'role', 'admin', 1, '2026-06-09 12:33:33');

-- --------------------------------------------------------

--
-- 資料表結構 `village-chief`
--

CREATE TABLE `village-chief` (
  `id` int(11) NOT NULL COMMENT '編號',
  `city` varchar(50) NOT NULL COMMENT '縣市',
  `district` varchar(50) NOT NULL COMMENT '區別',
  `village` varchar(50) NOT NULL COMMENT '里別',
  `chief_name` varchar(50) NOT NULL COMMENT '里長姓名',
  `office_address` varchar(255) NOT NULL COMMENT '里辦公處地址',
  `office_phone` varchar(20) DEFAULT NULL COMMENT '里辦公室電話',
  `chief_mobile` varchar(20) DEFAULT NULL COMMENT '里長手機'
) ENGINE=InnoDB DEFAULT CHARSET=utf8mb4 COLLATE=utf8mb4_unicode_ci;

--
-- 傾印資料表的資料 `village-chief`
--

INSERT INTO `village-chief` (`id`, `city`, `district`, `village`, `chief_name`, `office_address`, `office_phone`, `chief_mobile`) VALUES
(1, '台中市', '大甲區', '朝陽里', '林立偉', '臺中市大甲區朝陽里１３鄰新政路２之８號', '04-26860369', NULL),
(2, '台中市', '大甲區', '大甲里', '黃勝裕', '臺中市大甲區大甲里１５鄰順天路１３２號', '04-26881034', NULL),
(3, '台中市', '大甲區', '順天里', '陳威宇', '臺中市大甲區順天里１８鄰光明路２０４號', '04-26872881', NULL),
(4, '台中市', '大甲區', '孔門里', '吳柏坤', '臺中市大甲區孔門里６鄰文武路１５２號', '04-26879410', NULL),
(5, '台中市', '大甲區', '平安里', '周寶惜', '臺中市大甲區平安里８鄰三民路１４５號', '04-26870470', NULL),
(6, '台中市', '大甲區', '庄美里', '魏李嫌', '臺中市大甲區庄美里９鄰經國路３７５巷36號', '04-26881882', NULL),
(7, '台中市', '大甲區', '新美里', '王生源', '臺中市大甲區新美里１４鄰光明路２８１巷２６號', '04-26882758', NULL),
(8, '台中市', '大甲區', '岷山里', '林清良', '臺中市大甲區岷山里１１鄰中山路一段９０８巷１０之６１號', '04-26882243', NULL),
(9, '台中市', '大甲區', '中山里', '廖嘉佐', '臺中市大甲區中山里４鄰甲后路5段391號', '04-26765578', NULL),
(10, '台中市', '大甲區', '南陽里', '黃火塗', '臺中市大甲區南陽里９鄰水源路２５號', '04-26870303', NULL),
(11, '台中市', '大甲區', '薰風里', '王秋芬', '臺中市大甲區薰風里９鄰中山路一段８２３巷２３號', '04-26870316', NULL),
(12, '台中市', '大甲區', '義和里', '洪黃素貞', '臺中市大甲區義和里１５鄰重義三路１３巷５６號', '04-26881088', NULL),
(13, '台中市', '大甲區', '武陵里', '方如玉', '臺中市大甲區武陵里９鄰文曲路１１０巷５號', '04-26715088', NULL),
(14, '台中市', '大甲區', '文曲里', '林寶彩', '臺中市大甲區文曲里２鄰東安路５０１巷１４號', '04-26711375', NULL),
(15, '台中市', '大甲區', '武曲里', '蘇月鳳', '臺中市大甲區武曲里１０鄰大安港路１８８號', '04-26875071', NULL),
(16, '台中市', '大甲區', '文武里', '葉淑惠', '臺中市大甲區文武里１４鄰德興路５２號', '04-26873110', NULL),
(17, '台中市', '大甲區', '奉化里', '白見發', '臺中市大甲區奉化里５鄰賢仁路５９號', '04-26879599', NULL),
(18, '台中市', '大甲區', '德化里', '李柄杉', '臺中市大甲區德化里８鄰南北四路１８０巷１５號', '04-26805820', NULL),
(19, '台中市', '大甲區', '江南里', '李文登', '臺中市大甲區江南里７鄰東西五路一段2號', '04-26868037', NULL),
(20, '台中市', '大甲區', '頂店里', '黃安鎮', '臺中市大甲區頂店里２１鄰雁門路３３0號', '04-26875918', NULL),
(21, '台中市', '大甲區', '太白里', '游招滿', '臺中市大甲區太白里５鄰通天路７１號之２', '04-26820229', NULL),
(22, '台中市', '大甲區', '孟春里', '黃湘榕', '臺中市大甲區孟春里１鄰中山路２段５６號', '04-26816090', NULL),
(23, '台中市', '大甲區', '幸福里', '林晨彬', '臺中市大甲區幸福里４鄰長安路３７號', '04-26812673', NULL),
(24, '台中市', '大甲區', '日南里', '邱大豪', '臺中市大甲區日南里１５鄰中山路二段９４０之１６號', '04-26816286', NULL),
(25, '台中市', '大甲區', '龍泉里', '陳廷旺', '臺中市大甲區龍泉里６鄰順帆一街１８５號', '04-26813675', NULL),
(26, '台中市', '大甲區', '西岐里', '羅永宗', '臺中市大甲區西岐里７鄰順帆路110號', '04-26818147', NULL),
(27, '台中市', '大甲區', '銅安里', '林玉生', '臺中市大甲區銅安里７鄰長壽路56-6號', '04-26811478', NULL),
(28, '台中市', '大甲區', '福德里', '莊金波', '臺中市大甲區福德里５鄰順帆路２０６號', '04-26815842', NULL),
(29, '台中市', '大甲區', '建興里', '蔡明河', '臺中市大甲區建興里３鄰臨江路９１巷１２號', '04-26811422', NULL),
(30, '台北市', '松山區', '莊敬里', '周政諭', '105075臺北市松山區撫遠街394-1號', '02-2760-6793', '0920309000'),
(31, '台北市', '松山區', '東榮里', '鄭玉梅', '105010臺北市松山區民生東路五段69巷3號', '02-2767-6931', '0933902948'),
(32, '台北市', '松山區', '三民里', '謝翠鈴', '105013臺北市松山區民生東路五段163-1號8樓', '02-2767-1370', '0910380103'),
(33, '台北市', '松山區', '新益里', '王敏茹', '105073臺北市松山區民權東路五段102號對面(新益臨時里民活動場所）', '02-87877641', '0928261503'),
(34, '台北市', '松山區', '富錦里', '李煥中', '105070臺北市松山區富錦街515號1樓', '02-2763-8234', '0912546233'),
(35, '台北市', '松山區', '新東里', '華國雄', '105067臺北市松山區延壽街3號1樓', '02-2766-4552', '0928881898'),
(36, '台北市', '松山區', '富泰里', '吳學毅', '105064臺北市松山區新東街1巷15號', '02-2748-0836', '0910270087'),
(37, '台北市', '松山區', '介壽里', '蔡錦文', '105015臺北市松山區介壽里民生東路五段36巷4弄6號1樓', '02-2760-8616', '0921120401'),
(38, '台北市', '松山區', '精忠里', '賴美旭', '105412臺北市松山區民生東路四段133號', '02-2712-6798', '0935934403'),
(39, '台北市', '松山區', '東光里', '許秀雲', '105032臺北市松山區南京東路五段123巷41號', '02-2762-5716', '0933727761'),
(40, '台北市', '松山區', '龍田里', '黃淑芬', '105026臺北市松山區光復北路230巷21號地下一層', '02-2547-4135', '0933764244'),
(41, '台北市', '松山區', '東昌里', '陳志明', '105016臺北市松山區民生東路四段112巷7弄24號', '02-27154357', '0932321795'),
(42, '台北市', '松山區', '東勢里', '王叔珍', '臺北市松山區南京東路四段133巷8弄4號', '02-27170369', '0937545333'),
(43, '台北市', '松山區', '中華里', '游吉興', '臺北市松山區敦化北路145巷23弄1號', '27195969', '0910837937'),
(44, '台北市', '松山區', '民有里', '林國瑞', '105004臺北市松山區民權東路三段140巷15號4樓', '27128037', '0931380505'),
(45, '台北市', '松山區', '民福里', '李麗容', '臺北市松山區民權東路三段103巷5弄5號', '02-27160109', '0936-344488'),
(46, '台北市', '松山區', '松基里', '黃建賓', '105021臺北市松山區長春路339巷2號', '02-2716-0515', '0968393627'),
(47, '台北市', '松山區', '慈祐里', '李祖民', '105057臺北市松山區市民大道六段9號', '02-27657700', '0937838889'),
(48, '台北市', '松山區', '安平里', '洪温滿', '臺北市松山區南京東路5段291巷44弄23-1號5樓', '02-2766-0988', '0910236723'),
(49, '台北市', '松山區', '鵬程里', '許顏建', '105068臺北市松山區健康路401號', '27562668', '0933918609'),
(50, '台北市', '松山區', '自強里', '李台華', '105028臺北市松山區延壽街330巷17弄2號1樓', '02-2528-3924', '0910282299'),
(51, '台北市', '松山區', '吉祥里', '陳永昌', '105052臺北市松山區八德路4段245巷52弄5號', '02-2762-7830', '0933727821'),
(52, '台北市', '松山區', '新聚里', '郭秀鳳', '105055臺北市松山區南京東路五段250巷9之7號', '27685997', '0972212997'),
(53, '台北市', '松山區', '復盛里', '張晉維', '105051臺北市松山區市民大道五段99之3號', '02-2528-6727', '0919322079'),
(54, '台北市', '松山區', '中正里', '洪樸陽', '105040臺北市松山區長安東路二段229號12樓', '02-27717533', '0937031518'),
(55, '台北市', '松山區', '中崙里', '張陳碧雲', '臺北市松山區八德路二段410巷16弄6號', '02-27518291', '0933727832'),
(56, '台北市', '松山區', '美仁里', '林志創', '105037臺北市松山區八德路三段99巷10號1樓', '02-2577-9609', '0933925258'),
(57, '台北市', '松山區', '吉仁里', '李全長', '105046臺北市松山區八德路三段76號3樓之3', '02-2578-3233', '0977252805'),
(58, '台北市', '松山區', '敦化里', '蘇榮文', '105044臺北市松山區八德路三段12巷51弄30號1樓', '02-25798196', '0930793998'),
(59, '台北市', '松山區', '復源里', '温福義', '臺北市松山區八德路3段158巷12號', '02-25787766', '0932158311'),
(60, '台北市', '松山區', '復建里', '林坤信', '105048臺北市松山區光復南路66巷34號', '02-2577-3067', '0916527940'),
(61, '台北市', '松山區', '復勢里', '徐麗雲', '105035臺北市松山區光復北路120巷16號', '02-2578-5507', '0910183724'),
(62, '台北市', '松山區', '福成里', '葉佐良', '臺北市松山區敦化南路1段100巷5弄4號', '02-27312851', '0958788130'),
(63, '台北市', '信義區', '西村里', '鄭伊恬(代理)', '110052臺北市信義區區基隆路1段364巷22號', '02-2758-6396', '0975-171-571'),
(64, '台北市', '信義區', '正和里', '董玲娥', '110051臺北市信義區區仁愛路4段452巷3號', '2758-2836', '0939-415-358'),
(65, '台北市', '信義區', '興隆里', '吉娃斯‧吉果', '110052臺北市信義區區基隆路1段350之11號', '02-27583255', '0910364392'),
(66, '台北市', '信義區', '中興里', '趙惠美', '110007臺北市信義區區嘉興街58號', '02-2758-6300', '0936-055-159'),
(67, '台北市', '信義區', '新仁里', '吳建德', '110055臺北市信義區區忠孝東路4段553巷22弄21號', '02-2764-8030', '0987-296-720'),
(68, '台北市', '信義區', '興雅里', '林素琴', '110058臺北市信義區區松隆路26號', '02-2768-8328', '0910-168-085'),
(69, '台北市', '信義區', '敦厚里', '方聰杰', '110067臺北市信義區區永吉路30巷102弄14號', '02-2761-3983', '0910-002-203'),
(70, '台北市', '信義區', '廣居里', '楊玉堂', '110061臺北市信義區區忠孝東路5段372巷27弄75之1號', '02-2345-2011', '0933-705-902'),
(71, '台北市', '信義區', '安康里', '萬宇恆', '110032臺北市信義區區虎林街232巷55號1樓', '02-2727-3989', '0937-853-597'),
(72, '台北市', '信義區', '六藝里', '丁禾溱', '110臺北市信義區區永吉路120巷43弄3號', '02-2767-6839', '0913-817-158'),
(73, '台北市', '信義區', '雅祥里', '宋美玲', '110臺北市信義區區基隆路1段35巷7弄35號', '02-8787-1665', '0933-162-191'),
(74, '台北市', '信義區', '五常里', '游育靖', '110臺北市信義區區松信路58號', '02-2756-5848', '0925-198-033'),
(75, '台北市', '信義區', '五全里', '吳秀好', '110臺北市信義區區永吉路278巷1弄13號', '02-2762-0007', '0921-126-652'),
(76, '台北市', '信義區', '永吉里', '陳永昌', '臺北市信義區區永吉路517巷1弄10號', '02-2764-1381', '0933-205-922'),
(77, '台北市', '信義區', '長春里', '許錦忠', '110臺北市信義區區忠孝東路5段423巷47號', '02-2762-4699', '0937-042-279'),
(78, '台北市', '信義區', '四育里', '連圀堂', '110臺北市信義區區松山路180號', '02-2768-2426', '0937-080-019'),
(79, '台北市', '信義區', '四維里', '劉耀平', '110臺北市信義區區虎林街70巷1號', '02-2769-2390', '0915-252-215'),
(80, '台北市', '信義區', '永春里', '許蕙蘭', '松山路287巷3弄21號', '02-2765-0054', '0910-150-308'),
(81, '台北市', '信義區', '富台里', '羅至佑', '臺北市忠孝東路5段423巷4弄22號', '無', '0901156880'),
(82, '台北市', '信義區', '國業里', '林銘賢', '臺北市信義區區虎林街222巷15號', '02-2726-2518', '0932-237-293'),
(83, '台北市', '信義區', '松隆里', '黃俊龍', '臺北市信義區區松山路650巷15弄臨18之6號', '0933-892-098', '0933-892-098'),
(84, '台北市', '信義區', '松友里', '張海秋', '臺北市信義區路六段76巷2弄22號', '02-2759-1599', '0952-688-388'),
(85, '台北市', '信義區', '松光里', '蔡福來', '臺北市忠孝東路5段492巷32號', '02-2727-8925', '0925-129-159'),
(86, '台北市', '信義區', '中坡里', '曾傳達', '臺北市信義區區福德街125號', '02-2726-9963', '0922-314-835'),
(87, '台北市', '信義區', '中行里', '林美君', '110041臺北市信義區區福德街268巷32號1樓', '02-2727-4777', '0987-445-009'),
(88, '台北市', '信義區', '大道里', '毛水月', '信義區區忠孝東路5段790巷62弄4號', '02-2726-7933', '0933-720-485'),
(89, '台北市', '信義區', '大仁里', '蔡桂清', '臺北市信義區區福德街86號3樓', '02-8726-1376', '0919-220-939'),
(90, '台北市', '信義區', '景新里', '孫積德', '臺北市信義區區莊敬路178巷20號3樓', '02-2758-0905', '0963-139-975'),
(91, '台北市', '信義區', '惠安里', '周葉長', '110020臺北市信義區區吳興街506巷21號', '02-2758-8650', '0921-126-430'),
(92, '台北市', '信義區', '三張里', '李伯壽', '臺北市莊敬路423巷6弄1號', '02-2722-2828', '0933-889-579'),
(93, '台北市', '信義區', '三犁里', '翁信利', '信義區路5段150巷14弄6號1樓', '02-8789-0990', '0911-822-428'),
(94, '台北市', '信義區', '六合里', '陳盈如', '臺北市松仁路240巷19號3樓', '02-2758-4465', '0975-778-025'),
(95, '台北市', '信義區', '泰和里', '林正義', '臺北市信義區區松仁路308巷63號', '02-8786-2076', '0952-332-886'),
(96, '台北市', '信義區', '景聯里', '洪福周', '臺北市吳興街106巷9號', '02-2737-0088', '0933-721-676'),
(97, '台北市', '信義區', '景勤里', '王雷凱', '臺北市信義區區信安街15巷46弄6號', '02-2732-1533', '0961-567-893'),
(98, '台北市', '信義區', '雙和里', '宋祥輝', '吳興街284巷24弄16號', '02-2737-0683', '0919-951-082'),
(99, '台北市', '信義區', '嘉興里', '鄭智耀', '嘉興街175巷6號', '02-2732-4052', '0933-267-062'),
(100, '台北市', '信義區', '黎順里', '卓秀娟', '崇德街15號', '02-2377-0037', NULL),
(101, '台北市', '信義區', '黎平里', '楊介舟', '富陽街55巷9號', '02-2732-9518', '0936-112-627'),
(102, '台北市', '信義區', '黎忠里', '黃建智', '臺北市信義區區和平東路三段391巷16號2樓', '無', '0938-196-598'),
(103, '台北市', '信義區', '黎安里', '劉梅菊', '110001臺北市和平東路3段627巷41弄8之1號', '02-2377-1017', '0928-290-062'),
(104, '台北市', '大安區', '德安里', '蔡銘宗', '10691臺北市大安區四維路78號6樓', '02-2704-9366', '0918-499-478'),
(105, '台北市', '大安區', '仁慈里', '陳麒中', '10650臺北市大安區復興南路1段295巷18號', '02-2706-1268', '0988-136600'),
(106, '台北市', '大安區', '和安里', '翁德東', '10658臺北市大安區信義區路三段109之6號', '02-2704-0069', '0933-849729'),
(107, '台北市', '大安區', '民炤里', '周暉泰', '10650臺北市大安區信義區路3段31巷5號', '02-2700-8406', '0981-950606'),
(108, '台北市', '大安區', '仁愛里', '林宜蓁', '10688臺北市大安區復興南路一段191-1號', '無', '0920728688'),
(109, '台北市', '大安區', '義村里', '潘明勳', '10654臺北市大安區忠孝東路3段248巷7弄4號', '02-2711-9084', '0910380479'),
(110, '台北市', '大安區', '民輝里', '陳威禎', '10651臺北市大安區濟南路3段9號3樓', '02-2711-3757', '0937921537'),
(111, '台北市', '大安區', '昌隆里', '王志剛', '10653臺北市大安區市民大道三段206號4樓之1', '02-2751-2118', '0953663565'),
(112, '台北市', '大安區', '誠安里', '李有福', '10666臺北市大安區安東街28號', '02-2771-5532', '0932154320'),
(113, '台北市', '大安區', '光武里', '韓修和', '10691臺北市敦化南路1段160巷20號', '02-8771-6300', '0933200966'),
(114, '台北市', '大安區', '龍坡里', '黃世詮', '10648臺北市大安區泰順街13之1號', '02-2362-3674', '0933155369'),
(115, '台北市', '大安區', '龍泉里', '龎維良', '10645臺北市大安區雲和街49號', '02-2366-1135', '0939529273'),
(116, '台北市', '大安區', '古風里', '孔憲娟', '10645臺北市大安區師大路135巷1號', '02-3365-1622', '0912599858'),
(117, '台北市', '大安區', '古莊里', '吳宗雄', '10646臺北市大安區浦城街16巷2號', '02-2369-6193', '0937834863'),
(118, '台北市', '大安區', '龍安里', '洪秋甲', '10644臺北市大安區和平東路一段199巷4-9號', '02-2351-0479', '0933122328'),
(119, '台北市', '大安區', '錦安里', '龔志慧', '10642臺北市大安區潮州街130巷3號', '02-2351-5967', '0928494909'),
(120, '台北市', '大安區', '福住里', '李欣芠', '10650臺北市大安區永康街47巷10之1號', '02-2322-2581', '0936173519'),
(121, '台北市', '大安區', '永康里', '李明螢', '10650臺北市大安區金華街199巷3弄6號', '02-2321-9653', '0910-213772'),
(122, '台北市', '大安區', '光明里', '張惠銓', '10641臺北市大安區信義區路2段86巷26號', '02-2341-3350', '0919933237'),
(123, '台北市', '大安區', '錦泰里', '范燕淇', '10641臺北市大安區杭州南路二段65巷10號', '02-2391-8123', '0963098579'),
(124, '台北市', '大安區', '錦華里', '溫美珠', '10643台北市大安區杭州南路二段93巷1-1號', '02-2392-3999', '0937066733'),
(125, '台北市', '大安區', '龍圖里', '陳煒光(代理)', '106029臺北市大安區瑞安街176號', '02-27085234', '0901349057'),
(126, '台北市', '大安區', '新龍里', '李淑梅', '10659臺北市大安區新龍里信義區路3段134巷82號 2樓', '02-2706-7771', '0920588374'),
(127, '台北市', '大安區', '龍陣里', '游菊英', '10661臺北市大安區瑞安街75號3樓', '02-2706-0389', '0958918669'),
(128, '台北市', '大安區', '龍雲里', '黃廣明', '10665臺北市大安區復興南路二段151巷43號', '02-2754-7302', '0978381953'),
(129, '台北市', '大安區', '龍生里', '沈鳳雲', '10664臺北市大安區和平東路二段141號', '02-2706-4529', '0910246384'),
(130, '台北市', '大安區', '住安里', '歐秀珠', '10683臺北市大安區信義區路4段30巷27弄23號', '02-2755-0387', '0920649877'),
(131, '台北市', '大安區', '義安里', '劉威志', '10681臺北市大安區敦化南路二段11巷25-1號', '02-2700-5611', '0933922981'),
(132, '台北市', '大安區', '通化里', '周進財', '10679臺北市大安區通化街19巷19號', '02-2701-9336', '0932210203'),
(133, '台北市', '大安區', '通安里', '鄭水波', '106053臺北市大安區通安街98號', '02-27325548', '0920652487'),
(134, '台北市', '大安區', '臨江里', '劉勇雄', '10677臺北市大安區通化街143巷33號', '02-2738-8269', '0932-029070'),
(135, '台北市', '大安區', '法治里', '林佩燕', '10677臺北市大安區通化街201號', '02-2738-6436', '0980-403536'),
(136, '台北市', '大安區', '全安里', '連馬世驍', '10675臺北市大安區和平東路三段119巷25號', '02-2732-1102', '0921-126-993'),
(137, '台北市', '大安區', '群賢里', '翁鴻源', '10670臺北市大安區和平東路二段311巷43弄36號', '02-2700-3623', '0930069850'),
(138, '台北市', '大安區', '群英里', '石忠勝', '10670臺北市大安區四維路198巷30弄9號', '02-2754-7207', '0933894266'),
(139, '台北市', '大安區', '虎嘯里', '詹仲琪', '10669臺北市大安區和平東路三段46之5號', '02-2737-3718', '0912263574'),
(140, '台北市', '大安區', '臥龍里', '邱奕承', '10667臺北市大安區復興南路二段355號', '02-2736-7001', '0908-415053'),
(141, '台北市', '大安區', '龍淵里', '汪吉秋', '10663臺北市大安區和平東路2段118巷2弄6號', '02-2377-3535', '0932031417'),
(142, '台北市', '大安區', '龍門里', '黃絹家', '10662臺北市大安區和平東路2段54號2樓(里民活動場所：和平東路2段18巷3弄4號)', '02-2363-5638', '0920-439-233'),
(143, '台北市', '大安區', '大學里', '吳沛璇', '10660臺北市大安區溫州街74巷2弄4號', '02-2362-2674', '0910110400'),
(144, '台北市', '大安區', '芳和里', '黃正浪', '10675臺北市大安區樂業街99號B1', '02-8732-1187', '0985698758'),
(145, '台北市', '大安區', '黎元里', '蘇偉彬', '106040臺北市臥龍街187號', '02-8732-0168', '0939728869'),
(146, '台北市', '大安區', '黎孝里', '方丁輝', '10676臺北市大安區臥龍街267之10號', '02-2377-2022', '0919323201'),
(147, '台北市', '大安區', '黎和里', '李啟宏', '10676臺北市大安區富陽街111號', '02-23779090', '0931297990'),
(148, '台北市', '大安區', '建安里', '溫志維', '10690臺北市大安區敦化南路一段161巷69弄4號2樓', '02-2771-6279', '0982543811'),
(149, '台北市', '大安區', '建倫里', '林正達', '10688臺北市大安區安和路1段21巷24號6樓', '02-2711-8085', '0988058967'),
(150, '台北市', '大安區', '敦安里', '王 復', '10689臺北市大安區仁愛路4段122巷44-1號', '02-2784-9293', '0910088886'),
(151, '台北市', '大安區', '正聲里', '陳秀蘭', '10694臺北市大安區正聲里光復南路260巷41-5號(6樓)', '02-2711-3890', '0937985839'),
(152, '台北市', '大安區', '敦煌里', '傅吉田', '10689臺北市大安區安和路一段135巷8號', '02-2704-3110', '0932396218'),
(153, '台北市', '大安區', '華聲里', '陳金花', '10694臺北市大安區市民大道四段248號B1', '02-27715309', '0933-720223'),
(154, '台北市', '大安區', '車層里', '李易儒', '10692臺北市大安區仁愛路4段345巷5弄15號1樓', NULL, '0906238287'),
(155, '台北市', '大安區', '光信里', '楊珮菱', '10696臺北市大安區延吉街236巷17號2樓', '02-2703-2357', '0916-563248'),
(156, '台北市', '大安區', '學府里', '李淳琳', '10673臺北市大安區羅斯福路四段119巷66弄8號', '02-8732-1732', '0922989922'),
(157, '台北市', '中山區', '正守里', '陳育群', '臺北市中山區林森北路67巷7號2樓', '02-2562-2169', '0975875967'),
(158, '台北市', '中山區', '正義里', '李志勇', '臺北市中山區林森北路133巷78號', '02-2531-8228', '0988723237'),
(159, '台北市', '中山區', '正得里', '吳美瑩', '臺北市中山區林森北路100號8樓', '02-2551-8951', '0982111389'),
(160, '台北市', '中山區', '民安里', '王俊堯', '臺北市中山區中山北路一段112巷5-2號', '02-2581-7770', '0983672893'),
(161, '台北市', '中山區', '康樂里', '王金富', '臺北市中山區南京東路一段35號1樓', '02-2562-9158', '0932001952'),
(162, '台北市', '中山區', '中山里', '曾瓊梅', '臺北市中山區長春路37號1樓', '02-2581-1236', '0932940210'),
(163, '台北市', '中山區', '聚盛里', '舒贑臺', '臺北市中山區錦州街50號1樓', '02-2541-1398', '0970058151'),
(164, '台北市', '中山區', '集英里', '賴政庸', '臺北市中山區天祥路9號', '02-2536-4260', '0933124851'),
(165, '台北市', '中山區', '聚葉里', '游啟業', '臺北市中山區中山北路二段137巷35號1樓', '02-2581-2320', '0952080608'),
(166, '台北市', '中山區', '恆安里', '黃志昌', '臺北市中山區中山北路二段183巷9號', '02-2585-3352', '0918000050'),
(167, '台北市', '中山區', '晴光里', '林姿吟', '臺北市中山區雙城街18巷20號1樓', '02-2596-6342', '0981201026'),
(168, '台北市', '中山區', '圓山里', '葉建輝', '臺北市中山區新生北路三段82巷32號1樓', '02-2593-0718', '0953211827'),
(169, '台北市', '中山區', '劍潭里', '黃開芳', '臺北市中山區通北街143號', '02-2533-5530', '0952630327'),
(170, '台北市', '中山區', '大直里', '曹邦全', '臺北市中山區北安路573巷6號1樓', '02-2533-3676', '0918050253'),
(171, '台北市', '中山區', '成功里', '李清水', '臺北市中山區北安路676號1樓（大直計程車休息站內）', '02-2532-2340', '0933908508'),
(172, '台北市', '中山區', '永安里', '唐楷瀚', '臺北市中山區明水路389號', NULL, '0910857885'),
(173, '台北市', '中山區', '大佳里', '莊欽億', '臺北市中山區松江路581巷53號1樓、民族東路85至89號1樓', '02-2501-9605', '0989168356'),
(174, '台北市', '中山區', '新喜里', '吳昇陽', '臺北市中山區德惠街170巷19號1樓', '02-2592-8750', '0921139977'),
(175, '台北市', '中山區', '新庄里', '鄧麗珠', '臺北市中山區農安街125巷43號1樓', '02-2593-5220', '0933166086'),
(176, '台北市', '中山區', '新福里', '童勝輝', '臺北市中山區中原街142號2樓之1', '02-2586-4846', '0910195039'),
(177, '台北市', '中山區', '松江里', '蔣築諠', '臺北市中山區松江路297巷9號1樓', '02-2517-0155', '0935226835'),
(178, '台北市', '中山區', '新生里', '曾國益', '臺北市中山區新生北路二段137巷41號', '02-2564-2183', '0932187925'),
(179, '台北市', '中山區', '中庄里', '陳建中', '臺北市中山區吉林路199巷29號', '02-2581-7916', '0926379768'),
(180, '台北市', '中山區', '行政里', '羅仲瑜(代理)', '臺北市中山區松江路367號5樓', '25031369#516', '0972295624'),
(181, '台北市', '中山區', '行仁里', '陳德賢', '臺北市中山區龍江路356巷45號1樓', '02-2517-0557', '0928216147'),
(182, '台北市', '中山區', '行孝里', '呂勗淇', '臺北市中山區民族東路282號5樓', '02-2517-2230', '0952094088'),
(183, '台北市', '中山區', '下埤里', '施士凱', '臺北市中山區龍江路429巷10號2樓', '02-2508-4192', '0908112320'),
(184, '台北市', '中山區', '江寧里', '徐信洲', '臺北市中山區合江街137號4樓', '02-2509-7688', '0933091409'),
(185, '台北市', '中山區', '江山里', '劉陽劍', '臺北市中山區建國北路二段129號2樓', '02-2506-1832', '0933892067'),
(186, '台北市', '中山區', '中吉里', '林德勝', '臺北市中山區松江路204巷65號1樓', '02-2560-1553', '0932157126'),
(187, '台北市', '中山區', '中原里', '羅崇華', '臺北市中山區新生北路二段53號2樓', '02-2531-5557', '0972245777'),
(188, '台北市', '中山區', '興亞里', '林芳薇', '臺北市中山區吉林路26巷5號2樓', '02-2551-7846', '0935735035'),
(189, '台北市', '中山區', '中央里', '李陳金綉', '臺北市中山區伊通街125巷11之1號1樓', '02-2504-1483', '0925421115'),
(190, '台北市', '中山區', '朱馥里', '卓志勇', '臺北市中山區龍江路168號地下1樓', '02-2503-3200', '0982032207'),
(191, '台北市', '中山區', '龍洲里', '陳世明', '臺北市中山區興安街83號', '02-2517-9995', '0932201912'),
(192, '台北市', '中山區', '朱園里', '李林耀', '臺北市中山區渭水路50號4樓', '02-2751-6216', '0922161726'),
(193, '台北市', '中山區', '埤頭里', '黃基淋', '臺北市中山區安東街5-2號', '02-2752-1080', '0913011212'),
(194, '台北市', '中山區', '朱崙里', '高銘鴻', '臺北市中山區龍江路21巷2號', '02-2781-5504', '0936096604'),
(195, '台北市', '中山區', '力行里', '沈銀德', '臺北市中山區龍江路37巷19號', '02-2721-7218', '0939269398'),
(196, '台北市', '中山區', '復華里', '黃展輝', '臺北市中山區遼寧街108巷14號', '02-2712-5934', '0933908512'),
(197, '台北市', '中山區', '金泰里', '游進義', '臺北市中山區敬業三路160號2樓', '02-8509-8472', '0932357865'),
(198, '台北市', '中山區', '北安里', '陳小康', '臺北市中山區北安路759巷6號1樓', '02-2533-7936', '0932054131'),
(199, '台北市', '中正區', '水源里', '林全義', '10090臺北市中正區水源里羅斯福路4段52巷16弄7號', '02-2369-0339', '0935381941'),
(200, '台北市', '中正區', '富水里', '陳麗真', '10087臺北市中正區富水里永春街185-3號', '02-2365-6541', '0933958335'),
(201, '台北市', '中正區', '文盛里', '温紹宏', '10045臺北市中正區羅斯福路3段286巷4弄4號1樓', '02-2367-7325', '0919246218'),
(202, '台北市', '中正區', '林興里', '吳寶燕', '10086臺北市中正區林興里水源路21號', '02-2368-6919', '0933213180'),
(203, '台北市', '中正區', '河堤里', '鄒士根', '10088臺北市中正區河堤里金門街11-1號', '02-2364-1783', '0932386041'),
(204, '台北市', '中正區', '頂東里', '王曜樹', '100033臺北市中正區頂東里金門街9之1號', '02-2364-8892', '0937042108'),
(205, '台北市', '中正區', '網溪里', '夏萬浪', '10082臺北市中正區網溪里牯嶺街165號', '02-3365-1928', '0919940027'),
(206, '台北市', '中正區', '板溪里', '黃國輝', '10085 臺北市中正區板溪里汀州路2段151號1樓', '02-2367-6960', '0928840912'),
(207, '台北市', '中正區', '螢圃里', '陳木松', '10083臺北市中正區螢圃里重慶南路三段83巷3號', '02-2365-7968', '0939133669'),
(208, '台北市', '中正區', '螢雪里', '陳文質', '10077臺北市中正區螢雪里福州街59號', '02-2305-2201', '0933826949'),
(209, '台北市', '中正區', '永功里', '陳宏明', '10071臺北市中正區永功里汀州路一段324號', '02-2337-9808', '0933016366'),
(210, '台北市', '中正區', '永昌里', '陳玟如', '臺北市中正區汀州路一段242巷5號', '2307-3916', '0958971396'),
(211, '台北市', '中正區', '龍興里', '陳月容', '10079臺北市中正區三元街131號4樓', '02-23032845', '0917522883'),
(212, '台北市', '中正區', '忠勤里', '方荷生', '100062臺北市中正區忠勤里中華路2段303巷14號', '02-2305-6741', '0935920329'),
(213, '台北市', '中正區', '廈安里', '涂光宇', '10062臺北市中正區廈安里中華路二段175巷24號', '02-2302-7494', '0932028027'),
(214, '台北市', '中正區', '愛國里', '周德潤', '10066臺北市中正區愛國里延平南路192巷6號', '02-2388-1662', '0933028353'),
(215, '台北市', '中正區', '南門里', '郭有賢', '100057臺北市中正區南門里博愛路163號', '02-2381-8302', '0928490157'),
(216, '台北市', '中正區', '龍光里', '陳萬龍', '10002臺北市中正區和平西路二段45號', '02-2303-3498', '0937888899'),
(217, '台北市', '中正區', '南福里', '許益明', '10078臺北市中正區南福里和平西路1段55巷6號', '2392-8982', '0937855870'),
(218, '台北市', '中正區', '龍福里', '鄭珍珍', '10066臺北市中正區龍福里牯嶺街35號', '02-2391-2025', '0933763131'),
(219, '台北市', '中正區', '新營里', '莊柏辰', '10092臺北市中正區金華街20號1樓', '02-3393-7573', '0966415705'),
(220, '台北市', '中正區', '建國里', '許瀞尹', '10050臺北市中正區衡陽路78號', '02-2314-1308', '0930886725'),
(221, '台北市', '中正區', '光復里', '王麗美', '10042臺北市中正區光復里開封街一段105-2號1樓', '02-2361-3966', '0955526140'),
(222, '台北市', '中正區', '黎明里', '鄭燕宗', '10041臺北市中正區黎明里忠孝西路一段29巷2號1、2樓', '02-2382-0387', '0988333679'),
(223, '台北市', '中正區', '梅花里', '吳崑山', '100013臺北市中正區紹興北街23號1樓', '02-2393-3800', '0921100970'),
(224, '台北市', '中正區', '幸福里', '蘇宏仁', '10049臺北市中正區幸福里北平東路24號', '02-2341-1328', '0919588497'),
(225, '台北市', '中正區', '幸市里', '林禎吉', '100臺北市中正區新生南路一段54巷18-3號', '02-2351-5824', '0933016568'),
(226, '台北市', '中正區', '東門里', '牟桂富', '臺北市中正區東門里仁愛路一段53號', '(02)2321-5659', '0932-388608'),
(227, '台北市', '中正區', '文北里', '陳余秀卿', '10055臺北市中正區杭州南路一段77巷3號', '02-2321-8919', '0939561355'),
(228, '台北市', '中正區', '文祥里', '李淑珍', '10020臺北市中正區金山南路一段100號', '02-23944599', '0919319818'),
(229, '台北市', '中正區', '三愛里', '陳仁志', '10064臺北市中正區臨沂街75巷19號', '02-2391-2222', '0938205215'),
(230, '台北市', '大同區', '大有里', '許美智', '103006臺北市大同區民樂街115號', '02-2557-7229', '0931903250'),
(231, '台北市', '大同區', '光能里', '陳靜筠', '103018臺北市大同區承德路二段33號1樓', '02-2559-8984', '0933714724'),
(232, '台北市', '大同區', '老師里', '許宮銘', '103036臺北市大同區哈密街158號', '02-2592-5168', '0936222200'),
(233, '台北市', '大同區', '國慶里', '高大陸', '103023臺北市大同區民族西路260號1樓', '02-25954836', '0930-858876'),
(234, '台北市', '大同區', '鄰江里', '陳豊祥', '103043臺北市大同區酒泉街158號', '02-2591-0903', '0920496193'),
(235, '台北市', '大同區', '景星里', '吳若屏', '103027臺北市大同區伊寧街75巷4號', NULL, '0981962269'),
(236, '台北市', '大同區', '建明里', '王振宇', '103013臺北市大同區華陰街99號', NULL, '0965121696'),
(237, '台北市', '大同區', '建泰里', '陳鵬程', '103014臺北市大同區承德路一段101號', '02-2558-3377', '0925583377'),
(238, '台北市', '大同區', '至聖里', '楊秀龍', '103033臺北市大同區民族西路169巷38號1樓', '02-2597-2808', '0923655787'),
(239, '台北市', '大同區', '雙連里', '洪振恒', '103023臺北市大同區歸綏街126號', '02-2552-8098', '0910222552'),
(240, '台北市', '大同區', '民權里', '陳玉女', '103024臺北市大同區寧夏路131號', '02-2550-1178', '0912284889'),
(241, '台北市', '大同區', '永樂里', '林宗穎', '103002臺北市大同區南京西路239巷31號', '02-2555-4396', '0930087087'),
(242, '台北市', '大同區', '朝陽里', '呂国維', '103008臺北市大同區南京西路167巷3-5號', '02-25523101', '0936229268'),
(243, '台北市', '大同區', '南芳里', '賴徐玉枝', '103004臺北市大同區迪化街1段312巷7號', '02-2553-0668', '0939505458'),
(244, '台北市', '大同區', '揚雅里', '吳振明', '103026臺北市大同區重慶北路三段113巷56號2樓之2', NULL, '0928271908'),
(245, '台北市', '大同區', '斯文里', '江雪卿', '103031臺北市大同區承德路3段129巷11號3樓', NULL, '0922526429'),
(246, '台北市', '大同區', '重慶里', '張艷鴻', '103030臺北市大同區重慶里重慶北路三段347號二樓之2', '02-2595-1038', '0911062198'),
(247, '台北市', '大同區', '保安里', '張賦脈', '103030臺北市大同區重慶北路3段295巷6號2樓', '02-2591-0582', '0930743156'),
(248, '台北市', '大同區', '玉泉里', '羅素真', '103001臺北市大同區西寧北路11號', NULL, '0979305833'),
(249, '台北市', '大同區', '蓬萊里', '何英輝', '10346臺北市大同區大龍街10號', '02-2593-6524', '0936229837'),
(250, '台北市', '大同區', '建功里', '周志賢', '103016臺北市大同區重慶北路1段83巷37號', '02-2556-4651', '0952167609'),
(251, '台北市', '大同區', '延平里', '郭逸斌', '103009臺北市大同區甘州街12號', '02-2552-8918', '0928823380'),
(252, '台北市', '大同區', '星明里', '劉福永', '103020臺北市大同區太原路161巷4號', '02-2556-2463', '0938631165'),
(253, '台北市', '大同區', '隆和里', '沈春華', '103041臺北市大同區景化街46號', NULL, '0922799261'),
(254, '台北市', '大同區', '國順里', '陳穎慧', '103028臺北市大同區迪化街二段163號', '02-2585-3129', '0952158077'),
(255, '台北市', '萬華區', '和德里', '洪天化', '108036臺北市萬華區區西園路2段372巷10號(和德里)', '02-23395285', '0937896753'),
(256, '台北市', '萬華區', '仁德里', '許淑惠', '108212臺北市萬華區區西寧南路192-2號1樓(仁德里)', '02-2331-6860', '0920408935'),
(257, '台北市', '萬華區', '福星里', '李黃玉根', '108001臺北市萬華區區西寧南路14之3號1樓', '02-2331-2566', '0910128896'),
(258, '台北市', '萬華區', '興德里', '吳政侑', '108056臺北市萬大路449巷28弄7號(興德里)', '02-2301-6199', '0912834555'),
(259, '台北市', '萬華區', '榮德里', '陳欣漢', '108047臺北市萬華區區武成街80巷61號(榮德里)', '02-2303-7876', '0928118833'),
(260, '台北市', '萬華區', '忠貞里', '林錫祺', '108053臺北市萬華區區萬大路277巷44弄1之3號(忠貞里)', '02-23093320', '0953190521'),
(261, '台北市', '萬華區', '全德里', '趙素美', '108033臺北市德昌街21號(全德里)', '02-2303-0059', '0910075948'),
(262, '台北市', '萬華區', '華中里', '黃世豪', '108046 臺北市萬華區區萬大路534巷42號(華中里)', '02-2337-6162', '0966530656'),
(263, '台北市', '萬華區', '日善里', '蕭進德', '108234臺北市東園街19號二樓(日善里)', '23324633', '0954075413'),
(264, '台北市', '萬華區', '錦德里', '張菀庭', '108038臺北市寶興街80巷18號(錦德里)', '23070898', '0982877775'),
(265, '台北市', '萬華區', '壽德里', '陳志雄', '108054臺北市萬華區區長泰街45號', '2332-8377', '0922-087-388'),
(266, '台北市', '萬華區', '日祥里', '張宏聖', '10882臺北市萬華區區青年路180號(日祥里)', '02-23090136', '0932007328'),
(267, '台北市', '萬華區', '華江里', '洪佳君', '10858長順區民活動中心(長順街臨127號)', '02-23022987', '0970-747-926'),
(268, '台北市', '萬華區', '新忠里', '邱文龍', '108048臺北市西藏路125巷7之2號(新忠里)', '23392806', '0953009862'),
(269, '台北市', '萬華區', '福音里', '蔡岳樺', '108012 臺北市萬華區區永福街77號(福音里)', '02-2311-3699', '0979608343'),
(270, '台北市', '萬華區', '和平里', '吳淑芬', '108021臺北市萬華區區艋舺大道362號(和平里)', '02-23361001', '0928552882'),
(271, '台北市', '萬華區', '銘德里', '吳啟源', '108042臺北市萬華區區長泰街219號1樓(銘德里)', '2305-2959', '0935935974'),
(272, '台北市', '萬華區', '頂碩里', '溫宗霖', '10860臺北市萬華區區興寧街2號3樓(頂碩里)', '02-2302-7320', '0963038625'),
(273, '台北市', '萬華區', '雙園里', '許惠城', '10860臺北市萬華區區萬大路96號(雙園里)', '23066865', '0955234834'),
(274, '台北市', '萬華區', '保德里', '楊美女', '108040臺北市萬華區區東園街154巷9弄2號(保德里)', '02-2307-4702', '0936048525'),
(275, '台北市', '萬華區', '新起里', '陳鴻祥', '108011臺北市萬華區區貴陽街二段87號(新起里)', '2388-9096', '0932187378'),
(276, '台北市', '萬華區', '柳鄉里', '蔡和益', '108018臺北市桂林路242巷42之1號(柳鄉里)', '02-23089196', '0938079989'),
(277, '台北市', '萬華區', '萬壽里', '吳美玟', '臺北市峨眉街137號2樓(萬壽里)', '2381-7481', '0970778508'),
(278, '台北市', '萬華區', '西門里', '葉敏惠', '108006臺北市萬華區區西寧南路90巷15號(西門里)', '2331-8031', '0963720679'),
(279, '台北市', '萬華區', '菜園里', '蔡蕙而', '108010臺北市萬華區區內江街150號(菜園里)', '02-2388-8990', '0925000932'),
(280, '台北市', '萬華區', '青山里', '李昭成', '臺北市萬華區區108014華西街21巷9號(青山里)', '02-2331-9570', '0933121742'),
(281, '台北市', '萬華區', '富民里', '范添成', '108010臺北市萬華區區康定路160號1樓', '02-2361-1726', '0910038567'),
(282, '台北市', '萬華區', '富福里', '許文輝', '108020臺北市和平西路3段30巷臨5-1號(富福里)', '2302-6455', '0935198759'),
(283, '台北市', '萬華區', '糖廍里', '葉玲瑜', '10856臺北市大理街106號1樓(糖廍里)', '02-2302-0211', '0937925081'),
(284, '台北市', '萬華區', '綠堤里', '邱郁惠', '臺北市雙園街122巷14號(綠堤里)', '02-2302-3658', '0955195123'),
(285, '台北市', '萬華區', '忠德里', '施育婷', '108040臺北市東園街66巷24弄8號(忠德里)', '02-2305-0886', '0913303616'),
(286, '台北市', '萬華區', '孝德里', '李明芬', '108043臺北市萬華區區德昌街261巷16號(孝德里)', '02-23321818', '0932-015015'),
(287, '台北市', '萬華區', '新和里', '邱惠雯', '108052臺北市萬華區區中華路二段416巷13之1號(新和里)', '02-23390506', '0966766777'),
(288, '台北市', '萬華區', '新安里', '郭正中', '108037臺北市萬華區區萬大路187巷1弄9號(新安里)', '02-23049324', '0936077184'),
(289, '台北市', '萬華區', '凌霄里', '游秋蓮', '108050臺北市中華路2段504巷20號(凌霄里)', '02-2337-6040', '0916129935'),
(290, '台北市', '萬華區', '騰雲里', '李重華', '108051臺北市萬華區區中華路二段596巷1號(騰雲里)', '23096837', '0928628781'),
(291, '台北市', '文山區', '景行里', '陳千惠', '116052臺北市文山區羅斯福路六段393號7樓', '02-8663-6123', '0983569319'),
(292, '台北市', '文山區', '景東里', '高鳳謙', '116067臺北市文山區景興路153巷1號', '02-8663-8808', '0912950669'),
(293, '台北市', '文山區', '景美里', '林賢錡', '116053臺北市文山區景美里育英街57巷13號1樓', '02-2934-2273', '0932119689'),
(294, '台北市', '文山區', '景慶里', '蔡岳澄', '116055臺北市文山區景福街281號', '02-2933-5558', '0937075741'),
(295, '台北市', '文山區', '景仁里', '何進輝', '116056臺北市文山區景福街21巷3弄11號', '02-2930-6175', '0966570861'),
(296, '台北市', '文山區', '景華里', '黃培堯', '116052 臺北市文山區羅斯福路六段315號', '02-2934-9967', '0937819808'),
(297, '台北市', '文山區', '萬有里', '黃麗霓', '116052臺北市文山區興隆路一段238之1號', '02-2933-6757', '0988869926'),
(298, '台北市', '文山區', '萬祥里', '張紅木', '116063臺北市文山區羅斯福路五段255號1樓', '02-2933-0009', '0910130087'),
(299, '台北市', '文山區', '萬隆里', '林宗弘', '116057臺北市文山區萬隆街25號1樓', '02-2934-5047', '0921383216'),
(300, '台北市', '文山區', '萬年里', '邱秋芳', '116059臺北市文山區羅斯福路五段150巷35號1樓', '02-8663-7176', '0921923357'),
(301, '台北市', '文山區', '萬和里', '吳祚榮', '116058臺北市文山區汀州路4段251號、文山區溪洲街12號5樓之10', '02-8931-0117', '0932915189'),
(302, '台北市', '文山區', '萬盛里', '徐福進', '116063臺北市文山區羅斯福路五段127號7樓', '02-2934-3389', '0932061855'),
(303, '台北市', '文山區', '興豐里', '余鴻儒', '116062臺北市文山區興隆路一段229巷2號2樓、興隆路二段95巷8號8樓', '02-2932-4127', '0928807121'),
(304, '台北市', '文山區', '興光里', '洪正平', '116075臺北市文山區辛亥路四段209巷6、8號2樓', '02-2933-0357', '0926273695'),
(305, '台北市', '文山區', '興家里', '劉宗勳', '116080臺北市文山區興隆路三段223-2號1樓', '02-2230-4327', '0910121013'),
(306, '台北市', '文山區', '興得里', '曾瑞城', '116078臺北市文山區興隆路三段112巷2弄8號B1', '02-8931-2525', '0920664489'),
(307, '台北市', '文山區', '興業里', '凌錦成', '116072臺北市文山區興隆路二段160號10樓', '02-8663-5005', '0938307588'),
(308, '台北市', '文山區', '興安里', '林文權', '116070臺北市文山區興隆路二段88之2號1樓', '02-2933-0156', '0935035522'),
(309, '台北市', '文山區', '興福里', '呂晴芸', '116069臺北市文山區景華街121巷7弄1號', '02-2932-3399', '0937967679'),
(310, '台北市', '文山區', '興旺里', '蘇瓏議', '116074 臺北市文山區福興路27號', '02-2933-6691', '0922548930'),
(311, '台北市', '文山區', '興泰里', '施志聰', '116081 臺北市文山區辛亥路四段252巷5號1樓', '02-2932-7577', '0911509888'),
(312, '台北市', '文山區', '興昌里', '吳融昊', '116075臺北市文山區辛亥路四段199號', '02-2931-1528', '0960604305'),
(313, '台北市', '文山區', '試院里', '廖欽銅', '116001臺北市文山區和興路88號2樓', '02-2236-5228', '0920075552'),
(314, '台北市', '文山區', '華興里', '陳峙穎', '116005臺北市文山區木柵路一段264號', '02-2936-1780', '0905991580'),
(315, '台北市', '文山區', '明義里', '仇世屏', '116006臺北市文山區興隆路四段42巷1號', '02-2938-5198', '0932111117'),
(316, '台北市', '文山區', '明興里', '鄢健民', '116007臺北市文山區木柵路二段109巷25弄6號', '02-2234-0391', '0917556568'),
(317, '台北市', '文山區', '木柵里', '林志勤', '臺北市文山區久康街24巷42號', '02-2939-2969', '0928504139'),
(318, '台北市', '文山區', '木新里', '鄭明通', '116024臺北市文山區木新路二段50號', '02-2939-7162', '0916334606'),
(319, '台北市', '文山區', '順興里', '楊培釧', '116010臺北市文山區保儀路138巷28號2樓(暫定)', '02-2937-5586', '0934143675'),
(320, '台北市', '文山區', '樟林里', '陳文乾', '116023臺北市文山區興隆路四段66巷32號1樓', '02-2937-8896', '0910068718'),
(321, '台北市', '文山區', '樟新里', '歐陽禾英', '116789臺北市文山區一壽街22號9樓', '02-2937-6288', '0988050107'),
(322, '台北市', '文山區', '樟腳里', '高林玉嬌', '116018臺北市文山區恆光街45號7樓', '02-8661-5958', '0937017516'),
(323, '台北市', '文山區', '萬芳里', '陳姿秀', '116025臺北市文山區萬美街一段51號3樓', '02-2239-3399', '0938112938'),
(324, '台北市', '文山區', '博嘉里', '吳坤輝', '116027臺北市文山區木柵路四段157-1號1樓', '02-2239-3029', '0910097128'),
(325, '台北市', '文山區', '萬興里', '林志冠', '116012臺北市文山區秀明路二段112巷14號', '02-2939-2996', '0906926657'),
(326, '台北市', '文山區', '指南里', '張佳南', '116026臺北市文山區指南路3段33巷34號', '02-2234-2099', '0911841871'),
(327, '台北市', '文山區', '老泉里', '周良富', '116026臺北市文山區老泉里老泉街15號', '02-2936-8966', '0955500528'),
(328, '台北市', '文山區', '忠順里', '曾寧旖', '116021 臺北市文山區興隆路四段145巷30號1樓', '02-2939-9569', '0932152115'),
(329, '台北市', '文山區', '萬美里', '鄧瑞興', '116014臺北市文山區萬美街二段2巷6號', '02-2239-8880', '0939139033'),
(330, '台北市', '文山區', '政大里', '鄭文綺', '116026臺北市文山區萬壽路63-2號1樓', '02-2939-2799', '0958557370'),
(331, '台北市', '文山區', '樟文里', '林淑珠', '116022臺北市文山區木新路三段278巷7弄6號1樓', '02-2234-6605', '0952663096'),
(332, '台北市', '文山區', '興邦里', '張朝雄', '116071臺北市文山區興隆路二段203巷2弄10號', '02-8663-3016', '0919323040'),
(333, '台北市', '文山區', '樟樹里', '陳再炯', '116023臺北市文山區興隆路四段74巷22號1樓', '02-2937-6856', '0922686598'),
(334, '台北市', '南港區', '中南里', '謝沁荷', '115011臺北市南港區中南街123巷3號', '2788-3350', '0932140430'),
(335, '台北市', '南港區', '南港里', '李志錦', '115018臺北市南港區南港路1段227號', '02-2782-3009', '0920791666'),
(336, '台北市', '南港區', '新富里', '許睦燦', '115021臺北市南港區富康街59號', '02-2782-8495', '0952167703'),
(337, '台北市', '南港區', '三重里', '江輝吉', '115023臺北市南港區重陽路504巷1弄9號', '02-2783-4039', '0933032079'),
(338, '台北市', '南港區', '東新里', '蘇俊強課長', '115001臺北市南港區興南街43號', '02-2789-2969', '0972087657'),
(339, '台北市', '南港區', '新光里', '龔睿堉', '115020臺北市南港區昆陽街140巷42弄4號', '02-2788-6626', '0931399999'),
(340, '台北市', '南港區', '東明里', '曾漢祺', '115029臺北市南港區南港路2段128號1樓', '02-2783-2539', '0935979955'),
(341, '台北市', '南港區', '西新里', '胡家瑒', '115020臺北市南港區成功路1段99號', '02-2651-8665', '0908809805'),
(342, '台北市', '南港區', '玉成里', '黃聰智', '115027臺北市南港區南港路3段314巷5號', '02-2782-6939', '0932322435'),
(343, '台北市', '南港區', '合成里', '巫永仁', '115025臺北市南港區忠孝東路6段225巷1弄3號', '02-2785-2187', '0952861379'),
(344, '台北市', '南港區', '成福里', '王秋娥', '115019臺北市南港區東新街80巷9弄11號', '02-2655-9155', '0935602255'),
(345, '台北市', '南港區', '萬福里', '林建華', '115025臺北市南港區忠孝東路6段70巷21弄8號', '02-2785-5945', '0933035700'),
(346, '台北市', '南港區', '鴻福里', '劉明康', '115009臺北市南港區成福路84號', '02-2786-3893', '0970384868'),
(347, '台北市', '南港區', '百福里', '李雯馨', '115009臺北市南港區成福路170號3樓之5', '02-2783-8377', '0932281165'),
(348, '台北市', '南港區', '聯成里', '李品君', '115006臺北市南港區東新街77巷25號1樓', '02-2785-2963', '0909918013'),
(349, '台北市', '南港區', '舊莊里', '張瑞芳', '115022臺北市南港區舊莊街1段91巷11號', '02-2788-4906', '0922133922'),
(350, '台北市', '南港區', '中研里', '謝志勇', '115014臺北市南港區研究院路2段2巷2號', '02-2651-7179', '0910139682'),
(351, '台北市', '南港區', '九如里', '蘇國賢', '115031臺北市南港區研究院路3段157之1號', '02-2788-3329', '0932217257'),
(352, '台北市', '南港區', '仁福里', '吳肇輝', '115019臺北市南港區福德街443號1樓', '02-2654-2254', '0919619949'),
(353, '台北市', '南港區', '重陽里', '馬敬忠', '115023臺北市南港區重陽路199巷24之2號', '02-2782-6500', '0928643083'),
(354, '台北市', '內湖區', '西湖里', '黃俊隆', '11445臺北市內湖路一段285號7樓', '02-8797-6191', '0955408398'),
(355, '台北市', '內湖區', '西康里', '王興國', '11446臺北市內湖區內湖路一段61巷2號', '02-2797-5996', '0935025117'),
(356, '台北市', '內湖區', '西安里', '李國榮', '11442臺北市內湖區內湖路一段91巷110號', '02-2799-3070', '0928612351'),
(357, '台北市', '內湖區', '港墘里', '魏景城', '11446臺北市內湖區內湖路一段552號', '02-2799-1168', '0935281458'),
(358, '台北市', '內湖區', '港都里', '江水龍', '11448臺北市內湖區內湖路一段629巷39號', '02-2799-5389', '0910128329'),
(359, '台北市', '內湖區', '港富里', '李安邦', '11449臺北市內湖區麗山街47號', NULL, '0932018939'),
(360, '台北市', '內湖區', '港華里', '劉達逢', '11449臺北市內湖區環山路二段68巷14號1樓', '02-2657-2255', '0936887878'),
(361, '台北市', '內湖區', '內湖里', '許昌華', '11464臺北市內湖區內湖路二段355巷21號2樓', '02-2792-8228', '0917828272'),
(362, '台北市', '內湖區', '湖濱里', '陳尤雪', '11449臺北市內湖區內湖路二段346號', '02-2790-6289', '0938082264'),
(363, '台北市', '內湖區', '紫星里', '謝佳惠', '11460臺北市內湖區成功路三段187巷3弄4號', '02-8791-1313', '0955187847'),
(364, '台北市', '內湖區', '大湖里', '郭坤祥', '11456臺北市內湖區大湖山莊街117號3樓', '02-2790-6599', '0939-020275'),
(365, '台北市', '內湖區', '金龍里', '吳欣芸', '11489臺北市內湖區內湖路3段75號', '02-87925455', '0912341689'),
(366, '台北市', '內湖區', '金瑞里', '羅世甫', '11455臺北市內湖區金龍路218號1樓', '02-8792-6024', '0936286399'),
(367, '台北市', '內湖區', '碧山里', '曹連燊', '11453臺北市內湖區內湖路三段60巷6號B1', '02-2791-0355', '0937087608'),
(368, '台北市', '內湖區', '紫雲里', '夏亦芳', '11461臺北市內湖區康寧路一段228號', '02-2791-3337', '0933405308'),
(369, '台北市', '內湖區', '清白里', '陳東源', '11462臺北市內湖區星雲街208號', '02-2791-9637', '0935028280'),
(370, '台北市', '內湖區', '葫洲里', '曾宏昌', '11483臺北市內湖區民權東路六段280巷60號', '02-2630-5172', '0932030046'),
(371, '台北市', '內湖區', '紫陽里', '謝源德', '114035臺北市內湖區文德路210巷30弄27號', '02-2798-6724', '0939149180'),
(372, '台北市', '內湖區', '瑞陽里', '江光輝', '11476臺北市內湖區文德路66巷69弄9號1樓', '02-2799-1392', '0932392312'),
(373, '台北市', '內湖區', '瑞光里', '黃崇賢', '11468臺北市內湖區陽光街291號', '02-2659-6457', '0926969880'),
(374, '台北市', '內湖區', '五分里', '王海枝', '11484臺北市內湖區安康路388號', '02-2634-1171', '0920704780'),
(375, '台北市', '內湖區', '東湖里', '邱朝祿', '11480臺北市內湖區康樂街72巷17弄63號1樓', '02-2633-0218', '0918031567'),
(376, '台北市', '內湖區', '樂康里', '張碧玉', '11479臺北市內湖區康樂街150號6樓之1', '02-2630-7502', '0952653505'),
(377, '台北市', '內湖區', '內溝里', '王曉芳', '11480臺北市內湖區康樂街201巷8號', '02-2631-3178', '0963092126'),
(378, '台北市', '內湖區', '週美里', '丘麗玲', '11471臺北市內湖區南京東路六段330巷18弄12號1樓', '02-2793-8003', '0921140488'),
(379, '台北市', '內湖區', '行善里', '沈茂松', '11466臺北市內湖區新明路520號', '02-2796-0038', '0933925700'),
(380, '台北市', '內湖區', '石潭里', '廖煒國', '11471臺北市內湖區成功路二段1號', '02-2793-7177', '0962013662'),
(381, '台北市', '內湖區', '湖興里', '蔡穎峰', '114臺北市內湖區成功路二段320巷25號', '02-2791-4586', '0933206109'),
(382, '台北市', '內湖區', '湖元里', '林明源', '11465臺北市內湖區民權東路六段136巷48號', '02-8792-7677', '0958180106'),
(383, '台北市', '內湖區', '安湖里', '尤樹旺', '11488臺北市內湖區東湖路1號9樓', '02-26306552', '0936450530'),
(384, '台北市', '內湖區', '秀湖里', '謝明毅', '11457臺北市內湖區成功路四段323巷16號', '02-2794-0052', '0936797875'),
(385, '台北市', '內湖區', '安泰里', '何素蓮', '11477臺北市內湖區安泰街49巷1號1樓', '02-2631-2428', '0955427405'),
(386, '台北市', '內湖區', '金湖里', '邱金波', '11477臺北市內湖區成功路五段71號1樓', '02-2632-4329', '0926306286'),
(387, '台北市', '內湖區', '康寧里', '鄭秀鳳', '11485臺北市內湖區康寧路三段99巷39弄70號', '02-2633-2488', '0939887465'),
(388, '台北市', '內湖區', '明湖里', '謝明均', '11485臺北市內湖區康寧路三段99巷25號', '02-2632-5326', '0905067041'),
(389, '台北市', '內湖區', '蘆洲里', '陳明霖', '11484臺北市內湖區安康路95號', '02-2792-5574', '0928856630'),
(390, '台北市', '內湖區', '麗山里', '林國榮', '11442臺北市內湖區內湖路一段411巷78號', '02-2627-4625', '0965030560'),
(391, '台北市', '內湖區', '寶湖里', '邱顯松', '11490臺北市內湖區民權東路六段208號', '02-2795-1117', '0955680322'),
(392, '台北市', '內湖區', '南湖里', '洪宜河', '11486臺北市內湖區康寧路三段56巷130號', '02-2632-0538', '0955900998'),
(393, '台北市', '士林區', '仁勇里', '洪銘鎮', '大東路63號2樓', '02-28812220', '0926055186'),
(394, '台北市', '士林區', '義信里', '許立丕', '基河路132號地下1樓', '02-88611910', '0922850657'),
(395, '台北市', '士林區', '福林里', '江美珠', '中正路187巷26號', '02-28821136', '0936606115'),
(396, '台北市', '士林區', '福德里', '盛琳惠', '福德路81巷14號', '02-28839758', '0987357879'),
(397, '台北市', '士林區', '福志里', '邱邱田', '中正路104巷2號', '02-28349568', '0972168118'),
(398, '台北市', '士林區', '舊佳里', '陳明松', '中山北路5段773之2號', '02-28321958', '0937903104'),
(399, '台北市', '士林區', '福佳里', '許木春', '美崙街190號', NULL, '0983049957'),
(400, '台北市', '士林區', '後港里', '紀建漢', '大南路423號', '02-28807588', '0955886356'),
(401, '台北市', '士林區', '福中里', '王德利', '福港街151號9樓', '02-28838207', '0932305183'),
(402, '台北市', '士林區', '前港里', '陳瑞華', '大南路251巷18號1樓', '02-28829686', '0916058978'),
(403, '台北市', '士林區', '百齡里', '翁淑穎', '福港街259巷13弄10號1樓', '02-28802985', '0935966272'),
(404, '台北市', '士林區', '承德里', '陳洲平', '劍潭路80號', '02-28859257', '0928225383'),
(405, '台北市', '士林區', '福華里', '楊小莉', '和豐街36號1樓', '02-28838325', '0936986345'),
(406, '台北市', '士林區', '明勝里', '張永棟', '承德路4段5之1號', '02-28855911', '0933920380'),
(407, '台北市', '士林區', '福順里', '林家卉', '延平北路5段136巷24號', '02-28160989', '0958830605'),
(408, '台北市', '士林區', '富光里', '高毓紋', '葫蘆街62號1樓', '02-28160879', '0909092282'),
(409, '台北市', '士林區', '葫蘆里', '許振禮', '葫蘆街137號1樓', '02-28102336', '0958972685'),
(410, '台北市', '士林區', '葫東里', '郭淑玲', '重慶北路4段215號', '02-88113989', '0933716265'),
(411, '台北市', '士林區', '社子里', '陳明雄', '社正路11號2樓', '02-28111133', '0963226526'),
(412, '台北市', '士林區', '社新里', '陳淑玲', '社子街78號', '02-28114458', '0927272285'),
(413, '台北市', '士林區', '社園里', '陳飛熊', '社中街279號', '02-28163389', '0928233559'),
(414, '台北市', '士林區', '永倫里', '石林麗惠', '永平街1號1樓', '02-28128208', '0982752527'),
(415, '台北市', '士林區', '福安里', '謝文加', '延平北路7段107巷10號', '02-28110838', '0932353134'),
(416, '台北市', '士林區', '富洲里', '陳惠民', '延平北路8段109號', '02-28161629', '0988538777'),
(417, '台北市', '士林區', '岩山里', '林美雯', '芝玉路1段197巷1號', '02-28317790', '0935807277'),
(418, '台北市', '士林區', '名山里', '薛群秀', '雨聲街68號', '02-28366501', '0936466316'),
(419, '台北市', '士林區', '聖山里', '吳三勇', '德行東路190巷6弄2號1樓', '02-28323118', '0937809009'),
(420, '台北市', '士林區', '芝山里', '魏雅郁', '德行東路308號', '02-28366179', '0939074659'),
(421, '台北市', '士林區', '東山里', '陳文賢', '士東路320巷2號', '02-28312348', '0986666969'),
(422, '台北市', '士林區', '忠誠里', '曾坤來', '德行東路74巷15弄1號1樓', '02-28310943', '0988269345'),
(423, '台北市', '士林區', '德行里', '張僡美', '德行西路30號', '02-88662865', '0939931903'),
(424, '台北市', '士林區', '德華里', '林明儀(代)', '中正路439號9樓', '02-28826200', '0972295827'),
(425, '台北市', '士林區', '蘭雅里', '萬天榮', '中山北路6段290巷7弄25號1樓', '02-28322021', '0939710597'),
(426, '台北市', '士林區', '蘭興里', '林文龍', '福華路180號2樓', '02-88664298', '0935389389'),
(427, '台北市', '士林區', '三玉里', '羅志傑', '士東路200巷62號', '02-28315689', '0937022969'),
(428, '台北市', '士林區', '天福里', '江啓南', '天母東路8巷31弄6號1樓', '02-28725515', '0928118653'),
(429, '台北市', '士林區', '天祿里', '李錦琿', '中山北路6段728巷8號1樓', '02-28718465', '0911729171'),
(430, '台北市', '士林區', '天壽里', '陳伯同', '中山北路6段405巷50號2樓', '02-28716832', '0955088580'),
(431, '台北市', '士林區', '天和里', '蔡明松', '中山北路7段154巷6號4樓', '02-28754030', '0937022800'),
(432, '台北市', '士林區', '天山里', '陳永鴻', '中山北路7段154巷6號4樓', '02-28723220', '0919318119'),
(433, '台北市', '士林區', '天玉里', '張心怡(代理)', '中正路439號9樓', '02-28826200', '0972295840'),
(434, '台北市', '士林區', '天母里', '李陳菜蓮', '中山北路7段191巷23號', '02-28715077', '0922805985'),
(435, '台北市', '士林區', '永福里', '林國柱', '莊頂路113號隔壁', '02-28611288', '0958596558'),
(436, '台北市', '士林區', '公館里', '葉進財', '永公路412號之1', '02-28618987', '0976955282'),
(437, '台北市', '士林區', '新安里', '陳韋甫', '仰德大道3段106巷21號', '02-28610562', '0958275999'),
(438, '台北市', '士林區', '陽明里', '黃裕倉', '菁山路34巷1號', '02-28618717', '0920756571'),
(439, '台北市', '士林區', '菁山里', '何德寬', '菁山路101巷34號', '02-28611717', '0937851848'),
(440, '台北市', '士林區', '平等里', '徐明忠', '平菁街106巷18號', '02-28616899', '0919312369'),
(441, '台北市', '士林區', '溪山里', '黃慧芬', '至善路3段258號旁', '02-28413687', '0933898089'),
(442, '台北市', '士林區', '翠山里', '陳之貴', '中社路1段36巷2之1號', '02-28412197', '0922626557'),
(443, '台北市', '士林區', '臨溪里', '郭肇富', '至善路2段149號', '02-28819429', '0932240702'),
(444, '台北市', '北投區', '建民里', '簡妤年', '112023臺北市北投區文林北路36號', '02-2828-2580', '0906-905-025'),
(445, '台北市', '北投區', '文林里', '李珮緁', '112051臺北市北投區致遠一路1段9號1樓', '02-2823-1156', '0905-717-866'),
(446, '台北市', '北投區', '石牌里', '洪美惠', '112048臺北市北投區建民路116巷13號1樓', '02-2820-1369', '0921-895-893'),
(447, '台北市', '北投區', '福興里', '蔡柳池', '112050臺北市北投區自強街21號1樓', '02-2823-9721', '0932-201-491'),
(448, '台北市', '北投區', '榮光里', '蘇寶鈴', '112052臺北市北投區石牌路一段166巷43弄15號', '02-2823-1593', '0910-911-378'),
(449, '台北市', '北投區', '榮華里', '何漢清', '112038臺北市北投區明德路136巷16號1樓', '02-2821-6350', '0932-251-780'),
(450, '台北市', '北投區', '裕民里', '莊振寧', '112041臺北市北投區懷德街14巷17號一樓', '02-2826-1139', '0932-252-523'),
(451, '台北市', '北投區', '振華里', '郭崇儀', '112042臺北市北投區振華街15號1樓', '02-2823-6110', '0922-843-121'),
(452, '台北市', '北投區', '永和里', '曾富榆', '112043臺北市北投區行義路63號', '02-2875-3298', '0928-868-298'),
(453, '台北市', '北投區', '永欣里', '潘萬生', '112043臺北市北投區石牌路二段334-1號1樓', '02-2874-5213', '0932-257-559'),
(454, '台北市', '北投區', '永明里', '何麗玲', '112026臺北市北投區義理街65號', '02-2821-3214', '0920-646-338'),
(455, '台北市', '北投區', '東華里', '袁大祥', '112025臺北市北投區致遠三路158號2樓', '02-2822-6937', '0955-825-788'),
(456, '台北市', '北投區', '吉利里', '劉序剛', '112031臺北市北投區石牌路一段39巷120弄7號', '02-2828-1088', '0933-881-532'),
(457, '台北市', '北投區', '吉慶里', '黃勝宗', '112034臺北市北投區致遠二路61巷2-2號', '02-2827-5233', '0936-222-517'),
(458, '台北市', '北投區', '尊賢里', '張勻通', '112023臺北市北投區尊賢街302巷19號', '02-2827-0945', '0927-955-059'),
(459, '台北市', '北投區', '立賢里', '邱福銀', '112036臺北市北投區尊賢街249巷23號', '02-2828-2688', '0932-079-096'),
(460, '台北市', '北投區', '立農里', '潘建榮', '112032臺北市北投區立農街一段319號', '02-2826-2408', '0923-103-747'),
(461, '台北市', '北投區', '八仙里', '黃永清', '112030臺北市北投區北投路一段臨20號', '02-2898-5252', '0920-228-823'),
(462, '台北市', '北投區', '洲美里', '陳照梅', '112037臺北市北投區福美路203號', '02-2828-9798', '0933-765-939'),
(463, '台北市', '北投區', '奇岩里', '賴進利', '112005臺北市北投區公舘路249之1號', '02-2896-2888', '0937-023-674'),
(464, '台北市', '北投區', '清江里', '李炳亷', '112024臺北市北投區清江路201號', '02-2892-2543', '0939-847-928'),
(465, '台北市', '北投區', '中央里', '陳國樑', '112030臺北市北投區北投路一段93巷3號', '02-2892-4106', '0937-023-654'),
(466, '台北市', '北投區', '長安里', '陳章生', '112009臺北市北投區育仁路111巷9號', '02-2893-3157', '0939-611-019'),
(467, '台北市', '北投區', '大同里', '陳文鈴', '112009臺北市北投區大同街133號', '02-2894-0356', '0932-355-806'),
(468, '台北市', '北投區', '溫泉里', '許智全', '112023臺北市北投區溫泉路68巷6弄15之2號', '02-2897-3645', '0928-770-878'),
(469, '台北市', '北投區', '林泉里', '陳惠華', '112003臺北市北投區中心街24號', '02-2897-8157', '0958-904-106'),
(470, '台北市', '北投區', '中心里', '陳力彰', '112028臺北市北投區珠海路15號', '02-2896-0063', '0927-764-370'),
(471, '台北市', '北投區', '中庸里', '藍靜莉', '112013臺北市北投區永興路1段12號', '02-2897-5299', '0926-060-018'),
(472, '台北市', '北投區', '開明里', '左麗芳', '112011臺北市北投區永興路二段8號', '02-2893-2400', '0912-818-252'),
(473, '台北市', '北投區', '中和里', '黃景煌', '112011臺北市北投區中和街365號', '02-2894-2200', '0919-210-306'),
(474, '台北市', '北投區', '智仁里', '許世傳', '112010臺北市北投區杏林二路74巷3號', '02-2895-9722', '0932-141-019'),
(475, '台北市', '北投區', '秀山里', '陳壽彭', '112023臺北市北投區中和街502巷15號', '02-2894-1666', '0937-022-555'),
(476, '台北市', '北投區', '文化里', '周世英', '112053臺北市北投區文化三路55號1樓', '02-2891-7488', '0952-914-338'),
(477, '台北市', '北投區', '豐年里', '周江雪珠', '112061臺北市北投區中央北路二段95巷1弄1號', '02-2891-7441', '0928-030-047'),
(478, '台北市', '北投區', '稻香里', '黃永瀚(代理)', '112016臺北市北投區稻香路81號6樓之2', '02-2894-1818', '0909-804-597'),
(479, '台北市', '北投區', '桃源里', '陳仲宏', '112023臺北市北投區新興路158巷17號', '02-2893-3131', '0939-669-313'),
(480, '台北市', '北投區', '一德里', '黃玉樹', '112055臺北市北投區中央北路四段538號2樓', '02-2897-2600', '0973-717-772'),
(481, '台北市', '北投區', '關渡里', '張淑綢', '112055臺北市北投區知行路316巷20弄15號', '02-2858-1878', '0989-006-537'),
(482, '台北市', '北投區', '泉源里', '陳志成', '112007臺北市北投區泉源路242號', '02-2891-9539', '0920-883-960'),
(483, '台北市', '北投區', '湖山里', '李秋霞', '112091臺北市北投區湖山路一段48之2號', '02-2862-0288', '0932-923-070'),
(484, '台北市', '北投區', '大屯里', '張天恩', '112008臺北市北投區復興三路521巷18號', '02-2891-1750', '0985-325-333'),
(485, '台北市', '北投區', '湖田里', '曹昌正', '112092臺北市北投區竹子湖路35之1號', '02-2862-8787', '0932-137-123');

-- --------------------------------------------------------

--
-- 檢視表結構 `member_family_view`
--
DROP TABLE IF EXISTS `member_family_view`;

CREATE ALGORITHM=UNDEFINED DEFINER=`root`@`localhost` SQL SECURITY DEFINER VIEW `member_family_view`  AS SELECT `m`.`id` AS `member_id`, `m`.`new_member` AS `new_member`, `m`.`name` AS `name`, `m`.`gender` AS `gender`, `m`.`birthday` AS `birthday`, `m`.`placeOfBirth` AS `placeOfBirth`, `m`.`address` AS `address`, `m`.`living_status` AS `living_status`, `f`.`father` AS `father`, `f`.`mother` AS `mother`, `f`.`adoptiveFather` AS `adoptiveFather`, `f`.`fosterMother` AS `fosterMother`, `f`.`spouse` AS `spouse`, `f`.`brothers` AS `brothers`, `f`.`sisters` AS `sisters`, `f`.`FamilySituation` AS `FamilySituation`, `f`.`son1` AS `son1`, `f`.`son2` AS `son2`, `f`.`son3` AS `son3`, `f`.`son4` AS `son4`, `f`.`son5` AS `son5`, `f`.`son6` AS `son6`, `f`.`son7` AS `son7`, `f`.`son8` AS `son8`, `f`.`son9` AS `son9`, `f`.`daughter1` AS `daughter1`, `f`.`daughter2` AS `daughter2`, `f`.`daughter3` AS `daughter3`, `f`.`daughter4` AS `daughter4`, `f`.`daughter5` AS `daughter5`, `f`.`daughter6` AS `daughter6`, `f`.`daughter7` AS `daughter7`, `f`.`daughter8` AS `daughter8`, `f`.`daughter9` AS `daughter9`, `m`.`remarks` AS `member_remarks`, `f`.`remarks` AS `family_remarks` FROM (`members` `m` join `family` `f` on(`m`.`new_member` = `f`.`new_member` and `m`.`name` = `f`.`name`)) ;

--
-- 已傾印資料表的索引
--

--
-- 資料表索引 `family`
--
ALTER TABLE `family`
  ADD PRIMARY KEY (`id`);

--
-- 資料表索引 `files`
--
ALTER TABLE `files`
  ADD PRIMARY KEY (`file_id`);

--
-- 資料表索引 `makeawish`
--
ALTER TABLE `makeawish`
  ADD PRIMARY KEY (`id`,`generation`,`emperor_shizu`,`number_of_houses`);

--
-- 資料表索引 `members`
--
ALTER TABLE `members`
  ADD PRIMARY KEY (`id`);

--
-- 資料表索引 `messages`
--
ALTER TABLE `messages`
  ADD PRIMARY KEY (`id`);

--
-- 資料表索引 `village-chief`
--
ALTER TABLE `village-chief`
  ADD PRIMARY KEY (`id`);

--
-- 在傾印的資料表使用自動遞增(AUTO_INCREMENT)
--

--
-- 使用資料表自動遞增(AUTO_INCREMENT) `family`
--
ALTER TABLE `family`
  MODIFY `id` int(11) NOT NULL AUTO_INCREMENT COMMENT '流水號', AUTO_INCREMENT=61;

--
-- 使用資料表自動遞增(AUTO_INCREMENT) `files`
--
ALTER TABLE `files`
  MODIFY `file_id` int(11) NOT NULL AUTO_INCREMENT COMMENT '檔案編號', AUTO_INCREMENT=88;

--
-- 使用資料表自動遞增(AUTO_INCREMENT) `members`
--
ALTER TABLE `members`
  MODIFY `id` int(11) NOT NULL AUTO_INCREMENT COMMENT '流水號', AUTO_INCREMENT=61;

--
-- 使用資料表自動遞增(AUTO_INCREMENT) `messages`
--
ALTER TABLE `messages`
  MODIFY `id` int(11) NOT NULL AUTO_INCREMENT COMMENT '訊息流水號', AUTO_INCREMENT=30;
--
-- 資料庫： `lee_clan_demo`
--
CREATE DATABASE IF NOT EXISTS `lee_clan_demo` DEFAULT CHARACTER SET utf8mb4 COLLATE utf8mb4_unicode_ci;
USE `lee_clan_demo`;

-- --------------------------------------------------------

--
-- 資料表結構 `lee_assets`
--

CREATE TABLE `lee_assets` (
  `asset_id` int(11) NOT NULL,
  `asset_name` varchar(120) NOT NULL,
  `asset_type` enum('image','video','pdf','link','location') NOT NULL,
  `location` varchar(180) NOT NULL,
  `asset_value` varchar(500) NOT NULL,
  `updated_at` datetime NOT NULL
) ENGINE=InnoDB DEFAULT CHARSET=utf8mb4 COLLATE=utf8mb4_unicode_ci;

--
-- 傾印資料表的資料 `lee_assets`
--

INSERT INTO `lee_assets` (`asset_id`, `asset_name`, `asset_type`, `location`, `asset_value`, `updated_at`) VALUES
(1, '首頁輪播一', 'image', 'home', 'https://images.unsplash.com/photo-1499696010180-025ef6e1a8f9', '2026-01-01 10:00:00'),
(2, '首頁輪播二', 'image', 'home', 'https://images.unsplash.com/photo-1510798831971-661eb04b3739', '2026-01-01 10:00:00'),
(3, '祭祀公業李武略', 'location', 'ancestral', '臺中市；統一編號76645678', '2026-01-01 10:00:00'),
(4, '田寮李姓族譜', 'pdf', 'manuals', 'uploads/tianliao-lee-demo.pdf', '2026-01-01 10:00:00'),
(5, '宗祠活動影片', 'video', 'events', 'https://example.org/video', '2026-01-01 10:00:00');

-- --------------------------------------------------------

--
-- 資料表結構 `lee_contacts`
--

CREATE TABLE `lee_contacts` (
  `contact_id` int(11) NOT NULL,
  `name` varchar(80) NOT NULL,
  `email` varchar(160) NOT NULL,
  `message` text NOT NULL,
  `submitted_at` datetime NOT NULL,
  `is_read` tinyint(1) NOT NULL DEFAULT 0
) ENGINE=InnoDB DEFAULT CHARSET=utf8mb4 COLLATE=utf8mb4_unicode_ci;

--
-- 傾印資料表的資料 `lee_contacts`
--

INSERT INTO `lee_contacts` (`contact_id`, `name`, `email`, `message`, `submitted_at`, `is_read`) VALUES
(1, '李氏訪客一', 'guest01@example.org', '想了解李武略派下入會方式。', '2026-02-01 12:00:00', 0),
(2, '李氏訪客二', 'guest02@example.org', '請協助更新族譜資料。', '2026-02-02 12:00:00', 1);

-- --------------------------------------------------------

--
-- 資料表結構 `lee_culture`
--

CREATE TABLE `lee_culture` (
  `culture_id` int(11) NOT NULL,
  `title` varchar(160) NOT NULL,
  `story` text NOT NULL,
  `category` varchar(80) NOT NULL,
  `created_at` datetime NOT NULL
) ENGINE=InnoDB DEFAULT CHARSET=utf8mb4 COLLATE=utf8mb4_unicode_ci;

--
-- 傾印資料表的資料 `lee_culture`
--

INSERT INTO `lee_culture` (`culture_id`, `title`, `story`, `category`, `created_at`) VALUES
(1, '李武略號殖春公資料', '李武略（號殖春，本名李良經）派下資料整理。', '祖源', '2026-01-01 08:00:00'),
(2, '福建來臺線索', '保留福建、朴子、大糠榔、大甲外水尾等遷徙脈絡。', '遷徙', '2026-01-02 08:00:00'),
(3, '宗祠大埕記憶', '宗祠大埕、祭祖與派下相聚的文化記錄。', '活動', '2026-01-03 08:00:00'),
(4, '隴西堂記憶', '堂號文化作為待查資料欄位。', '堂號', '2026-01-04 08:00:00'),
(5, '高雄田寮五房', '田寮開基祖清李武略，下有五子分五房，作為族譜查詢與派下分類欄位。', '族譜', '2026-01-05 08:00:00');

-- --------------------------------------------------------

--
-- 資料表結構 `lee_events`
--

CREATE TABLE `lee_events` (
  `event_id` int(11) NOT NULL,
  `member_id` int(11) DEFAULT NULL,
  `title` varchar(160) NOT NULL,
  `description` text NOT NULL,
  `photo_url` varchar(500) DEFAULT NULL,
  `video_url` varchar(500) DEFAULT NULL,
  `event_date` date NOT NULL
) ENGINE=InnoDB DEFAULT CHARSET=utf8mb4 COLLATE=utf8mb4_unicode_ci;

--
-- 傾印資料表的資料 `lee_events`
--

INSERT INTO `lee_events` (`event_id`, `member_id`, `title`, `description`, `photo_url`, `video_url`, `event_date`) VALUES
(1, 1, '宗祠大埕', '李武略派下宗祠大埕活動紀錄。', 'https://images.unsplash.com/photo-1511795409834-ef04bbd61622', NULL, '2026-03-15'),
(2, 2, '祭祖活動', '李武略號殖春公祭祀流程示範。', 'https://images.unsplash.com/photo-1529156069898-49953e39b3ac', NULL, '2026-04-20'),
(3, 3, '族譜整理會', '派下資料校對與族譜查詢。', NULL, NULL, '2026-05-01'),
(4, 4, '外水尾聯誼', '外水尾資料節點與宗親聯繫。', NULL, NULL, '2026-05-22'),
(5, 5, '文獻典藏工作坊', '古文書與來源資料整理。', NULL, NULL, '2026-06-08'),
(6, 6, '公業管理會議', '祭祀公業與祖產資料維護。', NULL, NULL, '2026-07-10'),
(7, 7, '年度宗親日', '年度活動與會員交流。', NULL, NULL, '2026-08-18');

-- --------------------------------------------------------

--
-- 資料表結構 `lee_genealogy`
--

CREATE TABLE `lee_genealogy` (
  `ancestor_id` int(11) NOT NULL,
  `parent_id` int(11) DEFAULT NULL,
  `ancestor_name` varchar(80) NOT NULL,
  `generation` int(11) NOT NULL,
  `branch_name` varchar(80) NOT NULL,
  `biography` text NOT NULL
) ENGINE=InnoDB DEFAULT CHARSET=utf8mb4 COLLATE=utf8mb4_unicode_ci;

--
-- 傾印資料表的資料 `lee_genealogy`
--

INSERT INTO `lee_genealogy` (`ancestor_id`, `parent_id`, `ancestor_name`, `generation`, `branch_name`, `biography`) VALUES
(1, NULL, '李靜', 1, '祖源線索', '嘉慶十二年契約摘要提到李靜之孫李武略，作為待查文獻線索。'),
(2, 1, '李武略', 2, '號殖春', '本名李良經，李武略號殖春公派下祖先資料。'),
(3, 2, '李武略派下長房', 3, '長房', '派下支派示範資料。'),
(4, 2, '李武略派下二房', 3, '二房', '派下支派示範資料。'),
(5, 2, '李武略派下三房', 3, '三房', '派下支派示範資料。'),
(6, 3, '臺中大甲支派', 4, '臺中大甲', '散居地與地區資料示範。'),
(7, 4, '嘉義朴子支派', 4, '嘉義朴子', '散居地與地區資料示範。'),
(8, 5, '外水尾支派', 4, '外水尾', '大甲外水尾資料節點示範。');

-- --------------------------------------------------------

--
-- 資料表結構 `lee_logs`
--

CREATE TABLE `lee_logs` (
  `log_id` int(11) NOT NULL,
  `member_id` int(11) DEFAULT NULL,
  `action` varchar(180) NOT NULL,
  `logged_at` datetime NOT NULL
) ENGINE=InnoDB DEFAULT CHARSET=utf8mb4 COLLATE=utf8mb4_unicode_ci;

--
-- 傾印資料表的資料 `lee_logs`
--

INSERT INTO `lee_logs` (`log_id`, `member_id`, `action`, `logged_at`) VALUES
(1, 1, 'created lee wulue demo data', '2026-01-01 10:30:00'),
(2, 2, 'updated genealogy source notes', '2026-01-02 10:30:00'),
(3, 1, 'admin login', '2026-06-02 13:55:56'),
(4, 1, 'admin login', '2026-06-02 14:03:40');

-- --------------------------------------------------------

--
-- 資料表結構 `lee_manuals`
--

CREATE TABLE `lee_manuals` (
  `manual_id` int(11) NOT NULL,
  `member_id` int(11) DEFAULT NULL,
  `manual_year` year(4) NOT NULL,
  `title` varchar(160) NOT NULL,
  `file_url` varchar(500) NOT NULL,
  `upload_date` date NOT NULL
) ENGINE=InnoDB DEFAULT CHARSET=utf8mb4 COLLATE=utf8mb4_unicode_ci;

--
-- 傾印資料表的資料 `lee_manuals`
--

INSERT INTO `lee_manuals` (`manual_id`, `member_id`, `manual_year`, `title`, `file_url`, `upload_date`) VALUES
(1, 1, '2022', '李武略派下111年手冊', 'uploads/manual-2022.pdf', '2022-12-01'),
(2, 1, '2023', '李武略派下112年手冊', 'uploads/manual-2023.pdf', '2023-12-01'),
(3, 2, '2024', '李武略派下113年手冊', 'uploads/manual-2024.pdf', '2024-12-01'),
(4, 2, '2025', '李武略派下114年手冊', 'uploads/manual-2025.pdf', '2025-12-01'),
(5, 1, '2026', '李武略派下115年手冊', 'uploads/manual-2026.pdf', '2026-12-01');

-- --------------------------------------------------------

--
-- 資料表結構 `lee_members`
--

CREATE TABLE `lee_members` (
  `member_id` int(11) NOT NULL,
  `name` varchar(80) NOT NULL,
  `email` varchar(160) NOT NULL,
  `password_hash` varchar(255) NOT NULL,
  `role` enum('admin','editor','member') NOT NULL DEFAULT 'member',
  `area` varchar(80) NOT NULL,
  `join_date` date NOT NULL,
  `created_at` timestamp NOT NULL DEFAULT current_timestamp()
) ENGINE=InnoDB DEFAULT CHARSET=utf8mb4 COLLATE=utf8mb4_unicode_ci;

--
-- 傾印資料表的資料 `lee_members`
--

INSERT INTO `lee_members` (`member_id`, `name`, `email`, `password_hash`, `role`, `area`, `join_date`, `created_at`) VALUES
(1, '李氏管理員', 'admin@example.org', '$2y$10$demo', 'admin', '臺中大甲', '2024-01-10', '2026-05-28 03:11:02'),
(2, '李氏編輯', 'editor@example.org', '$2y$10$demo', 'editor', '外水尾', '2024-02-12', '2026-05-28 03:11:02'),
(3, '李氏會員一', 'member01@example.org', '$2y$10$demo', 'member', '大糠榔', '2024-03-01', '2026-05-28 03:11:02'),
(4, '李氏會員二', 'member02@example.org', '$2y$10$demo', 'member', '嘉義朴子', '2024-03-05', '2026-05-28 03:11:02'),
(5, '李氏會員三', 'member03@example.org', '$2y$10$demo', 'member', '北部聯絡', '2024-04-11', '2026-05-28 03:11:02'),
(6, '李氏會員四', 'member04@example.org', '$2y$10$demo', 'member', '桃竹苗', '2024-04-18', '2026-05-28 03:11:02'),
(7, '李氏會員五', 'member05@example.org', '$2y$10$demo', 'member', '彰化雲嘉', '2024-05-20', '2026-05-28 03:11:02'),
(8, '李氏會員六', 'member06@example.org', '$2y$10$demo', 'member', '海外', '2024-06-22', '2026-05-28 03:11:02');

-- --------------------------------------------------------

--
-- 資料表結構 `lee_news`
--

CREATE TABLE `lee_news` (
  `news_id` int(11) NOT NULL,
  `member_id` int(11) DEFAULT NULL,
  `title` varchar(160) NOT NULL,
  `summary` varchar(255) NOT NULL,
  `content` text NOT NULL,
  `status` enum('draft','published') NOT NULL DEFAULT 'draft',
  `created_at` datetime NOT NULL,
  `updated_at` datetime DEFAULT NULL
) ENGINE=InnoDB DEFAULT CHARSET=utf8mb4 COLLATE=utf8mb4_unicode_ci;

--
-- 傾印資料表的資料 `lee_news`
--

INSERT INTO `lee_news` (`news_id`, `member_id`, `title`, `summary`, `content`, `status`, `created_at`, `updated_at`) VALUES
(1, 1, '李武略資料來源整理', '新增族譜與祭祀公業資料來源。', '整理李武略號殖春公派下相關網路來源。', 'published', '2026-01-10 09:00:00', '2026-01-10 09:00:00'),
(2, 2, '李良經資料欄位建立', '本名欄位已加入人物資料卡。', '本名李良經、號殖春、祖先李武略。', 'published', '2026-01-20 09:00:00', '2026-01-20 09:00:00'),
(3, 1, '族譜紀錄頁更新', '加入李武略號殖春公派下系統。', '族譜頁保留世系與來源欄位。', 'published', '2026-02-03 09:00:00', '2026-02-03 09:00:00'),
(4, 2, '祭祀公業資料更新', '加入統一編號 76645678。', '祭祀公業頁可管理公業與宗祠資料。', 'published', '2026-02-18 09:00:00', '2026-02-18 09:00:00'),
(5, 1, '宗祠大埕活動紀錄', '活動花絮頁加入宗祠活動。', '活動照片與影片未來由後台上傳。', 'draft', '2026-03-02 09:00:00', NULL),
(6, 2, '外水尾資料節點', '地區區塊加入外水尾。', '保留地區與資料節點欄位。', 'published', '2026-03-12 09:00:00', '2026-03-12 09:00:00'),
(7, 1, '古文書線索新增', '加入嘉慶十二年契約摘要。', '古文書需保留來源與查證日期。', 'published', '2026-04-01 09:00:00', '2026-04-01 09:00:00'),
(8, 2, '後台模組規劃完成', 'controller placeholder 已建立。', '後續可接 PHP CRUD。', 'draft', '2026-04-15 09:00:00', NULL);

--
-- 已傾印資料表的索引
--

--
-- 資料表索引 `lee_assets`
--
ALTER TABLE `lee_assets`
  ADD PRIMARY KEY (`asset_id`);

--
-- 資料表索引 `lee_contacts`
--
ALTER TABLE `lee_contacts`
  ADD PRIMARY KEY (`contact_id`);

--
-- 資料表索引 `lee_culture`
--
ALTER TABLE `lee_culture`
  ADD PRIMARY KEY (`culture_id`);

--
-- 資料表索引 `lee_events`
--
ALTER TABLE `lee_events`
  ADD PRIMARY KEY (`event_id`),
  ADD KEY `fk_events_member` (`member_id`);

--
-- 資料表索引 `lee_genealogy`
--
ALTER TABLE `lee_genealogy`
  ADD PRIMARY KEY (`ancestor_id`),
  ADD KEY `fk_genealogy_parent` (`parent_id`);

--
-- 資料表索引 `lee_logs`
--
ALTER TABLE `lee_logs`
  ADD PRIMARY KEY (`log_id`),
  ADD KEY `fk_logs_member` (`member_id`);

--
-- 資料表索引 `lee_manuals`
--
ALTER TABLE `lee_manuals`
  ADD PRIMARY KEY (`manual_id`),
  ADD KEY `fk_manuals_member` (`member_id`);

--
-- 資料表索引 `lee_members`
--
ALTER TABLE `lee_members`
  ADD PRIMARY KEY (`member_id`),
  ADD UNIQUE KEY `email` (`email`);

--
-- 資料表索引 `lee_news`
--
ALTER TABLE `lee_news`
  ADD PRIMARY KEY (`news_id`),
  ADD KEY `fk_news_member` (`member_id`);

--
-- 在傾印的資料表使用自動遞增(AUTO_INCREMENT)
--

--
-- 使用資料表自動遞增(AUTO_INCREMENT) `lee_assets`
--
ALTER TABLE `lee_assets`
  MODIFY `asset_id` int(11) NOT NULL AUTO_INCREMENT, AUTO_INCREMENT=6;

--
-- 使用資料表自動遞增(AUTO_INCREMENT) `lee_contacts`
--
ALTER TABLE `lee_contacts`
  MODIFY `contact_id` int(11) NOT NULL AUTO_INCREMENT, AUTO_INCREMENT=3;

--
-- 使用資料表自動遞增(AUTO_INCREMENT) `lee_culture`
--
ALTER TABLE `lee_culture`
  MODIFY `culture_id` int(11) NOT NULL AUTO_INCREMENT, AUTO_INCREMENT=6;

--
-- 使用資料表自動遞增(AUTO_INCREMENT) `lee_events`
--
ALTER TABLE `lee_events`
  MODIFY `event_id` int(11) NOT NULL AUTO_INCREMENT, AUTO_INCREMENT=8;

--
-- 使用資料表自動遞增(AUTO_INCREMENT) `lee_genealogy`
--
ALTER TABLE `lee_genealogy`
  MODIFY `ancestor_id` int(11) NOT NULL AUTO_INCREMENT, AUTO_INCREMENT=9;

--
-- 使用資料表自動遞增(AUTO_INCREMENT) `lee_logs`
--
ALTER TABLE `lee_logs`
  MODIFY `log_id` int(11) NOT NULL AUTO_INCREMENT, AUTO_INCREMENT=5;

--
-- 使用資料表自動遞增(AUTO_INCREMENT) `lee_manuals`
--
ALTER TABLE `lee_manuals`
  MODIFY `manual_id` int(11) NOT NULL AUTO_INCREMENT, AUTO_INCREMENT=6;

--
-- 使用資料表自動遞增(AUTO_INCREMENT) `lee_members`
--
ALTER TABLE `lee_members`
  MODIFY `member_id` int(11) NOT NULL AUTO_INCREMENT, AUTO_INCREMENT=9;

--
-- 使用資料表自動遞增(AUTO_INCREMENT) `lee_news`
--
ALTER TABLE `lee_news`
  MODIFY `news_id` int(11) NOT NULL AUTO_INCREMENT, AUTO_INCREMENT=9;

--
-- 已傾印資料表的限制式
--

--
-- 資料表的限制式 `lee_events`
--
ALTER TABLE `lee_events`
  ADD CONSTRAINT `fk_events_member` FOREIGN KEY (`member_id`) REFERENCES `lee_members` (`member_id`) ON DELETE SET NULL;

--
-- 資料表的限制式 `lee_genealogy`
--
ALTER TABLE `lee_genealogy`
  ADD CONSTRAINT `fk_genealogy_parent` FOREIGN KEY (`parent_id`) REFERENCES `lee_genealogy` (`ancestor_id`) ON DELETE SET NULL;

--
-- 資料表的限制式 `lee_logs`
--
ALTER TABLE `lee_logs`
  ADD CONSTRAINT `fk_logs_member` FOREIGN KEY (`member_id`) REFERENCES `lee_members` (`member_id`) ON DELETE SET NULL;

--
-- 資料表的限制式 `lee_manuals`
--
ALTER TABLE `lee_manuals`
  ADD CONSTRAINT `fk_manuals_member` FOREIGN KEY (`member_id`) REFERENCES `lee_members` (`member_id`) ON DELETE SET NULL;

--
-- 資料表的限制式 `lee_news`
--
ALTER TABLE `lee_news`
  ADD CONSTRAINT `fk_news_member` FOREIGN KEY (`member_id`) REFERENCES `lee_members` (`member_id`) ON DELETE SET NULL;
--
-- 資料庫： `phpmyadmin`
--
CREATE DATABASE IF NOT EXISTS `phpmyadmin` DEFAULT CHARACTER SET utf8 COLLATE utf8_bin;
USE `phpmyadmin`;

-- --------------------------------------------------------

--
-- 資料表結構 `pma__bookmark`
--

CREATE TABLE `pma__bookmark` (
  `id` int(10) UNSIGNED NOT NULL,
  `dbase` varchar(255) NOT NULL DEFAULT '',
  `user` varchar(255) NOT NULL DEFAULT '',
  `label` varchar(255) CHARACTER SET utf8 COLLATE utf8_general_ci NOT NULL DEFAULT '',
  `query` text NOT NULL
) ENGINE=InnoDB DEFAULT CHARSET=utf8 COLLATE=utf8_bin COMMENT='Bookmarks';

-- --------------------------------------------------------

--
-- 資料表結構 `pma__central_columns`
--

CREATE TABLE `pma__central_columns` (
  `db_name` varchar(64) NOT NULL,
  `col_name` varchar(64) NOT NULL,
  `col_type` varchar(64) NOT NULL,
  `col_length` text DEFAULT NULL,
  `col_collation` varchar(64) NOT NULL,
  `col_isNull` tinyint(1) NOT NULL,
  `col_extra` varchar(255) DEFAULT '',
  `col_default` text DEFAULT NULL
) ENGINE=InnoDB DEFAULT CHARSET=utf8 COLLATE=utf8_bin COMMENT='Central list of columns';

-- --------------------------------------------------------

--
-- 資料表結構 `pma__column_info`
--

CREATE TABLE `pma__column_info` (
  `id` int(5) UNSIGNED NOT NULL,
  `db_name` varchar(64) NOT NULL DEFAULT '',
  `table_name` varchar(64) NOT NULL DEFAULT '',
  `column_name` varchar(64) NOT NULL DEFAULT '',
  `comment` varchar(255) CHARACTER SET utf8 COLLATE utf8_general_ci NOT NULL DEFAULT '',
  `mimetype` varchar(255) CHARACTER SET utf8 COLLATE utf8_general_ci NOT NULL DEFAULT '',
  `transformation` varchar(255) NOT NULL DEFAULT '',
  `transformation_options` varchar(255) NOT NULL DEFAULT '',
  `input_transformation` varchar(255) NOT NULL DEFAULT '',
  `input_transformation_options` varchar(255) NOT NULL DEFAULT ''
) ENGINE=InnoDB DEFAULT CHARSET=utf8 COLLATE=utf8_bin COMMENT='Column information for phpMyAdmin';

-- --------------------------------------------------------

--
-- 資料表結構 `pma__designer_settings`
--

CREATE TABLE `pma__designer_settings` (
  `username` varchar(64) NOT NULL,
  `settings_data` text NOT NULL
) ENGINE=InnoDB DEFAULT CHARSET=utf8 COLLATE=utf8_bin COMMENT='Settings related to Designer';

-- --------------------------------------------------------

--
-- 資料表結構 `pma__export_templates`
--

CREATE TABLE `pma__export_templates` (
  `id` int(5) UNSIGNED NOT NULL,
  `username` varchar(64) NOT NULL,
  `export_type` varchar(10) NOT NULL,
  `template_name` varchar(64) NOT NULL,
  `template_data` text NOT NULL
) ENGINE=InnoDB DEFAULT CHARSET=utf8 COLLATE=utf8_bin COMMENT='Saved export templates';

-- --------------------------------------------------------

--
-- 資料表結構 `pma__favorite`
--

CREATE TABLE `pma__favorite` (
  `username` varchar(64) NOT NULL,
  `tables` text NOT NULL
) ENGINE=InnoDB DEFAULT CHARSET=utf8 COLLATE=utf8_bin COMMENT='Favorite tables';

-- --------------------------------------------------------

--
-- 資料表結構 `pma__history`
--

CREATE TABLE `pma__history` (
  `id` bigint(20) UNSIGNED NOT NULL,
  `username` varchar(64) NOT NULL DEFAULT '',
  `db` varchar(64) NOT NULL DEFAULT '',
  `table` varchar(64) NOT NULL DEFAULT '',
  `timevalue` timestamp NOT NULL DEFAULT current_timestamp(),
  `sqlquery` text NOT NULL
) ENGINE=InnoDB DEFAULT CHARSET=utf8 COLLATE=utf8_bin COMMENT='SQL history for phpMyAdmin';

-- --------------------------------------------------------

--
-- 資料表結構 `pma__navigationhiding`
--

CREATE TABLE `pma__navigationhiding` (
  `username` varchar(64) NOT NULL,
  `item_name` varchar(64) NOT NULL,
  `item_type` varchar(64) NOT NULL,
  `db_name` varchar(64) NOT NULL,
  `table_name` varchar(64) NOT NULL
) ENGINE=InnoDB DEFAULT CHARSET=utf8 COLLATE=utf8_bin COMMENT='Hidden items of navigation tree';

-- --------------------------------------------------------

--
-- 資料表結構 `pma__pdf_pages`
--

CREATE TABLE `pma__pdf_pages` (
  `db_name` varchar(64) NOT NULL DEFAULT '',
  `page_nr` int(10) UNSIGNED NOT NULL,
  `page_descr` varchar(50) CHARACTER SET utf8 COLLATE utf8_general_ci NOT NULL DEFAULT ''
) ENGINE=InnoDB DEFAULT CHARSET=utf8 COLLATE=utf8_bin COMMENT='PDF relation pages for phpMyAdmin';

-- --------------------------------------------------------

--
-- 資料表結構 `pma__recent`
--

CREATE TABLE `pma__recent` (
  `username` varchar(64) NOT NULL,
  `tables` text NOT NULL
) ENGINE=InnoDB DEFAULT CHARSET=utf8 COLLATE=utf8_bin COMMENT='Recently accessed tables';

--
-- 傾印資料表的資料 `pma__recent`
--

INSERT INTO `pma__recent` (`username`, `tables`) VALUES
('root', '[{\"db\":\"db19\",\"table\":\"members\"},{\"db\":\"db19\",\"table\":\"news\"},{\"db\":\"cpc_oil\",\"table\":\"cpc_oil\"},{\"db\":\"db21\",\"table\":\"title\"},{\"db\":\"lee\",\"table\":\"files\"},{\"db\":\"lee\",\"table\":\"messages\"},{\"db\":\"lee\",\"table\":\"account\"},{\"db\":\"lee\",\"table\":\"members\"},{\"db\":\"lee\",\"table\":\"makeawish\"},{\"db\":\"lee\",\"table\":\"family\"}]');

-- --------------------------------------------------------

--
-- 資料表結構 `pma__relation`
--

CREATE TABLE `pma__relation` (
  `master_db` varchar(64) NOT NULL DEFAULT '',
  `master_table` varchar(64) NOT NULL DEFAULT '',
  `master_field` varchar(64) NOT NULL DEFAULT '',
  `foreign_db` varchar(64) NOT NULL DEFAULT '',
  `foreign_table` varchar(64) NOT NULL DEFAULT '',
  `foreign_field` varchar(64) NOT NULL DEFAULT ''
) ENGINE=InnoDB DEFAULT CHARSET=utf8 COLLATE=utf8_bin COMMENT='Relation table';

-- --------------------------------------------------------

--
-- 資料表結構 `pma__savedsearches`
--

CREATE TABLE `pma__savedsearches` (
  `id` int(5) UNSIGNED NOT NULL,
  `username` varchar(64) NOT NULL DEFAULT '',
  `db_name` varchar(64) NOT NULL DEFAULT '',
  `search_name` varchar(64) NOT NULL DEFAULT '',
  `search_data` text NOT NULL
) ENGINE=InnoDB DEFAULT CHARSET=utf8 COLLATE=utf8_bin COMMENT='Saved searches';

-- --------------------------------------------------------

--
-- 資料表結構 `pma__table_coords`
--

CREATE TABLE `pma__table_coords` (
  `db_name` varchar(64) NOT NULL DEFAULT '',
  `table_name` varchar(64) NOT NULL DEFAULT '',
  `pdf_page_number` int(11) NOT NULL DEFAULT 0,
  `x` float UNSIGNED NOT NULL DEFAULT 0,
  `y` float UNSIGNED NOT NULL DEFAULT 0
) ENGINE=InnoDB DEFAULT CHARSET=utf8 COLLATE=utf8_bin COMMENT='Table coordinates for phpMyAdmin PDF output';

-- --------------------------------------------------------

--
-- 資料表結構 `pma__table_info`
--

CREATE TABLE `pma__table_info` (
  `db_name` varchar(64) NOT NULL DEFAULT '',
  `table_name` varchar(64) NOT NULL DEFAULT '',
  `display_field` varchar(64) NOT NULL DEFAULT ''
) ENGINE=InnoDB DEFAULT CHARSET=utf8 COLLATE=utf8_bin COMMENT='Table information for phpMyAdmin';

-- --------------------------------------------------------

--
-- 資料表結構 `pma__table_uiprefs`
--

CREATE TABLE `pma__table_uiprefs` (
  `username` varchar(64) NOT NULL,
  `db_name` varchar(64) NOT NULL,
  `table_name` varchar(64) NOT NULL,
  `prefs` text NOT NULL,
  `last_update` timestamp NOT NULL DEFAULT current_timestamp() ON UPDATE current_timestamp()
) ENGINE=InnoDB DEFAULT CHARSET=utf8 COLLATE=utf8_bin COMMENT='Tables'' UI preferences';

--
-- 傾印資料表的資料 `pma__table_uiprefs`
--

INSERT INTO `pma__table_uiprefs` (`username`, `db_name`, `table_name`, `prefs`, `last_update`) VALUES
('root', 'album', 'photos', '{\"CREATE_TIME\":\"2026-05-29 11:50:06\",\"col_order\":[0,2,3,4,1],\"col_visib\":[1,1,1,1,1]}', '2026-05-29 06:09:32'),
('root', 'lee', 'account', '{\"CREATE_TIME\":\"2026-06-09 09:44:11\",\"col_order\":[7,0,1,2,3,4,5,6,8,9,10,11,12,13,14],\"col_visib\":[1,1,1,1,1,1,1,1,1,1,1,1,1,1,1]}', '2026-06-09 06:29:12');

-- --------------------------------------------------------

--
-- 資料表結構 `pma__tracking`
--

CREATE TABLE `pma__tracking` (
  `db_name` varchar(64) NOT NULL,
  `table_name` varchar(64) NOT NULL,
  `version` int(10) UNSIGNED NOT NULL,
  `date_created` datetime NOT NULL,
  `date_updated` datetime NOT NULL,
  `schema_snapshot` text NOT NULL,
  `schema_sql` text DEFAULT NULL,
  `data_sql` longtext DEFAULT NULL,
  `tracking` set('UPDATE','REPLACE','INSERT','DELETE','TRUNCATE','CREATE DATABASE','ALTER DATABASE','DROP DATABASE','CREATE TABLE','ALTER TABLE','RENAME TABLE','DROP TABLE','CREATE INDEX','DROP INDEX','CREATE VIEW','ALTER VIEW','DROP VIEW') DEFAULT NULL,
  `tracking_active` int(1) UNSIGNED NOT NULL DEFAULT 1
) ENGINE=InnoDB DEFAULT CHARSET=utf8 COLLATE=utf8_bin COMMENT='Database changes tracking for phpMyAdmin';

-- --------------------------------------------------------

--
-- 資料表結構 `pma__userconfig`
--

CREATE TABLE `pma__userconfig` (
  `username` varchar(64) NOT NULL,
  `timevalue` timestamp NOT NULL DEFAULT current_timestamp() ON UPDATE current_timestamp(),
  `config_data` text NOT NULL
) ENGINE=InnoDB DEFAULT CHARSET=utf8 COLLATE=utf8_bin COMMENT='User preferences storage for phpMyAdmin';

--
-- 傾印資料表的資料 `pma__userconfig`
--

INSERT INTO `pma__userconfig` (`username`, `timevalue`, `config_data`) VALUES
('root', '2026-07-06 01:31:36', '{\"Console\\/Mode\":\"collapse\",\"lang\":\"zh_TW\",\"NavigationWidth\":190}');

-- --------------------------------------------------------

--
-- 資料表結構 `pma__usergroups`
--

CREATE TABLE `pma__usergroups` (
  `usergroup` varchar(64) NOT NULL,
  `tab` varchar(64) NOT NULL,
  `allowed` enum('Y','N') NOT NULL DEFAULT 'N'
) ENGINE=InnoDB DEFAULT CHARSET=utf8 COLLATE=utf8_bin COMMENT='User groups with configured menu items';

-- --------------------------------------------------------

--
-- 資料表結構 `pma__users`
--

CREATE TABLE `pma__users` (
  `username` varchar(64) NOT NULL,
  `usergroup` varchar(64) NOT NULL
) ENGINE=InnoDB DEFAULT CHARSET=utf8 COLLATE=utf8_bin COMMENT='Users and their assignments to user groups';

--
-- 已傾印資料表的索引
--

--
-- 資料表索引 `pma__bookmark`
--
ALTER TABLE `pma__bookmark`
  ADD PRIMARY KEY (`id`);

--
-- 資料表索引 `pma__central_columns`
--
ALTER TABLE `pma__central_columns`
  ADD PRIMARY KEY (`db_name`,`col_name`);

--
-- 資料表索引 `pma__column_info`
--
ALTER TABLE `pma__column_info`
  ADD PRIMARY KEY (`id`),
  ADD UNIQUE KEY `db_name` (`db_name`,`table_name`,`column_name`);

--
-- 資料表索引 `pma__designer_settings`
--
ALTER TABLE `pma__designer_settings`
  ADD PRIMARY KEY (`username`);

--
-- 資料表索引 `pma__export_templates`
--
ALTER TABLE `pma__export_templates`
  ADD PRIMARY KEY (`id`),
  ADD UNIQUE KEY `u_user_type_template` (`username`,`export_type`,`template_name`);

--
-- 資料表索引 `pma__favorite`
--
ALTER TABLE `pma__favorite`
  ADD PRIMARY KEY (`username`);

--
-- 資料表索引 `pma__history`
--
ALTER TABLE `pma__history`
  ADD PRIMARY KEY (`id`),
  ADD KEY `username` (`username`,`db`,`table`,`timevalue`);

--
-- 資料表索引 `pma__navigationhiding`
--
ALTER TABLE `pma__navigationhiding`
  ADD PRIMARY KEY (`username`,`item_name`,`item_type`,`db_name`,`table_name`);

--
-- 資料表索引 `pma__pdf_pages`
--
ALTER TABLE `pma__pdf_pages`
  ADD PRIMARY KEY (`page_nr`),
  ADD KEY `db_name` (`db_name`);

--
-- 資料表索引 `pma__recent`
--
ALTER TABLE `pma__recent`
  ADD PRIMARY KEY (`username`);

--
-- 資料表索引 `pma__relation`
--
ALTER TABLE `pma__relation`
  ADD PRIMARY KEY (`master_db`,`master_table`,`master_field`),
  ADD KEY `foreign_field` (`foreign_db`,`foreign_table`);

--
-- 資料表索引 `pma__savedsearches`
--
ALTER TABLE `pma__savedsearches`
  ADD PRIMARY KEY (`id`),
  ADD UNIQUE KEY `u_savedsearches_username_dbname` (`username`,`db_name`,`search_name`);

--
-- 資料表索引 `pma__table_coords`
--
ALTER TABLE `pma__table_coords`
  ADD PRIMARY KEY (`db_name`,`table_name`,`pdf_page_number`);

--
-- 資料表索引 `pma__table_info`
--
ALTER TABLE `pma__table_info`
  ADD PRIMARY KEY (`db_name`,`table_name`);

--
-- 資料表索引 `pma__table_uiprefs`
--
ALTER TABLE `pma__table_uiprefs`
  ADD PRIMARY KEY (`username`,`db_name`,`table_name`);

--
-- 資料表索引 `pma__tracking`
--
ALTER TABLE `pma__tracking`
  ADD PRIMARY KEY (`db_name`,`table_name`,`version`);

--
-- 資料表索引 `pma__userconfig`
--
ALTER TABLE `pma__userconfig`
  ADD PRIMARY KEY (`username`);

--
-- 資料表索引 `pma__usergroups`
--
ALTER TABLE `pma__usergroups`
  ADD PRIMARY KEY (`usergroup`,`tab`,`allowed`);

--
-- 資料表索引 `pma__users`
--
ALTER TABLE `pma__users`
  ADD PRIMARY KEY (`username`,`usergroup`);

--
-- 在傾印的資料表使用自動遞增(AUTO_INCREMENT)
--

--
-- 使用資料表自動遞增(AUTO_INCREMENT) `pma__bookmark`
--
ALTER TABLE `pma__bookmark`
  MODIFY `id` int(10) UNSIGNED NOT NULL AUTO_INCREMENT;

--
-- 使用資料表自動遞增(AUTO_INCREMENT) `pma__column_info`
--
ALTER TABLE `pma__column_info`
  MODIFY `id` int(5) UNSIGNED NOT NULL AUTO_INCREMENT;

--
-- 使用資料表自動遞增(AUTO_INCREMENT) `pma__export_templates`
--
ALTER TABLE `pma__export_templates`
  MODIFY `id` int(5) UNSIGNED NOT NULL AUTO_INCREMENT;

--
-- 使用資料表自動遞增(AUTO_INCREMENT) `pma__history`
--
ALTER TABLE `pma__history`
  MODIFY `id` bigint(20) UNSIGNED NOT NULL AUTO_INCREMENT;

--
-- 使用資料表自動遞增(AUTO_INCREMENT) `pma__pdf_pages`
--
ALTER TABLE `pma__pdf_pages`
  MODIFY `page_nr` int(10) UNSIGNED NOT NULL AUTO_INCREMENT;

--
-- 使用資料表自動遞增(AUTO_INCREMENT) `pma__savedsearches`
--
ALTER TABLE `pma__savedsearches`
  MODIFY `id` int(5) UNSIGNED NOT NULL AUTO_INCREMENT;
--
-- 資料庫： `school`
--
CREATE DATABASE IF NOT EXISTS `school` DEFAULT CHARACTER SET utf8mb4 COLLATE utf8mb4_general_ci;
USE `school`;

-- --------------------------------------------------------

--
-- 資料表結構 `classes`
--

CREATE TABLE `classes` (
  `id` int(10) UNSIGNED NOT NULL,
  `code` varchar(3) NOT NULL,
  `name` varchar(12) NOT NULL,
  `tutor` varchar(8) NOT NULL
) ENGINE=InnoDB DEFAULT CHARSET=utf8mb4 COLLATE=utf8mb4_unicode_ci;

--
-- 傾印資料表的資料 `classes`
--

INSERT INTO `classes` (`id`, `code`, `name`, `tutor`) VALUES
(1, '101', '一年一班', '孫承翰'),
(2, '102', '一年二班', '王詠晴'),
(3, '103', '一年三班', '賴冠延'),
(4, '104', '一年四班', '郭欣妤'),
(5, '105', '一年五班', '謝家豪'),
(6, '106', '一年六班', '黃雅婷'),
(7, '107', '一年七班', '林志偉'),
(8, '108', '一年八班', '趙宜蓁'),
(9, '109', '一年九班', '張建宏'),
(10, '110', '一年十班', '許麗華');

-- --------------------------------------------------------

--
-- 資料表結構 `class_student`
--

CREATE TABLE `class_student` (
  `id` int(10) UNSIGNED NOT NULL,
  `school_num` varchar(6) NOT NULL,
  `class_code` varchar(3) NOT NULL,
  `seat_num` tinyint(2) NOT NULL,
  `year` year(4) NOT NULL
) ENGINE=InnoDB DEFAULT CHARSET=utf8mb4 COLLATE=utf8mb4_unicode_ci;

--
-- 傾印資料表的資料 `class_student`
--

INSERT INTO `class_student` (`id`, `school_num`, `class_code`, `seat_num`, `year`) VALUES
(1, '911001', '101', 1, '2000'),
(2, '911002', '101', 2, '2000'),
(3, '911003', '101', 3, '2000'),
(4, '911004', '101', 4, '2000'),
(5, '911005', '101', 5, '2000'),
(6, '911006', '101', 6, '2000'),
(7, '911007', '101', 7, '2000'),
(8, '911008', '101', 8, '2000'),
(9, '911009', '101', 9, '2000'),
(10, '911010', '101', 10, '2000'),
(11, '911011', '101', 11, '2000'),
(12, '911012', '101', 12, '2000'),
(13, '911013', '101', 13, '2000'),
(14, '911014', '101', 14, '2000'),
(15, '911015', '101', 15, '2000'),
(16, '911016', '101', 16, '2000'),
(17, '911017', '101', 17, '2000'),
(18, '911018', '101', 18, '2000'),
(19, '911019', '101', 19, '2000'),
(20, '911020', '101', 20, '2000'),
(21, '911021', '101', 21, '2000'),
(22, '911022', '101', 22, '2000'),
(23, '911023', '101', 23, '2000'),
(24, '911024', '101', 24, '2000'),
(25, '911025', '101', 25, '2000'),
(26, '911026', '101', 26, '2000'),
(27, '911027', '101', 27, '2000'),
(28, '911028', '101', 28, '2000'),
(29, '911029', '101', 29, '2000'),
(30, '911030', '101', 30, '2000'),
(31, '911031', '101', 31, '2000'),
(32, '911032', '101', 32, '2000'),
(33, '911033', '101', 33, '2000'),
(34, '911034', '101', 34, '2000'),
(35, '911035', '101', 35, '2000'),
(36, '911036', '101', 36, '2000'),
(37, '911037', '101', 37, '2000'),
(38, '911038', '101', 38, '2000'),
(39, '911039', '101', 39, '2000'),
(40, '911040', '101', 40, '2000'),
(41, '911041', '101', 41, '2000'),
(42, '911042', '101', 42, '2000'),
(43, '911043', '101', 43, '2000'),
(44, '911044', '101', 44, '2000'),
(45, '911045', '101', 45, '2000'),
(46, '911046', '101', 46, '2000'),
(47, '911047', '101', 47, '2000'),
(48, '911048', '101', 48, '2000'),
(49, '911049', '101', 49, '2000'),
(51, '912002', '102', 2, '2000'),
(52, '912003', '102', 3, '2000'),
(53, '912004', '102', 4, '2000'),
(54, '912005', '102', 5, '2000'),
(55, '912006', '102', 6, '2000'),
(56, '912007', '102', 7, '2000'),
(57, '912008', '102', 8, '2000'),
(58, '912009', '102', 9, '2000'),
(59, '912010', '102', 10, '2000'),
(60, '912011', '102', 11, '2000'),
(61, '912012', '102', 12, '2000'),
(62, '912013', '102', 13, '2000'),
(63, '912014', '102', 14, '2000'),
(64, '912015', '102', 15, '2000'),
(65, '912016', '102', 16, '2000'),
(66, '912017', '102', 17, '2000'),
(67, '912018', '102', 18, '2000'),
(68, '912019', '102', 19, '2000'),
(69, '912020', '102', 20, '2000'),
(70, '912021', '102', 21, '2000'),
(71, '912022', '102', 22, '2000'),
(72, '912023', '102', 23, '2000'),
(73, '912024', '102', 24, '2000'),
(74, '912025', '102', 25, '2000'),
(75, '912026', '102', 26, '2000'),
(76, '912027', '102', 27, '2000'),
(77, '912028', '102', 28, '2000'),
(78, '912029', '102', 29, '2000'),
(79, '912030', '102', 30, '2000'),
(80, '912031', '102', 31, '2000'),
(81, '912032', '102', 32, '2000'),
(82, '912033', '102', 33, '2000'),
(83, '912034', '102', 34, '2000'),
(84, '912035', '102', 35, '2000'),
(85, '912036', '102', 36, '2000'),
(86, '912037', '102', 37, '2000'),
(87, '912038', '102', 38, '2000'),
(88, '913001', '103', 1, '2000'),
(89, '913002', '103', 2, '2000'),
(90, '913003', '103', 3, '2000'),
(91, '913004', '103', 4, '2000'),
(92, '913005', '103', 5, '2000'),
(93, '913006', '103', 6, '2000'),
(94, '913007', '103', 7, '2000'),
(95, '913008', '103', 8, '2000'),
(96, '913009', '103', 9, '2000'),
(97, '913010', '103', 10, '2000'),
(98, '913011', '103', 11, '2000'),
(99, '913012', '103', 12, '2000'),
(100, '913013', '103', 13, '2000'),
(101, '913014', '103', 14, '2000'),
(102, '913015', '103', 15, '2000'),
(103, '913016', '103', 16, '2000'),
(104, '913017', '103', 17, '2000'),
(105, '913018', '103', 18, '2000'),
(106, '913019', '103', 19, '2000'),
(107, '913020', '103', 20, '2000'),
(108, '913021', '103', 21, '2000'),
(109, '913022', '103', 22, '2000'),
(110, '913023', '103', 23, '2000'),
(111, '913024', '103', 24, '2000'),
(112, '913025', '103', 25, '2000'),
(113, '913026', '103', 26, '2000'),
(114, '913027', '103', 27, '2000'),
(115, '913028', '103', 28, '2000'),
(116, '913029', '103', 29, '2000'),
(117, '913030', '103', 30, '2000'),
(118, '913031', '103', 31, '2000'),
(119, '913032', '103', 32, '2000'),
(120, '913033', '103', 33, '2000'),
(121, '913034', '103', 34, '2000'),
(122, '913035', '103', 35, '2000'),
(123, '913036', '103', 36, '2000'),
(124, '913037', '103', 37, '2000'),
(125, '913038', '103', 38, '2000'),
(126, '913039', '103', 39, '2000'),
(127, '913040', '103', 40, '2000'),
(128, '913041', '103', 41, '2000'),
(129, '913042', '103', 42, '2000'),
(130, '913043', '103', 43, '2000'),
(131, '913044', '103', 44, '2000'),
(132, '913045', '103', 45, '2000'),
(133, '913046', '103', 46, '2000'),
(134, '913047', '103', 47, '2000'),
(135, '913048', '103', 48, '2000'),
(136, '913049', '103', 49, '2000'),
(137, '913050', '103', 50, '2000'),
(138, '913051', '103', 51, '2000'),
(139, '913052', '103', 52, '2000'),
(140, '913053', '103', 53, '2000'),
(141, '913054', '103', 54, '2000'),
(142, '913055', '103', 55, '2000'),
(143, '913056', '103', 56, '2000'),
(144, '913057', '103', 57, '2000'),
(145, '913058', '104', 1, '2000'),
(146, '913059', '104', 2, '2000'),
(147, '913060', '104', 3, '2000'),
(148, '913061', '104', 4, '2000'),
(149, '913062', '104', 5, '2000'),
(150, '913063', '104', 6, '2000'),
(151, '913064', '104', 7, '2000'),
(152, '913065', '104', 8, '2000'),
(153, '913066', '104', 9, '2000'),
(154, '913067', '104', 10, '2000'),
(155, '913068', '104', 11, '2000'),
(156, '913069', '104', 12, '2000'),
(157, '913070', '104', 13, '2000'),
(158, '913071', '104', 14, '2000'),
(159, '913072', '104', 15, '2000'),
(160, '913073', '104', 16, '2000'),
(161, '913074', '104', 17, '2000'),
(162, '913075', '104', 18, '2000'),
(163, '913076', '104', 19, '2000'),
(164, '913077', '104', 20, '2000'),
(165, '913078', '104', 21, '2000'),
(166, '913079', '104', 22, '2000'),
(167, '913080', '104', 23, '2000'),
(168, '913081', '104', 24, '2000'),
(169, '913082', '104', 25, '2000'),
(170, '913083', '104', 26, '2000'),
(171, '913084', '104', 27, '2000'),
(172, '913085', '104', 28, '2000'),
(173, '913086', '104', 29, '2000'),
(174, '913087', '104', 30, '2000'),
(175, '913088', '104', 31, '2000'),
(176, '913089', '104', 32, '2000'),
(177, '913090', '104', 33, '2000'),
(178, '913091', '104', 34, '2000'),
(179, '913092', '104', 35, '2000'),
(180, '913093', '104', 36, '2000'),
(181, '913094', '104', 37, '2000'),
(182, '913095', '104', 38, '2000'),
(183, '913096', '104', 39, '2000'),
(184, '913097', '104', 40, '2000'),
(185, '913098', '104', 41, '2000'),
(186, '913099', '104', 42, '2000'),
(187, '913100', '104', 43, '2000'),
(188, '913101', '104', 44, '2000'),
(189, '913102', '104', 45, '2000'),
(190, '913103', '104', 46, '2000'),
(191, '913104', '104', 47, '2000'),
(192, '913105', '104', 48, '2000'),
(193, '913106', '104', 49, '2000'),
(194, '913107', '104', 50, '2000'),
(195, '913108', '104', 51, '2000'),
(196, '913109', '104', 52, '2000'),
(197, '913110', '104', 53, '2000'),
(198, '913111', '104', 54, '2000'),
(199, '913112', '104', 55, '2000'),
(200, '913113', '104', 56, '2000'),
(201, '913114', '104', 57, '2000'),
(202, '913115', '104', 58, '2000'),
(203, '913116', '104', 59, '2000'),
(204, '913117', '105', 1, '2000'),
(205, '913118', '105', 2, '2000'),
(206, '913119', '105', 3, '2000'),
(207, '913120', '105', 4, '2000'),
(208, '913121', '105', 5, '2000'),
(209, '913122', '105', 6, '2000'),
(210, '913123', '105', 7, '2000'),
(211, '913124', '105', 8, '2000'),
(212, '913125', '105', 9, '2000'),
(213, '913126', '105', 10, '2000'),
(214, '913127', '105', 11, '2000'),
(215, '913128', '105', 12, '2000'),
(216, '913129', '105', 13, '2000'),
(217, '913130', '105', 14, '2000'),
(218, '913131', '105', 15, '2000'),
(219, '913132', '105', 16, '2000'),
(220, '913133', '105', 17, '2000'),
(221, '913134', '105', 18, '2000'),
(222, '913135', '105', 19, '2000'),
(223, '913136', '105', 20, '2000'),
(224, '913137', '105', 21, '2000'),
(225, '913138', '105', 22, '2000'),
(226, '913139', '105', 23, '2000'),
(227, '913140', '105', 24, '2000'),
(228, '913141', '105', 25, '2000'),
(229, '913142', '105', 26, '2000'),
(230, '913143', '105', 27, '2000'),
(231, '913144', '105', 28, '2000'),
(232, '913145', '105', 29, '2000'),
(233, '913146', '105', 30, '2000'),
(234, '913147', '105', 31, '2000'),
(235, '913148', '105', 32, '2000'),
(236, '913149', '105', 33, '2000'),
(237, '913150', '105', 34, '2000'),
(238, '913151', '105', 35, '2000'),
(239, '913152', '105', 36, '2000'),
(240, '913153', '105', 37, '2000'),
(241, '913154', '105', 38, '2000'),
(242, '913155', '105', 39, '2000'),
(243, '913156', '105', 40, '2000'),
(244, '913157', '105', 41, '2000'),
(245, '913158', '105', 42, '2000'),
(246, '913159', '105', 43, '2000'),
(247, '913160', '105', 44, '2000'),
(248, '913161', '105', 45, '2000'),
(249, '913162', '105', 46, '2000'),
(250, '913163', '105', 47, '2000'),
(251, '913164', '105', 48, '2000'),
(252, '913165', '105', 49, '2000'),
(253, '913166', '105', 50, '2000'),
(254, '913167', '105', 51, '2000'),
(255, '913168', '105', 52, '2000'),
(256, '913169', '105', 53, '2000'),
(257, '913170', '105', 54, '2000'),
(258, '913171', '105', 55, '2000'),
(259, '914001', '106', 1, '2000'),
(260, '914002', '106', 2, '2000'),
(261, '914003', '106', 3, '2000'),
(262, '914004', '106', 4, '2000'),
(263, '914005', '106', 5, '2000'),
(264, '914006', '106', 6, '2000'),
(265, '914007', '106', 7, '2000'),
(266, '914008', '106', 8, '2000'),
(267, '914009', '106', 9, '2000'),
(268, '914010', '106', 10, '2000'),
(269, '914011', '106', 11, '2000'),
(270, '914012', '106', 12, '2000'),
(271, '914013', '106', 13, '2000'),
(272, '914014', '106', 14, '2000'),
(273, '914015', '106', 15, '2000'),
(274, '914016', '106', 16, '2000'),
(275, '914017', '106', 17, '2000'),
(276, '914018', '106', 18, '2000'),
(277, '914019', '106', 19, '2000'),
(278, '914020', '106', 20, '2000'),
(279, '914021', '106', 21, '2000'),
(280, '914022', '106', 22, '2000'),
(281, '914023', '106', 23, '2000'),
(282, '914024', '106', 24, '2000'),
(283, '914025', '106', 25, '2000'),
(284, '914026', '106', 26, '2000'),
(285, '914027', '106', 27, '2000'),
(286, '914028', '106', 28, '2000'),
(287, '914029', '106', 29, '2000'),
(288, '914030', '106', 30, '2000'),
(289, '914031', '106', 31, '2000'),
(290, '914032', '106', 32, '2000'),
(291, '914033', '106', 33, '2000'),
(292, '914034', '106', 34, '2000'),
(293, '914035', '106', 35, '2000'),
(294, '914036', '106', 36, '2000'),
(295, '914037', '106', 37, '2000'),
(296, '914038', '106', 38, '2000'),
(297, '914039', '106', 39, '2000'),
(298, '914040', '106', 40, '2000'),
(299, '914041', '106', 41, '2000'),
(300, '914042', '106', 42, '2000'),
(301, '914043', '106', 43, '2000'),
(302, '914044', '106', 44, '2000'),
(303, '914045', '106', 45, '2000'),
(304, '914046', '106', 46, '2000'),
(305, '914047', '106', 47, '2000'),
(306, '914048', '106', 48, '2000'),
(307, '914049', '107', 1, '2000'),
(308, '914050', '107', 2, '2000'),
(309, '914051', '107', 3, '2000'),
(310, '914052', '107', 4, '2000'),
(311, '914053', '107', 5, '2000'),
(312, '914054', '107', 6, '2000'),
(313, '914055', '107', 7, '2000'),
(314, '914056', '107', 8, '2000'),
(315, '914057', '107', 9, '2000'),
(316, '914058', '107', 10, '2000'),
(317, '914059', '107', 11, '2000'),
(318, '914060', '107', 12, '2000'),
(319, '914061', '107', 13, '2000'),
(320, '914062', '107', 14, '2000'),
(321, '914063', '107', 15, '2000'),
(322, '914064', '107', 16, '2000'),
(323, '914065', '107', 17, '2000'),
(324, '914066', '107', 18, '2000'),
(325, '914067', '107', 19, '2000'),
(326, '914068', '107', 20, '2000'),
(327, '914069', '107', 21, '2000'),
(328, '914070', '107', 22, '2000'),
(329, '914071', '107', 23, '2000'),
(330, '914072', '107', 24, '2000'),
(331, '914073', '107', 25, '2000'),
(332, '914074', '107', 26, '2000'),
(333, '914075', '107', 27, '2000'),
(334, '914076', '107', 28, '2000'),
(335, '914077', '107', 29, '2000'),
(336, '914078', '107', 30, '2000'),
(337, '914079', '107', 31, '2000'),
(338, '914080', '107', 32, '2000'),
(339, '914081', '107', 33, '2000'),
(340, '914082', '107', 34, '2000'),
(341, '914083', '107', 35, '2000'),
(342, '914084', '107', 36, '2000'),
(343, '914085', '107', 37, '2000'),
(344, '914086', '107', 38, '2000'),
(345, '914087', '107', 39, '2000'),
(346, '914088', '107', 40, '2000'),
(347, '914089', '107', 41, '2000'),
(348, '914090', '107', 42, '2000'),
(349, '914091', '107', 43, '2000'),
(350, '914092', '107', 44, '2000'),
(351, '914093', '107', 45, '2000'),
(352, '914094', '107', 46, '2000'),
(353, '914095', '107', 47, '2000'),
(354, '914096', '108', 1, '2000'),
(355, '914097', '108', 2, '2000'),
(356, '914098', '108', 3, '2000'),
(357, '914099', '108', 4, '2000'),
(358, '914100', '108', 5, '2000'),
(359, '914101', '108', 6, '2000'),
(360, '914102', '108', 7, '2000'),
(361, '914103', '108', 8, '2000'),
(362, '914104', '108', 9, '2000'),
(363, '914105', '108', 10, '2000'),
(364, '914106', '108', 11, '2000'),
(365, '914107', '108', 12, '2000'),
(366, '914108', '108', 13, '2000'),
(367, '914109', '108', 14, '2000'),
(368, '914110', '108', 15, '2000'),
(369, '914111', '108', 16, '2000'),
(370, '914112', '108', 17, '2000'),
(371, '914113', '108', 18, '2000'),
(372, '914114', '108', 19, '2000'),
(373, '914115', '108', 20, '2000'),
(374, '914116', '108', 21, '2000'),
(375, '914117', '108', 22, '2000'),
(376, '914118', '108', 23, '2000'),
(377, '914119', '108', 24, '2000'),
(378, '914120', '108', 25, '2000'),
(379, '914121', '108', 26, '2000'),
(380, '914122', '108', 27, '2000'),
(381, '914123', '108', 28, '2000'),
(382, '914124', '108', 29, '2000'),
(383, '914125', '108', 30, '2000'),
(384, '914126', '108', 31, '2000'),
(385, '914127', '108', 32, '2000'),
(386, '914128', '108', 33, '2000'),
(387, '914129', '108', 34, '2000'),
(388, '914130', '108', 35, '2000'),
(389, '914131', '108', 36, '2000'),
(390, '914132', '108', 37, '2000'),
(391, '914133', '108', 38, '2000'),
(392, '914134', '108', 39, '2000'),
(393, '914135', '108', 40, '2000'),
(394, '914136', '108', 41, '2000'),
(395, '914137', '108', 42, '2000'),
(396, '914138', '108', 43, '2000'),
(397, '915001', '109', 1, '2000'),
(398, '915002', '109', 2, '2000'),
(399, '915003', '109', 3, '2000'),
(400, '915004', '109', 4, '2000'),
(401, '915005', '109', 5, '2000'),
(402, '915006', '109', 6, '2000'),
(403, '915007', '109', 7, '2000'),
(404, '915008', '109', 8, '2000'),
(405, '915009', '109', 9, '2000'),
(406, '915010', '109', 10, '2000'),
(407, '915011', '109', 11, '2000'),
(408, '915012', '109', 12, '2000'),
(409, '915013', '109', 13, '2000'),
(410, '915014', '109', 14, '2000'),
(411, '915015', '109', 15, '2000'),
(412, '915016', '109', 16, '2000'),
(413, '915017', '109', 17, '2000'),
(414, '915018', '109', 18, '2000'),
(415, '915019', '109', 19, '2000'),
(416, '915020', '109', 20, '2000'),
(417, '915021', '109', 21, '2000'),
(418, '915022', '109', 22, '2000'),
(419, '915023', '109', 23, '2000'),
(420, '915024', '109', 24, '2000'),
(421, '915025', '109', 25, '2000'),
(422, '915026', '109', 26, '2000'),
(423, '915027', '109', 27, '2000'),
(424, '915028', '109', 28, '2000'),
(425, '915029', '109', 29, '2000'),
(426, '915030', '109', 30, '2000'),
(427, '915031', '109', 31, '2000'),
(428, '915032', '109', 32, '2000'),
(429, '915033', '109', 33, '2000'),
(430, '915034', '109', 34, '2000'),
(431, '915035', '109', 35, '2000'),
(432, '915036', '109', 36, '2000'),
(433, '915037', '109', 37, '2000'),
(434, '915038', '109', 38, '2000'),
(435, '915039', '109', 39, '2000'),
(436, '915040', '109', 40, '2000'),
(437, '915041', '109', 41, '2000'),
(438, '915042', '109', 42, '2000'),
(439, '915043', '110', 1, '2000'),
(440, '915044', '110', 2, '2000'),
(441, '915045', '110', 3, '2000'),
(442, '915046', '110', 4, '2000'),
(443, '915047', '110', 5, '2000'),
(444, '915048', '110', 6, '2000'),
(445, '915049', '110', 7, '2000'),
(446, '915050', '110', 8, '2000'),
(447, '915051', '110', 9, '2000'),
(448, '915052', '110', 10, '2000'),
(449, '915053', '110', 11, '2000'),
(450, '915054', '110', 12, '2000'),
(451, '915055', '110', 13, '2000'),
(452, '915056', '110', 14, '2000'),
(453, '915057', '110', 15, '2000'),
(454, '915058', '110', 16, '2000'),
(455, '915059', '110', 17, '2000'),
(456, '915060', '110', 18, '2000'),
(457, '915061', '110', 19, '2000'),
(458, '915062', '110', 20, '2000'),
(459, '915063', '110', 21, '2000'),
(460, '915064', '110', 22, '2000'),
(461, '915065', '110', 23, '2000'),
(462, '915066', '110', 24, '2000'),
(463, '915067', '110', 25, '2000'),
(464, '915068', '110', 26, '2000'),
(465, '915069', '110', 27, '2000'),
(466, '915070', '110', 28, '2000'),
(467, '915071', '110', 29, '2000'),
(468, '915072', '110', 30, '2000'),
(469, '915073', '110', 31, '2000'),
(470, '915074', '110', 32, '2000'),
(471, '915075', '110', 33, '2000'),
(472, '915076', '110', 34, '2000'),
(473, '915077', '110', 35, '2000'),
(474, '915078', '110', 36, '2000'),
(475, '915079', '110', 37, '2000'),
(476, '915080', '110', 38, '2000'),
(477, '915081', '110', 39, '2000'),
(478, '915082', '110', 40, '2000'),
(479, '915083', '110', 41, '2000'),
(480, '915084', '108', 1, '2000');

-- --------------------------------------------------------

--
-- 資料表結構 `dept`
--

CREATE TABLE `dept` (
  `id` int(10) UNSIGNED NOT NULL,
  `code` varchar(3) NOT NULL,
  `name` varchar(32) NOT NULL
) ENGINE=InnoDB DEFAULT CHARSET=utf8mb4 COLLATE=utf8mb4_unicode_ci;

--
-- 傾印資料表的資料 `dept`
--

INSERT INTO `dept` (`id`, `code`, `name`) VALUES
(1, '401', '商業經營科'),
(2, '402', '國際貿易科'),
(3, '404', '資料處理科'),
(4, '503', '幼兒保育科'),
(5, '504', '美容科'),
(6, '506', '室內佈置科'),
(7, '', '資訊部'),
(8, '602', '西餐科'),
(10, '601', '中餐科'),
(11, '601', '中餐科'),
(12, '601', '中餐科'),
(13, '601', '中餐科'),
(14, '601', '中餐科'),
(15, '601', '中餐科'),
(16, '601', '中餐科');

-- --------------------------------------------------------

--
-- 資料表結構 `graduate_school`
--

CREATE TABLE `graduate_school` (
  `id` int(10) UNSIGNED NOT NULL,
  `county` varchar(8) NOT NULL,
  `name` varchar(64) NOT NULL
) ENGINE=InnoDB DEFAULT CHARSET=utf8mb4 COLLATE=utf8mb4_unicode_ci;

--
-- 傾印資料表的資料 `graduate_school`
--

INSERT INTO `graduate_school` (`id`, `county`, `name`) VALUES
(1, '南投縣', '縣立仁愛國中'),
(2, '南投縣', '縣立和平國中'),
(3, '南投縣', '縣立土城國中'),
(4, '南投縣', '縣立平溪國中'),
(5, '南投縣', '縣立汐止國中'),
(6, '南投縣', '縣立淡水國中'),
(7, '南投縣', '縣立石門國中'),
(8, '南投縣', '縣立萬里國中'),
(9, '南投縣', '縣立金山國中'),
(10, '南投縣', '縣立雙溪國中'),
(11, '台中市', '市立中和國中'),
(12, '台中市', '市立中山國中'),
(13, '台中市', '市立中平國中'),
(14, '台中市', '市立中正國中'),
(15, '台中市', '市立中船國中'),
(16, '台中市', '市立仁愛國中'),
(17, '台中市', '市立信義國中'),
(18, '台中市', '市立八斗國中'),
(19, '台中市', '市立公園國中'),
(20, '台中市', '市立北寧國中'),
(21, '台中市', '市立南榮國中'),
(22, '台中市', '市立安一國中'),
(23, '台中市', '市立安樂國中'),
(24, '台中市', '市立建德國中'),
(25, '台中市', '市立忠孝國中'),
(26, '台中市', '市立月眉國中'),
(27, '台中市', '市立百福國中'),
(28, '宜蘭縣', '縣立頭城國中');

-- --------------------------------------------------------

--
-- 資料表結構 `members`
--

CREATE TABLE `members` (
  `id` int(10) UNSIGNED NOT NULL,
  `account` text NOT NULL,
  `password` text NOT NULL,
  `tel` text NOT NULL,
  `birthday` date NOT NULL,
  `email` text NOT NULL
) ENGINE=InnoDB DEFAULT CHARSET=utf8mb4 COLLATE=utf8mb4_unicode_ci;

--
-- 傾印資料表的資料 `members`
--

INSERT INTO `members` (`id`, `account`, `password`, `tel`, `birthday`, `email`) VALUES
(1, 'may', '1234', '0919033392', '2026-03-31', 'root@gmail.com'),
(2, 'lee', '1234', '09025451392', '2026-05-14', 'admin@gmai.com'),
(3, 'make', '1234', '0919033392', '2026-03-31', 'admin@gmai.com');

-- --------------------------------------------------------

--
-- 資料表結構 `news`
--

CREATE TABLE `news` (
  `id` int(10) UNSIGNED NOT NULL,
  `subject` text NOT NULL,
  `content` text NOT NULL,
  `author` text NOT NULL,
  `department` text NOT NULL COMMENT '發布單位',
  `created_at` timestamp NOT NULL DEFAULT current_timestamp()
) ENGINE=InnoDB DEFAULT CHARSET=utf8mb4 COLLATE=utf8mb4_unicode_ci;

--
-- 傾印資料表的資料 `news`
--

INSERT INTO `news` (`id`, `subject`, `content`, `author`, `department`, `created_at`) VALUES
(1, 'TEST', '124156651', 'may', 'IT', '2026-05-25 06:55:17'),
(2, 'test2', 'test2', 'test2', 'test2', '2026-05-25 07:43:50'),
(3, 'test3', 'test3', 'test3', 'test3', '2026-05-25 07:44:04'),
(4, '5246', '453475345', '4534', '453453', '2026-05-26 00:54:11');

-- --------------------------------------------------------

--
-- 資料表結構 `status`
--

CREATE TABLE `status` (
  `id` int(10) UNSIGNED NOT NULL,
  `code` varchar(4) NOT NULL,
  `status` varchar(8) NOT NULL,
  `note` varchar(64) NOT NULL
) ENGINE=InnoDB DEFAULT CHARSET=utf8mb4 COLLATE=utf8mb4_unicode_ci;

--
-- 傾印資料表的資料 `status`
--

INSERT INTO `status` (`id`, `code`, `status`, `note`) VALUES
(1, '001', '畢業', '持國中畢業證書者'),
(2, '002', '補校', '持國中補校資格證明書者'),
(3, '003', '補結', '持國中補校結業證明書者'),
(4, '004', '結業', '持有國中修(結)業證明書者(修畢三年以上)');

-- --------------------------------------------------------

--
-- 資料表結構 `students`
--

CREATE TABLE `students` (
  `id` int(10) UNSIGNED NOT NULL,
  `school_num` int(6) DEFAULT NULL COMMENT '學號',
  `name` varchar(8) DEFAULT NULL COMMENT '姓名',
  `birthday` date DEFAULT NULL COMMENT '出生年月日',
  `uni_id` varchar(10) DEFAULT NULL COMMENT '身分證號碼',
  `addr` varchar(32) DEFAULT NULL COMMENT '住址',
  `parents` varchar(8) DEFAULT NULL COMMENT '家長',
  `tel` varchar(16) DEFAULT NULL COMMENT '電話',
  `dept` varchar(8) DEFAULT NULL COMMENT '科別',
  `graduate_at` varchar(16) DEFAULT NULL COMMENT '畢業國中',
  `status_code` varchar(4) DEFAULT NULL
) ENGINE=InnoDB DEFAULT CHARSET=utf8 COLLATE=utf8_general_ci;

--
-- 傾印資料表的資料 `students`
--

INSERT INTO `students` (`id`, `school_num`, `name`, `birthday`, `uni_id`, `addr`, `parents`, `tel`, `dept`, `graduate_at`, `status_code`) VALUES
(1, 911001, '丁于穎', '1984-03-05', 'C100000012', '台中縣大甲鎮安和一街4巷4-3號4F', '丁世傑', '04-13310667', '1', '23', '001'),
(2, 911002, '尹彗如', '1980-09-08', 'F200000026', '南投縣南投市一坑路426號', '尹文淵', '04-13971835', '2', '2', '001'),
(3, 911003, '孔琇榆', '1984-08-28', 'F200000035', '台中縣大安鄉源遠路292巷1-5號1F', '孔進豐', '04-13570828', '3', '25', '001'),
(4, 911004, '文勝真', '1984-08-28', 'F100000042', '南投縣埔里鎮逢甲路337號', '文水順', '04-13970773', '4', '2', '004'),
(5, 911005, '方玉婷', '1983-12-10', 'C200000058', '台中縣大肚鄉安和一街6巷43之1號2F', '方明順', '04-13322272', '5', '23', '001'),
(6, 911006, '毛家男', '1983-12-16', 'C100000067', '台中縣大里市百六街53號3F', '毛長壽', '04-13518685', '6', '12', '001'),
(7, 911007, '王鳳如', '1984-01-06', 'F200000071', '南投縣草屯鎮三爪子坑路106 巷11號3', '王學義', '04-13974327', '1', '2', '001'),
(8, 911008, '史乾君', '1984-04-01', 'C100000085', '台中縣大雅鄉111巷39號2F', '史吳屘', '04-13318360', '2', '25', '004'),
(9, 911009, '田泓宜', '1984-07-09', 'F100000097', '台中縣太平市義六路36-34 號3F', '田慶鐘', '04-13275530', '3', '17', '001'),
(10, 911010, '白金圓', '1984-01-02', 'V200000109', '台中縣外埔鄉調和街80巷63號', '白鳳鳴', '04-13693021', '4', '16', '001'),
(11, 911011, '石政華', '1984-03-03', 'C100000110', '台中縣石岡鄉正義路74巷30弄40號', '石芳雄', '04-13287732', '5', '14', '001'),
(12, 911012, '任佩君', '1984-09-17', 'G200000123', '南投縣竹山鎮大寮路49巷1 號', '任旺樹', '04-13969168', '6', '2', '001'),
(13, 911013, '朱怡蓉', '1983-10-24', 'F200000131', '南投縣集集鎮東和路84號', '朱金池', '04-13977208', '1', '2', '001'),
(14, 911014, '江欣欽', '1983-12-11', 'C100000147', '台中縣后里鄉金山街74號', '江清祥', '04-13582284', '2', '24', '001'),
(15, 911015, '何秋桂', '1983-11-16', 'G200000150', '台中縣沙鹿鎮麥金路11巷40號', '何明東', '04-13327347', '3', '27', '001'),
(16, 911016, '余進財', '1984-02-26', 'F100000168', '南投縣名間鄉中山路246巷11號2F', '余文吉', '04-13974586', '4', '2', '001'),
(17, 911017, '吳菁菁', '1984-07-13', 'F200000177', '南投縣鹿谷鄉龍崗村泮宮路17號', '吳顯瑞', '04-13941334', '5', '1', '001'),
(18, 911018, '呂意倫', '1984-06-01', 'F100000186', '南投縣中寮鄉三爪子坑路民享新村11', '呂林飛', '04-13979021', '6', '2', '001'),
(19, 911019, '宋時雨', '1984-09-16', 'K100000199', '台中縣和平鄉中華路135-3 號4F', '宋德祥', '04-13230092', '1', '12', '001'),
(20, 911020, '李禬敏', '1984-05-03', 'C100000209', '台中縣東勢鎮泰安路91號', '李玉雲', '04-13514121', '2', '12', '001'),
(21, 911021, '杜晉華', '1984-02-24', 'C100000218', '台中縣烏日鄉東峰街11巷2 號', '杜秦英', '04-13654770', '3', '17', '001'),
(22, 911022, '沈慧如', '1984-03-11', 'F200000220', '南投縣魚池鄉大埔路48號3F', '沈朝雄', '04-13579700', '4', '2', '001'),
(23, 911023, '汪純芬', '1984-10-20', 'C200000236', '台中縣神岡鄉東新街4巷66 號', '汪瑞琴', '04-13564111', '5', '12', '001'),
(24, 911024, '周惠琴', '1983-06-06', 'C200000245', '台中縣梧棲鎮協和街192-1 號', '周水清', '04-13288344', '1', '14', '004'),
(25, 911025, '孟亞秦', '1984-04-03', 'F100000257', '南投縣國姓鄉員潭路6號', '孟正吉', '04-13983355', '2', '8', '001'),
(26, 911026, '於秀雅', '1984-06-24', 'F200000268', '台中縣清水鎮中正路182巷33-1號', '於景仁', '04-13286086', '3', '14', '001'),
(27, 911027, '易益偲', '1984-09-29', 'C100000272', '台中縣新社鄉深澳路226-1 號', '易文誠', '04-13651306', '4', '17', '001'),
(28, 911028, '林玟玲', '1983-09-19', 'C200000283', '台中縣潭子鄉武嶺街274之2號3F', '林國麟', '04-13331399', '5', '23', '001'),
(29, 911029, '武 嵋', '1984-02-18', 'C100000290', '台中縣龍井鄉通明街53巷7 號', '武季緞', '04-13231258', '6', '14', '001'),
(30, 911030, '邵金瑜', '1984-02-17', 'C200000309', '台中縣豐原市國安路30巷6 號1F', '邵德雄', '04-13573928', '1', '24', '001'),
(31, 911031, '邱惠朗', '1984-01-13', 'C100000316', '台中縣霧峰鄉深澳坑路13-1號', '邱翰霖', '04-13653844', '2', '17', '001'),
(32, 911032, '金惠甹', '1984-02-11', 'C100000325', '台中縣大甲鎮中華路69巷52號', '金明吉', '04-13281414', '3', '14', '001'),
(33, 911033, '侯保貴', '1985-02-09', 'F100000337', '南投縣水里鄉十三層路45號', '侯菊枝', '04-13932802', '4', '10', '001'),
(34, 911034, '姜陵贏', '1983-10-23', 'F100000346', '台中縣大安鄉259巷38號4F', '姜福鈞', '04-13366195', '5', '17', '001'),
(35, 911035, '姚樺軒', '1984-07-14', 'F100000355', '南投縣信義鄉水源路二段184巷7號', '姚金寶', '04-26415555', '1', '5', '001'),
(36, 911036, '段雅惠', '1983-11-14', 'C200000361', '台中縣大肚鄉明德2路1巷111號2F', '段兩傳', '04-13512268', '2', '12', '001'),
(37, 911037, '胡千慧', '1984-10-06', 'F200000375', '台中縣大里市過港路10巷251號', '胡修傳', '04-13570716', '3', '25', '001'),
(38, 911038, '范佳薇', '1984-06-22', 'C200000381', '台中縣大雅鄉明德3路93號', '范進財', '04-13511340', '4', '12', '001'),
(39, 911039, '唐珮菁', '1984-08-30', 'C200000390', '台中縣太平市義三路12巷37號', '唐基旺', '04-13293600', '5', '17', '001'),
(40, 911040, '夏欣怡', '1983-12-15', 'C100000405', '台中縣外埔鄉中平街51-13 號', '夏明輝', '04-13274041', '6', '12', '001'),
(41, 911041, '孫柔君', '1984-06-02', 'C200000416', '台中縣石岡鄉華興街51巷1-3號4F', '孫玉嬌', '04-13243092', '1', '14', '001'),
(42, 911042, '徐文芳', '1984-04-20', 'C200000425', '台中縣后里鄉132巷44號2F', '徐家銘', '04-13251568', '2', '27', '001'),
(43, 911043, '秦敏如', '1982-11-12', 'C200000434', '台中縣沙鹿鎮和二路16號', '秦天賜', '04-13620992', '3', '14', '001'),
(44, 911044, '袁翊文', '1982-11-03', 'G100000445', '台中縣和平鄉路310-1號', '袁龍水', '04-13662401', '4', '17', '001'),
(45, 911045, '郝郁儒', '1984-01-10', 'C100000450', '台中縣東勢鎮74巷103號', '郝錦銓', '04-13234410', '5', '27', '001'),
(46, 911046, '馬嘉禎', '1984-07-23', 'C100000469', '台中縣烏日鄉崇智街25號2F', '馬峻源', '04-13560330', '6', '12', '001'),
(47, 911047, '高惠榛', '1983-08-16', 'C100000478', '台中縣神岡鄉3巷6號', '高吉龍', '04-13251472', '1', '21', '001'),
(48, 911048, '崔台分', '1984-01-05', 'C100000487', '台中縣梧棲鎮180巷24號', '崔敦泰', '04-13661985', '2', '27', '001'),
(49, 911049, '常心怡', '1983-11-22', 'T200000492', '台中縣清水鎮港路10巷107號', '常錦康', '04-13579585', '3', '25', '001'),
(51, 912002, '張麗婷', '1984-03-04', 'H200000519', '台中縣新社鄉義七路26巷14號5F', '張慶源', '04-13281849', '5', '17', '001'),
(52, 912003, '曹淑淨', '1983-12-17', 'E200000525', '台中縣潭子鄉復興路212巷12弄23號', '曹春蓮', '04-13371131', '6', '14', '001'),
(53, 912004, '梁瑩鵑', '1984-02-18', 'F200000535', '台中縣龍井鄉愛七路16-甲 號', '梁英博', '04-13288880', '1', '23', '001'),
(54, 912005, '許心慈', '1984-08-13', 'A200000549', '台中縣豐原市安和一街4巷33-4號5F', '許長義', '04-13322951', '2', '23', '001'),
(55, 912006, '郭佩臨', '1984-10-27', 'C100000558', '台中縣霧峰鄉豐稔街54巷16-4號5F', '郭正順', '04-13622333', '3', '16', '001'),
(56, 912007, '陳辛夷', '1984-02-10', 'F100000560', '南投縣南投市仁愛路51號1F', '陳李雄', '04-13984686', '4', '9', '001'),
(57, 912008, '陸加零', '1983-12-05', 'G100000570', '台中縣大甲鎮明德二路13號3F', '陸春金', '039-360436', '5', '12', '001'),
(58, 912009, '章肅贏', '1984-07-19', 'F100000588', '南投縣埔里鎮明燈路二段54號1F', '章富田', '04-13968775', '1', '2', '001'),
(59, 912010, '傅淑真', '1984-04-03', 'F200000597', '南投縣草屯鎮三爪子坑民享新村37號1', '傅添進', '04-13976722', '2', '2', '001'),
(60, 912011, '喬菊方', '1983-11-05', 'G100000605', '台中縣大安鄉明德二路13號3F', '喬基吳', '04-13516556', '3', '12', '001'),
(61, 912012, '彭家慧', '1984-01-18', 'F100000613', '台中縣大肚鄉和平街5巷9號', '彭其祥', '04-13629527', '4', '14', '001'),
(62, 912013, '曾敬雯', '1983-10-23', 'C100000629', '台中縣大里市中山三路167 巷52號', '曾勝貴', '04-13265939', '5', '12', '001'),
(63, 912014, '湯意茹', '1984-03-06', 'F200000633', '南投縣竹山鎮大埔路慶安新村18號', '湯聰明', '04-13576882', '6', '2', '001'),
(64, 912015, '程斯梅', '1984-07-01', 'A200000647', '台中縣大雅鄉信二路174巷16號3F', '程韻蓉', '04-13295596', '1', '17', '001'),
(65, 912016, '賀晚零', '1984-09-03', 'C100000656', '台中縣太平市八斗街96巷27-1號', '賀姚榮', '04-13691897', '2', '14', '001'),
(66, 912017, '馮燋鈴', '1984-08-13', 'C200000667', '台中縣外埔鄉東信路236巷37-26號', '馮登松', '04-13657585', '3', '17', '001'),
(67, 912018, '黃雅軍', '1983-12-29', 'F200000679', '南投縣集集鎮中山路158巷10號1F', '黃榮春', '04-13971976', '4', '2', '001'),
(68, 912019, '楊晚滎', '1984-05-23', 'H100000688', '台中縣石岡鄉64巷17號4F', '楊志誠', '04-13658624', '5', '17', '001'),
(69, 912020, '萬宣芳', '1984-10-25', 'C200000694', '台中縣后里鄉北寧路252巷6弄25號', '萬錦花', '04-13692020', '1', '14', '001'),
(70, 912021, '葉紫確', '1984-02-19', 'F100000702', '南投縣名間鄉真理村延平街159號', '葉泰雄', '04-13901955', '2', '1', '001'),
(71, 912022, '董佳旗', '1983-12-12', 'C100000718', '台中縣沙鹿鎮中華路69巷60號', '董春來', '04-13278627', '3', '14', '001'),
(72, 912023, '賈加靈', '1983-11-21', 'F100000720', '南投縣鹿谷鄉水源路2段190號2F', '賈美雲', '04-26434627', '4', '5', '001'),
(73, 912024, '鄒品言', '1984-05-28', 'C100000736', '台中縣和平鄉52-2號', '鄒寬銘', '04-13278087', '5', '27', '001'),
(74, 912025, '廖品瀛', '1984-11-03', 'C100000745', '台中縣東勢鎮深澳坑166-7 號6F', '廖松風', '04-13663416', '6', '17', '001'),
(75, 912026, '熊秋勻', '1984-05-14', 'V100000750', '台中縣烏日鄉新豐街161巷12號', '熊德順', '04-13693828', '1', '16', '001'),
(76, 912027, '趙偉玲', '1984-02-02', 'C200000765', '台中縣神岡鄉仁一路163巷9號', '趙建誠', '04-13234904', '2', '16', '001'),
(77, 912028, '劉淑遺', '1983-11-23', 'C200000774', '台中縣梧棲鎮和一路103號2F', '劉美麗', '04-13626698', '3', '14', '001'),
(78, 912029, '潘寵亞', '1984-06-12', 'C200000783', '台中縣清水鎮北寧路333號', '潘金水', '04-13693795', '4', '14', '001'),
(79, 912030, '蔣怡方', '1984-06-24', 'C200000792', '台中縣新社鄉西定路132巷41號', '蔣景城', '04-13277495', '5', '14', '001'),
(80, 912031, '蔡井萱', '1984-01-29', 'C200000809', '台中縣潭子鄉樂利三街28巷8 號2F', '蔡秋明', '04-13312403', '6', '27', '001'),
(81, 912032, '鄭小瀅', '1983-10-06', 'H200000813', '台中縣龍井鄉路51巷60號', '鄭秀珍', '04-13286453', '1', '12', '001'),
(82, 912033, '鄧蘊潔', '1984-04-27', 'F200000820', '南投縣中寮鄉三爪子坑路29巷59號4F', '鄧文定', '04-13977716', '2', '2', '001'),
(83, 912034, '黎絮迎', '1984-08-23', 'C100000834', '台中縣豐原市中山一路4號', '黎玉琴', '04-13228529', '3', '12', '001'),
(84, 912035, '盧佩熅', '1984-02-18', 'C100000843', '南投縣魚池鄉中山路395號A區9F之六', '盧蓮和', '04-13985610', '4', '9', '001'),
(85, 912036, '蕭玉奉', '1984-07-12', 'C100000852', '台中縣霧峰鄉新豐街327巷51號', '蕭清波', '04-13693553', '5', '16', '001'),
(86, 912037, '賴閿文', '1984-06-18', 'C100000861', '台中縣大甲鎮290巷286號', '賴勳明', '04-13693308', '6', '25', '001'),
(87, 912038, '錢師亞', '1984-05-31', 'C100000870', '台中縣大安鄉東明路217號5樓', '錢幼玲', '04-13651950', '1', '17', '001'),
(88, 913001, '閻營君', '1984-07-18', 'C100000889', '台中縣大肚鄉570巷110-3號', '閻李發', '04-13582448', '2', '25', '001'),
(89, 913002, '龍會玢', '1984-03-15', 'F100000891', '南投縣國姓鄉野柳村港西路11-1號', '龍建松', '04-13923610', '3', '8', '001'),
(90, 913003, '戴明樺', '1983-11-23', 'F100000908', '南投縣水里鄉瑞濱里台電新村114號', '戴文盛', '04-13978362', '4', '2', '001'),
(91, 913004, '薛金陵', '1983-10-14', 'F100000917', '南投縣信義鄉民族六街5巷8號2F', '薛炳分', '04-26953914', '5', '5', '001'),
(92, 913005, '謝惠頻', '1984-07-03', 'U100000928', '台中縣大里市正榮街36-3號3F', '謝冬妹', '04-13625932', '1', '14', '001'),
(93, 913006, '鍾玉文', '1984-04-28', 'C100000932', '台中縣大雅鄉路271號', '鍾金山', '04-13256152', '2', '12', '001'),
(94, 913007, '韓亞坊', '1984-04-14', 'H100000946', '南投縣仁愛鄉大鵬村下社路41-1號', '韓自忠', '04-13985637', '3', '8', '001'),
(95, 913008, '魏嘉汸', '1984-04-29', 'F100000953', '南投縣南投市重和村林口路8-1號', '魏信男', '04-13983292', '4', '9', '001'),
(96, 913009, '羅力欣', '1984-04-02', 'C100000969', '南投縣埔里鎮加投路213號', '羅其輝', '04-13982340', '5', '8', '001'),
(97, 913010, '譚瑞頻', '1984-09-11', 'C100000978', '台中縣太平市480-2號', '譚文生', '04-13693294', '6', '23', '001'),
(98, 913011, '蘇安禎', '1984-09-23', 'C200000989', '台中縣外埔鄉崇德路10巷26號1F', '蘇清溪', '04-13228297', '1', '27', '001'),
(99, 913012, '顧秀霞', '1983-12-01', 'F200000991', '南投縣草屯鎮東和路16巷46號2F', '顧源炎', '04-13977772', '2', '2', '001'),
(100, 913013, '龔玉璿', '1983-05-16', 'C200002009', '台中縣石岡鄉31巷2弄30號 之1F', '龔觀清', '04-13238364', '3', '16', '001'),
(101, 913014, '丁淑華', '1983-04-01', 'F200002011', '南投縣竹山鎮十分街209號', '丁萬居', '04-13958056', '4', '4', '001'),
(102, 913015, '尹詩萍', '1984-08-24', 'F200002020', '南投縣集集鎮玉田路46-4號', '尹介璧', '04-13923421', '5', '8', '001'),
(103, 913016, '孔新怡', '1984-03-20', 'F200002039', '南投縣名間鄉三爪子坑路13巷7號', '孔施雄', '04-13978642', '1', '2', '001'),
(104, 913017, '文秀豐', '1984-02-09', 'V200002041', '台中縣后里鄉和一路2巷9之13號', '文長妹', '04-13632481', '2', '14', '001'),
(105, 913018, '方玉茹', '1984-09-22', 'C200002054', '台中縣沙鹿鎮正義路2巷78 號3F', '方素員', '04-13228896', '3', '14', '001'),
(106, 913019, '毛秀真', '1984-05-06', 'F200002066', '南投縣鹿谷鄉三港村雙澳路95號', '毛炎火', '04-13932203', '4', '10', '001'),
(107, 913020, '王惠琄', '1984-04-24', 'C100001073', '台中縣和平鄉明德一路172巷16之4號', '王文棋', '04-13567293', '5', '12', '001'),
(108, 913021, '史欣青', '1983-04-05', 'F100001085', '南投縣中寮鄉水源路2段190號1F', '史炎興', '04-26418130', '6', '5', '001'),
(109, 913022, '田芳祝', '1984-03-02', 'F100001094', '南投縣魚池鄉頌德里8號巷3號', '田麗卿', '04-13975359', '1', '2', '001'),
(110, 913023, '白雅玲', '1984-02-26', 'C100001108', '台中縣東勢鎮通明街70-2號', '白上華', '04-13288811', '2', '14', '001'),
(111, 913024, '石雅霖', '1984-01-05', 'C100001117', '台中縣烏日鄉月眉路65巷108號之2', '石正雄', '04-13652732', '3', '27', '001'),
(112, 913025, '任慈縈', '1984-07-29', 'F100001129', '南投縣國姓鄉粗坑口路37號', '任連枝', '04-13578811', '4', '2', '001'),
(113, 913026, '朱嘉儀', '1983-11-22', 'C100001135', '台中縣神岡鄉街15號4F', '朱金明', '04-13651340', '5', '27', '001'),
(114, 913027, '江慧禎', '1984-07-16', 'C100001144', '台中縣梧棲鎮復興路230巷63-2號3F', '江榮華', '04-42372168', '6', '14', '001'),
(115, 913028, '何靜雯', '1983-12-03', 'F100001156', '南投縣水里鄉中山路77號', '何榮貴', '04-49274224', '1', '2', '001'),
(116, 913029, '余韻芬', '1984-08-09', 'C100001162', '台中縣清水鎮安一路100巷219-3號4F', '余振宗', '04-42252917', '2', '23', '001'),
(117, 913030, '吳秋萍', '1984-02-03', 'C100001171', '台中縣新社鄉北寧路346-3 號4F', '吳茂林', '04-13692220', '3', '14', '001'),
(118, 913031, '呂郁茹', '1984-09-24', 'C100001180', '台中縣潭子鄉信二路25-7號4F', '呂輝隆', '04-42243317', '4', '17', '001'),
(119, 913032, '宋亦菁', '1984-09-27', 'C100001199', '台中縣龍井鄉路359號5F', '宋榮華', '04-13337460', '5', '17', '001'),
(120, 913033, '李淑樺', '1984-08-06', 'C100001206', '台中縣豐原市泰安路69-5號2F', '李再明', '04-42514641', '6', '12', '001'),
(121, 913034, '杜愛君', '1983-05-29', 'C100001215', '台中縣霧峰鄉街108號5樓', '杜清平', '04-46925677', '1', '25', '001'),
(122, 913035, '沈淑淋', '1984-03-28', 'C100001224', '台中縣大甲鎮30號', '沈文輝', '04-46932611', '2', '25', '001'),
(123, 913036, '汪慧君', '1983-09-03', 'F100001236', '南投縣信義鄉大埔路152號1樓', '汪明月', '04-42571005', '3', '2', '001'),
(124, 913037, '周偵如', '1983-12-17', 'C100001242', '台中縣大安鄉東明路39巷45-14號4F', '周偉良', '04-42656768', '4', '17', '001'),
(125, 913038, '孟曉玲', '1984-10-04', 'C100001251', '台中縣大肚鄉正榮街77巷43號底二層', '孟木生', '04-42272406', '5', '14', '001'),
(126, 913039, '於致聖', '1984-11-04', 'C100001260', '台中縣大里市中華路103-1 號5F', '於振峰', '04-42232710', '1', '12', '001'),
(127, 913040, '易嘉莉', '1984-05-30', 'A100001277', '台中縣大雅鄉花源五街7號6樓', '易榮華', '04-46263210', '2', '17', '001'),
(128, 913041, '林佳真', '1982-06-11', 'A100001286', '台中縣太平市路1巷66-8號', '林廖森', '04-43233266', '3', '17', '001'),
(129, 913042, '武惠玲', '1982-03-09', 'F100001290', '南投縣仁愛鄉加投路六鄰23號之3 2F', '武文和', '04-49286193', '4', '8', '001'),
(130, 913043, '邵鳳玲', '1984-02-06', 'C100001304', '台中縣外埔鄉復興路230巷63號', '邵春河', '04-43371767', '5', '14', '001'),
(131, 913044, '邱怡菁', '1983-03-15', 'C100001313', '台中縣石岡鄉112巷2 弄11-3號4F', '邱明宗', '04-34274782', '6', '16', '001'),
(132, 913045, '金佳純', '1984-04-21', 'C100001322', '台中縣后里鄉中正街656巷40號2F', '金寬二', '04-44624537', '1', '14', '001'),
(133, 913046, '侯秋燕', '1984-08-30', 'C200001333', '台中縣沙鹿鎮154巷11-2號3F', '侯金木', '04-46150755', '2', '27', '001'),
(134, 913047, '姜玉茹', '1983-12-26', 'C200001342', '台中縣和平鄉187-1號2F', '姜政聲', '04-46227840', '3', '17', '001'),
(135, 913048, '姚怡婷', '1984-03-17', 'C200001351', '台中縣東勢鎮漁港三街146 號3F', '姚國清', '04-43691540', '4', '16', '001'),
(136, 913049, '段秀玉', '1984-08-27', 'F200001363', '南投縣南投市磺潭村清水路13號', '段黃英', '04-49484536', '5', '8', '001'),
(137, 913050, '胡月香', '1983-10-05', 'P200001379', '台中縣烏日鄉基金二路1巷158號', '胡素碧', '04-41691122', '1', '23', '001'),
(138, 913051, '范蕙琴', '1983-11-21', 'C200001388', '台中縣神岡鄉北寧路369巷27-3號', '范英連', '04-46191518', '2', '14', '001'),
(139, 913052, '唐千怡', '1984-01-04', 'C200001397', '台中縣梧棲鎮信二路101號之4,4樓', '唐新田', '04-42339773', '3', '17', '001'),
(140, 913053, '夏喬后', '1984-01-29', 'C200001404', '台中縣清水鎮188巷14之3號', '夏榮文', '04-43579947', '4', '25', '001'),
(141, 913054, '孫小芬', '1984-07-21', 'L200001410', '南投縣埔里鎮仁愛路67巷9 號3F', '孫春菅', '04-41986214', '5', '9', '001'),
(142, 913055, '徐姍珊', '1984-04-13', 'C200001422', '台中縣新社鄉正濱路116巷7弄10號5F', '徐清隆', '04-46223474', '6', '14', '001'),
(143, 913056, '秦書敏', '1984-10-09', 'C100001439', '台中縣潭子鄉中山二路32號', '秦銀女', '04-42333128', '1', '12', '001'),
(144, 913057, '袁曉雯', '1984-07-26', 'F100001441', '台中縣龍井鄉源遠路152巷31號5F', '袁清連', '04-42573183', '2', '25', '001'),
(145, 913058, '郝雅萍', '1984-07-10', 'P100001457', '台中縣豐原市泰安路22號1F', '郝進後', '04-13515078', '3', '12', '001'),
(146, 913059, '馬瑩純', '1984-08-01', 'F100001469', '南投縣草屯鎮瑪鍊下街49號', '馬春長', '04-41925378', '4', '8', '001'),
(147, 913060, '高佳芬', '1984-05-20', 'C100001475', '台中縣霧峰鄉北寧路31巷4-1號', '高金吉', '04-46329028', '5', '14', '001'),
(148, 913061, '崔秋萍', '1980-10-29', 'F100001487', '南投縣竹山鎮仁和路41號2F', '崔有福', '04-14902565', '6', '1', '001'),
(149, 913062, '常雯蓉', '1983-12-07', 'F100001496', '南投縣集集鎮仁和路41號2F', '常有福', '04-43902656', '1', '1', '001'),
(150, 913063, '康如宜', '1984-04-12', 'C100001500', '台中縣大甲鎮信二路174巷49-4號5F', '康添財', '04-42295279', '2', '17', '001'),
(151, 913064, '張玉如', '1982-12-22', 'P100001519', '台中縣大安鄉12巷39號5F', '張淑霞', '04-42177000', '3', '25', '001'),
(152, 913065, '曹佳穎', '1984-07-19', 'C100001528', '台中縣大肚鄉東明路54號4F', '曹勝華', '04-46514149', '4', '17', '001'),
(153, 913066, '梁素瑩', '1984-10-04', 'C100001537', '台中縣大里市中正路790-1 號', '梁銘振', '04-43621493', '5', '14', '001'),
(154, 913067, '許佩賢', '1984-03-25', 'C100001546', '台中縣大雅鄉180-7號5F', '許陽生', '04-43573452', '6', '25', '001'),
(155, 913068, '郭婉琪', '1983-10-11', 'C100001555', '台中縣太平市源遠路292巷4-1號2F', '郭瑞添', '04-45473379', '1', '25', '001'),
(156, 913069, '陳惠文', '1984-03-10', 'V100001560', '台中縣外埔鄉69號', '陳瑞欽', '090-022306', '2', '23', '001'),
(157, 913070, '陸少衿', '1984-04-24', 'C100001573', '台中縣石岡鄉69號', '陸林乾', '04-41653238', '3', '23', '001'),
(158, 913071, '章意如', '1984-08-10', 'F100001585', '南投縣名間鄉仁愛路124巷2號3F', '章顯榮', '04-13901148', '4', '1', '001'),
(159, 913072, '傅心怡', '1984-03-29', 'C100001591', '台中縣后里鄉武聖街144巷23號3F', '傅福長', '04-42333639', '5', '23', '001'),
(160, 913073, '喬苑茹', '1984-07-05', 'C100001608', '台中縣沙鹿鎮工建路172號2F', '喬振興', '04-45213353', '1', '18', '001'),
(161, 913074, '彭曉茹', '1984-10-26', 'C100001617', '台中縣和平鄉崇德路68號底樓', '彭金牛', '023-4286109', '2', '27', '001'),
(162, 913075, '曾懷文', '1984-09-17', 'C100001626', '台中縣東勢鎮寧靜街48號1F', '曾南方', '04-43575236', '3', '25', '001'),
(163, 913076, '湯麗芳', '1983-10-23', 'V100001631', '台中縣烏日鄉中正路345號之4,5樓', '湯義聖', '04-46432694', '4', '14', '001'),
(164, 913077, '程巧鈐', '1984-11-04', 'F100001647', '台中縣神岡鄉源遠路243號', '程金來', '04-42574792', '5', '25', '001'),
(165, 913078, '賀若霜', '1984-10-29', 'C100001653', '台中縣梧棲鎮新豐街159號4樓', '賀忠勇', '04-41691101', '6', '16', '001'),
(166, 913079, '馮曉娟', '1984-01-08', 'C100001662', '台中縣清水鎮龍安街29號5F', '馮建財', '04-42727145', '1', '23', '001'),
(167, 913080, '黃玉燕', '1983-10-28', 'U100001676', '台中縣新社鄉正濱路116巷5弄9號5F', '黃阿德', '04-46129726', '2', '14', '001'),
(168, 913081, '楊佳雯', '1984-05-21', 'C100001680', '台中縣潭子鄉祥豐街112號3F', '楊建良', '04-46121345', '3', '14', '001'),
(169, 913082, '萬明瑜', '1984-11-04', 'C100001699', '台中縣龍井鄉新西街207巷30之3號4F', '萬朝國', '04-41255482', '4', '27', '001'),
(170, 913083, '葉欣瑜', '1984-10-29', 'F100001709', '台中縣豐原市168巷13弄10 號4F', '葉鳳嬌', '04-43265587', '5', '16', '001'),
(171, 913084, '董婉婷', '1984-07-19', 'F100001718', '南投縣鹿谷鄉岳王路78號4F', '董陳竹', '04-49722475', '1', '2', '001'),
(172, 913085, '賈淑美', '1983-04-15', 'G100001728', '台中縣霧峰鄉105號', '賈清標', '04-42264907', '2', '25', '001'),
(173, 913086, '鄒雅玲', '1984-09-15', 'C100001733', '台中縣大甲鎮中船路90巷3 號3F', '鄒勝奇', '04-42842842', '3', '14', '001'),
(174, 913087, '廖雅慧', '1982-12-15', 'F100001745', '南投縣中寮鄉四維路41號1F', '廖錦亮', '04-49822759', '4', '9', '001'),
(175, 913088, '熊蓉蓉', '1983-12-07', 'E100001753', '台中縣大安鄉和一路75號3F', '熊美月', '04-46322685', '5', '14', '001'),
(176, 913089, '趙依萍', '1983-12-05', 'V100001766', '台中縣大肚鄉新豐街327巷24號', '趙光仁', '04-46922153', '6', '16', '001'),
(177, 913090, '劉玲蓉', '1984-01-17', 'E100001771', '南投縣魚池鄉清水路60巷16號', '劉文政', '04-49824056', '1', '9', '001'),
(178, 913091, '潘素麗', '1984-10-05', 'C100001788', '台中縣大里市平二路19巷17號', '潘春隆', '04-41623518', '2', '14', '001'),
(179, 913092, '蔣鈺惠', '1984-01-12', 'H100001792', '南投縣國姓鄉明里路121號', '蔣黃翔', '04-49262023', '3', '2', '001'),
(180, 913093, '蔡秀娟', '1984-07-09', 'E100001806', '台中縣大雅鄉漁港三街108 號5F', '蔡清平', '04-46295677', '4', '16', '001'),
(181, 913094, '鄭姍玫', '1984-11-26', 'F100001816', '南投縣中寮鄉朝陽街20號', '鄭文然', '04-49341228', '5', '1', '001'),
(182, 913095, '鄧雅麟', '1984-02-02', 'C100001822', '台中縣太平市191號之5F', '鄧慧卿', '04-41241255', '6', '16', '001'),
(183, 913096, '黎惠雯', '1984-11-06', 'C200001833', '台中縣外埔鄉路168巷52弄21號4F', '黎忠成', '04-46264103', '1', '17', '001'),
(184, 913097, '盧思雅', '1983-10-30', 'F200001845', '南投縣魚池鄉基山街22號', '盧志祥', '04-49736471', '2', '2', '001'),
(185, 913098, '蕭淑真', '1984-03-01', 'F200001854', '南投縣國姓鄉仁愛路116號', '蕭俊明', '04-49201673', '3', '1', '001'),
(186, 913099, '賴純慧', '1984-09-20', 'V200001866', '台中縣石岡鄉新豐街157號4樓', '賴彩祥', '04-46191499', '4', '16', '001'),
(187, 913100, '錢婉怡', '1983-10-24', 'C200001879', '台中縣后里鄉祥豐街319號5樓', '錢金樹', '04-46227923', '5', '14', '001'),
(188, 913101, '閻雅玲', '1984-02-02', 'F100001889', '南投縣水里鄉忠孝東路437 巷16號1F', '閻元在', '04-64110635', '6', '5', '001'),
(189, 913102, '龍曉韻', '1984-09-20', 'X100001891', '台中縣沙鹿鎮百二路88-2號3F', '龍峰瑞', '04-45122615', '1', '12', '001'),
(190, 913103, '戴梅玉', '1984-05-26', 'C100001902', '台中縣和平鄉和平街29巷51弄1號', '戴則貴', '04-46129151', '2', '14', '001'),
(191, 913104, '薛秋菊', '1983-04-28', 'C100001911', '台中縣東勢鎮172號之2,3樓', '薛錦基', '04-42728611', '3', '14', '001'),
(192, 913105, '謝淑秋', '1984-10-18', 'F100001923', '南投縣信義鄉魚行村新店街52號', '謝三郎', '04-49231326', '4', '10', '001'),
(193, 913106, '鍾麗秋', '1984-12-06', 'F100001932', '南投縣仁愛鄉貢寮街61號', '鍾天助', '04-49412498', '5', '1', '001'),
(194, 913107, '韓淑真', '1984-09-29', 'C100001948', '台中縣烏日鄉2-51號4F', '韓朝松', '04-46525202', '1', '17', '001'),
(195, 913108, '魏賴琦', '1984-08-22', 'F100001950', '南投縣南投市深澳路63號', '魏銀旺', '04-49772486', '2', '2', '001'),
(196, 913109, '羅淑玲', '1984-09-15', 'U100001961', '台中縣神岡鄉中華路105巷57號', '羅賜源', '04-42281534', '3', '12', '001'),
(197, 913110, '譚心培', '1984-07-01', 'F100001978', '南投縣埔里鎮三爪子坑路47巷2弄16-1', '譚志達', '04-42971397', '4', '2', '001'),
(198, 913111, '蘇富仙', '1984-06-26', 'N100001983', '台中縣梧棲鎮平三路13號5F', '蘇降復', '04-14625904', '5', '14', '001'),
(199, 913112, '顧怡芳', '1984-01-23', 'C100001993', '台中縣清水鎮樂利三街28巷27-2號3F', '顧宗成', '04-43121092', '6', '27', '001'),
(200, 913113, '龔慧玉', '1984-08-08', 'F100002000', '南投縣草屯鎮十分街202號', '龔榮富', '04-49258535', '1', '4', '001'),
(201, 913114, '丁嘉琪', '1984-06-12', 'C100002016', '台中縣新社鄉55巷12號4F', '丁坤清', '04-46262043', '2', '27', '001'),
(202, 913115, '尹伶霞', '1983-12-17', 'A100002023', '台中縣潭子鄉路11巷24弄8-2號3F', '尹玉音', '04-42824665', '3', '25', '001'),
(203, 913116, '孔潔如', '1984-06-12', 'F100002037', '南投縣竹山鎮中央路44巷27號', '孔國鈞', '04-63822956', '4', '7', '001'),
(204, 913117, '文元君', '1983-12-18', 'F100002046', '台中縣龍井鄉東信路180巷70號', '文明志', '04-46524922', '5', '17', '001'),
(205, 913118, '方姍珊', '1984-04-13', 'C100002052', '台中縣豐原市正濱路116巷7弄10號5F', '方清隆', '04-46223474', '1', '14', '001'),
(206, 913119, '毛蕙琴', '1983-11-21', 'C100002061', '台中縣霧峰鄉北寧路369巷27-3號', '毛英連', '04-46921518', '2', '14', '001'),
(207, 913120, '王思穎', '1984-08-16', 'A100002078', '台中縣大甲鎮安一路100 巷186號', '王翰嬌', '04-42377352', '3', '23', '001'),
(208, 913121, '史雪莉', '1984-07-07', 'C100002089', '台中縣大安鄉堵南里溪頭街23號', '史和睦', '04-45142263', '4', '12', '001'),
(209, 913122, '田佳佳', '1984-07-08', 'F100002091', '南投縣集集鎮大埔路231號', '田信弘', '04-45378084', '5', '2', '001'),
(210, 913123, '白嘉惠', '1984-05-20', 'C100002105', '台中縣大肚鄉過港路154號1F', '白錦德', '04-45731354', '6', '25', '001'),
(211, 913124, '石欣玲', '1984-04-24', 'C100002114', '台中縣大里市北寧路349-1號', '石順發', '04-46394377', '1', '14', '001'),
(212, 913125, '任千怡', '1984-01-04', 'C100002123', '台中縣大雅鄉信二路101號之4,4樓', '任新田', '04-42339773', '2', '17', '001'),
(213, 913126, '朱秀容', '1984-09-18', 'F100002135', '南投縣名間鄉建基路2段116號', '朱賜宗', '04-49731685', '3', '2', '001'),
(214, 913127, '江香君', '1984-02-07', 'P100002141', '台中縣太平市信六路12號2F', '江民意', '04-42830427', '4', '14', '001'),
(215, 913128, '何嘉容', '1983-12-02', 'C100002150', '台中縣外埔鄉大華一路78號', '何武雄', '04-45652210', '5', '18', '001'),
(216, 913129, '余憶萍', '1984-04-04', 'C100002169', '台中縣石岡鄉安和一街4巷12號2F', '余聰明', '04-43153123', '6', '23', '001'),
(217, 913130, '吳秀玲', '1984-07-28', 'F100002171', '南投縣鹿谷鄉大同路2段202號7F', '吳龍昌', '04-64723223', '1', '5', '001'),
(218, 913131, '呂秀娟', '1984-07-28', 'F100002180', '南投縣中寮鄉大同路2段202號7F', '呂龍昌', '04-64732223', '2', '5', '001'),
(219, 913132, '宋依婷', '1983-11-08', 'F100002199', '南投縣魚池鄉中央路48巷4 號1F吉祥', '宋新勇', '04-45731667', '3', '2', '001'),
(220, 913133, '李佳瑩', '1983-10-13', 'C100002203', '台中縣后里鄉和一路84巷20弄65號', '李坤祥', '04-46323095', '4', '14', '001'),
(221, 913134, '杜怡亭', '1984-02-09', 'N100002211', '台中縣沙鹿鎮東勢街6-34號', '杜春烈', '04-45370919', '5', '24', '001'),
(222, 913135, '沈雨欣', '1984-05-25', 'F100002224', '南投縣國姓鄉汐萬路二段66巷63弄6號', '沈永源', '04-63463941', '6', '5', '001'),
(223, 913136, '汪圓惠', '1984-11-02', 'C100002230', '台中縣和平鄉750號', '汪順義', '04-46328151', '1', '16', '001'),
(224, 913137, '周秀芬', '1984-03-04', 'C100002249', '南投縣中寮鄉大埔路115巷26-3號', '周明輝', '04-45733874', '2', '2', '001'),
(225, 913138, '孟 涵', '1984-01-11', 'C100002258', '台中縣東勢鎮239號3F', '孟守義', '04-42635636', '3', '27', '001'),
(226, 913139, '於偉齡', '1984-04-09', 'C100002267', '南投縣魚池鄉水源路1段286號2F', '於品山', '04-43224375', '4', '5', '001'),
(227, 913140, '易心怡', '1983-10-09', 'C100002276', '台中縣烏日鄉南榮路121號5F', '易德煌', '04-42238022', '5', '20', '001'),
(228, 913141, '林永安', '1984-09-19', 'F100002288', '南投縣國姓鄉逢甲路330號', '林基珍', '04-49371879', '1', '2', '001'),
(229, 913142, '武惟琇', '1983-11-30', 'A100002292', '台中縣神岡鄉東信路258巷31-4號5F', '武捷隆', '04-46256341', '2', '17', '001'),
(230, 913143, '邵喬后', '1984-01-29', 'C100002301', '台中縣梧棲鎮街131巷 12之2號', '邵榮文', '04-43228909', '3', '23', '001'),
(231, 913144, '邱麗梅', '1983-02-03', 'C100002310', '台中縣清水鎮北寧路369巷43號', '邱朝福', '04-46292059', '4', '14', '001'),
(232, 913145, '金瓊如', '1984-03-22', 'C100002329', '台中縣新社鄉南路337號', '金朝枝', '04-42270612', '5', '26', '001'),
(233, 913146, '侯玉梅', '1984-06-29', 'A100002336', '南投縣水里鄉公園路10號', '侯金連', '04-64121082', '6', '5', '001'),
(234, 913147, '姜亦潔', '1984-08-09', 'C100002347', '台中縣潭子鄉福二街204之4號', '姜美雲', '04-42512482', '1', '12', '001'),
(235, 913148, '姚長怡', '1984-03-16', 'C100002356', '台中縣龍井鄉安和一街6巷46-4號5F', '姚士清', '04-43116796', '2', '23', '001'),
(236, 913149, '段音如', '1983-12-11', 'C100002365', '台中縣豐原市大華一路34-3號1F', '段連東', '04-45611878', '3', '18', '001'),
(237, 913150, '胡曉琳', '1984-01-16', 'C100002374', '台中縣霧峰鄉崇孝街71號之3四樓', '胡萬枝', '04-45163290', '4', '12', '001'),
(238, 913151, '范錦儒', '1983-09-23', 'F100002386', '南投縣信義鄉瑞興新村12巷11號', '范東興', '04-41968686', '5', '2', '001'),
(239, 913152, '唐靜華', '1984-07-25', 'F100002395', '南投縣仁愛鄉大埔路有勝二村6號4F', '唐金城', '04-45718171', '1', '2', '001'),
(240, 913153, '夏麗玲', '1984-01-07', 'C100002409', '台中縣大甲鎮西定路368巷22號2F', '夏清溪', '04-42614981', '2', '14', '001'),
(241, 913154, '孫麗涵', '1983-10-15', 'C200002410', '台中縣大安鄉中正路51號', '孫耀明', '04-42122695', '3', '14', '001'),
(242, 913155, '徐雪如', '1984-07-30', 'C200002429', '台中縣大肚鄉南榮路117巷35弄12之3', '徐燕魁', '04-42218110', '4', '26', '001'),
(243, 913156, '秦佩芬', '1984-10-03', 'C200002438', '台中縣大里市樂利三街34巷10號', '秦達明', '04-43135864', '5', '27', '001'),
(244, 913157, '袁惠晴', '1984-04-05', 'C200002447', '台中縣大雅鄉正義路29巷14號1F', '袁福雄', '04-41241812', '6', '14', '001'),
(245, 913158, '郝瑞婷', '1984-03-02', 'M200002454', '台中縣太平市祥豐街68巷306號', '郝介吾', '04-14623046', '1', '11', '001'),
(246, 913159, '馬嘉琪', '1984-06-12', 'C200002465', '台中縣外埔鄉55巷12號4F', '馬坤清', '04-14662043', '2', '27', '001'),
(247, 913160, '高素鳳', '1984-07-18', 'F200002477', '南投縣南投市三爪子路69巷14號4F', '高政宗', '04-41960256', '3', '2', '001'),
(248, 913161, '崔曉芬', '1983-12-11', 'C200002483', '台中縣石岡鄉南新街218-1 號2F', '崔雲庚', '04-42832850', '4', '19', '001'),
(249, 913162, '常鈺玟', '1983-12-05', 'D200002493', '台中縣后里鄉百六街23號4F', '常澤田', '04-45162208', '5', '12', '001'),
(250, 913163, '康宜敏', '1984-03-12', 'F200002502', '台中縣沙鹿鎮中山一路35巷15號3F', '康簡碧', '04-42728447', '6', '12', '001'),
(251, 913164, '張亦文', '1984-06-22', 'F200002511', '南投縣埔里鎮建基路弘祥新村1段2號', '張柯滿', '04-49270998', '1', '2', '001'),
(252, 913165, '曹曉琪', '1983-11-28', 'C200002527', '台中縣和平鄉新豐街161巷75號3F', '曹神舜', '04-13693477', '2', '16', '001'),
(253, 913166, '梁怡芳', '1984-01-23', 'C200002536', '台中縣東勢鎮樂利三街28巷27-2號3F', '梁宗成', '04-43221092', '3', '27', '001'),
(254, 913167, '許書敏', '1984-10-09', 'C200002545', '台中縣烏日鄉中山二路32號', '許銀女', '04-42233128', '4', '12', '001'),
(255, 913168, '郭巧真', '1984-02-27', 'C100002552', '台中縣神岡鄉89巷47之2號3F', '郭總成', '04-42247115', '5', '21', '001'),
(256, 913169, '陳曼雯', '1983-10-28', 'C100002561', '台中縣梧棲鎮樂利三街30巷4號', '陳清泉', '04-43124294', '6', '27', '001'),
(257, 913170, '陸慧玉', '1984-08-08', 'F100002573', '南投縣草屯鎮十分街202號', '陸榮富', '04-49528535', '1', '4', '001'),
(258, 913171, '章詩萍', '1984-02-19', 'A100002587', '南投縣竹山鎮瑞濱路93號', '章雅雄', '04-49277703', '2', '2', '001'),
(259, 914001, '傅佳怡', '1984-09-20', 'C100002598', '台中縣清水鎮安一路166-3 號4F', '傅聖寬', '04-14237541', '3', '23', '001'),
(260, 914002, '喬嘉瑋', '1983-06-25', 'A100002603', '台中縣新社鄉信二路224巷3號', '喬蓮琴', '04-42227371', '4', '17', '001'),
(261, 914003, '彭君怡', '1984-06-20', 'F100002617', '台中縣潭子鄉正義路2巷46 號1F', '彭寶琴', '04-42231279', '5', '14', '001'),
(262, 914004, '曾靜瑩', '1984-07-27', 'V100002629', '南投縣集集鎮復興路37號', '曾明雄', '04-64319784', '1', '5', '001'),
(263, 914005, '湯怡珊', '1984-03-08', 'C100002632', '台中縣龍井鄉寧靜街151-28號1F', '湯志士', '04-45174027', '2', '25', '001'),
(264, 914006, '程錦芳', '1984-08-09', 'F100002644', '南投縣名間鄉瑞竹路59號', '程三源', '04-45728128', '3', '2', '001'),
(265, 914007, '賀淑穎', '1984-07-21', 'C100002650', '台中縣豐原市愛四路3-1號', '賀明賢', '04-42822370', '4', '23', '001'),
(266, 914008, '馮筱慧', '1983-10-12', 'C100002669', '台中縣霧峰鄉文化路50巷1 弄6號1F', '馮月嬌', '04-42614657', '5', '14', '001'),
(267, 914009, '黃佳玲', '1984-09-20', 'C100002678', '台中縣大甲鎮中船路112巷30弄12號', '黃春松', '04-41273279', '6', '14', '001'),
(268, 914010, '楊雅惠', '1983-04-09', 'F100002680', '南投縣鹿谷鄉民權街12巷25號', '楊勝芳', '04-49616522', '1', '2', '001'),
(269, 914011, '萬燕鈴', '1980-05-25', 'F100002699', '南投縣中寮鄉傑魚坑路271 號', '萬份來', '04-49748168', '2', '2', '001'),
(270, 914012, '葉君美', '1983-02-14', 'V100002709', '台中縣大安鄉明德一路2巷21號5F', '葉金玉', '04-41551181', '3', '12', '001'),
(271, 914013, '董宜慧', '1984-03-03', 'C100002712', '台中縣大肚鄉百六街107巷18號3樓', '董信次', '04-45113262', '4', '12', '001'),
(272, 914014, '賈淑芬', '1984-09-13', 'F100002724', '南投縣魚池鄉十分街34號', '賈松進', '04-49518551', '5', '4', '001'),
(273, 914015, '鄒家萱', '1983-12-18', 'C100002730', '台中縣大里市實踐路294巷8號1F', '鄒成富', '04-45215824', '1', '12', '001'),
(274, 914016, '廖怡芬', '1983-09-16', 'C100002749', '台中縣大雅鄉西定路351號2F', '廖黃水', '04-42462747', '2', '14', '001'),
(275, 914017, '熊筑伶', '1984-06-17', 'H100002753', '台中縣太平市安樂路一段266號2F', '熊勝賢', '04-13244999', '3', '23', '001'),
(276, 914018, '趙雅琳', '1984-06-14', 'F100002760', '南投縣國姓鄉忠孝東路234 號2F', '趙三奇', '04-64217527', '4', '5', '001'),
(277, 914019, '劉百合', '1984-12-27', 'C100002776', '台中縣外埔鄉新丰街251巷10弄8號', '劉榮煌', '04-46293569', '5', '16', '001'),
(278, 914020, '潘春梅', '1984-02-11', 'C100002785', '台中縣石岡鄉和一路58巷23號5F', '潘瑞源', '04-46228033', '6', '14', '001'),
(279, 914021, '蔣淑秋', '1983-11-11', 'G100002798', '宜蘭縣三星鄉大溪里仁澤新村2號', '蔣長波', '039-781717', '1', '28', '001'),
(280, 914022, '蔡淑娟', '1984-07-18', 'C100002801', '台中縣后里鄉大同街21號', '蔡瑞榮', '04-45265527', '2', '18', '001'),
(281, 914023, '鄭嘉燕', '1984-09-26', 'C100002810', '台中縣沙鹿鎮基金一路208 巷18號', '鄭阿生', '04-43210943', '3', '23', '001'),
(282, 914024, '鄧賜華', '1984-07-14', 'C100002829', '台中縣和平鄉和一路127號', '鄧國權', '04-46225239', '4', '14', '001'),
(283, 914025, '黎麗玲', '1983-10-10', 'F100002831', '台中縣東勢鎮中正路702號 之2三樓', '黎文進', '04-46220301', '5', '14', '001'),
(284, 914026, '盧莉萍', '1984-09-06', 'G100002841', '台中縣烏日鄉正濱路26巷22號', '盧松輝', '04-46202615', '6', '14', '001'),
(285, 914027, '蕭筱怡', '1984-04-21', 'C100002856', '台中縣神岡鄉武嶺街144號3樓', '蕭秋欽', '04-43223684', '1', '27', '001'),
(286, 914028, '賴雅雯', '1984-08-23', 'C100002865', '台中縣梧棲鎮培德路7巷25 號3F', '賴文德', '04-46257141', '2', '17', '001'),
(287, 914029, '錢麗琴', '1983-11-28', 'E100002876', '台中縣清水鎮漁港三街106 號5F', '錢三益', '04-46295688', '3', '16', '001'),
(288, 914030, '閻慧蘭', '1984-03-11', 'C100002883', '台中縣新社鄉愛五路6巷46 號', '閻寬永', '04-42523628', '4', '23', '001'),
(289, 914031, '龍苑君', '1984-02-05', 'C100002892', '台中縣潭子鄉開元路104-4 號', '龍添福', '04-45623321', '5', '12', '001'),
(290, 914032, '戴亦芳', '1984-08-05', 'C100002909', '台中縣龍井鄉信二路74巷18號', '戴坤銘', '04-42201911', '6', '17', '001'),
(291, 914033, '薛雅芳', '1984-08-16', 'F100002911', '南投縣中寮鄉十分街215號', '薛榮華', '04-49580260', '1', '4', '001'),
(292, 914034, '謝佩君', '1984-08-24', 'C100002927', '台中縣豐原市水源路9-9號2F', '謝兩傳', '04-45720238', '2', '24', '001'),
(293, 914035, '鍾郁鈴', '1984-08-16', 'F100002939', '南投縣魚池鄉瑪鍊路2號3F', '鍾崇煌', '04-49212916', '3', '8', '001'),
(294, 914036, '韓卓葳', '1984-08-06', 'C100002945', '台中縣霧峰鄉培德路2巷32 號5F', '韓培興', '04-46258603', '4', '17', '001'),
(295, 914037, '魏佳琪', '1982-07-29', 'F100002957', '南投縣國姓鄉金包里街73號', '魏清河', '04-49281806', '5', '9', '001'),
(296, 914038, '羅孟君', '1984-08-18', 'C100002963', '台中縣大甲鎮中山1路241巷20號', '羅德和', '04-42230795', '1', '12', '001'),
(297, 914039, '譚婷婷', '1984-01-16', 'F100002975', '南投縣水里鄉磺港路26號', '譚明全', '04-49282994', '2', '9', '001'),
(298, 914040, '蘇詩平', '1983-10-12', 'F100002984', '南投縣信義鄉三爪子坑64-10號1F', '蘇阿涼', '04-42970812', '3', '2', '001'),
(299, 914041, '顧曉君', '1983-11-23', 'C100002990', '台中縣大安鄉安一路278巷62弄69號', '顧佳銘', '04-42328592', '4', '23', '001'),
(300, 914042, '龔琬珊', '1983-11-14', 'C100003004', '台中縣大肚鄉愛五路10巷3 號', '龔寬忠', '04-42323529', '5', '23', '001'),
(301, 914043, '丁曉琦', '1984-08-28', 'C100003013', '台中縣大里市祥豐街71號3F', '丁聯祥', '04-46220872', '6', '15', '001'),
(302, 914044, '尹惠琳', '1983-10-28', 'C100003022', '台中縣大雅鄉復興212巷21 弄69號', '尹阿財', '04-43726182', '1', '14', '001'),
(303, 914045, '孔秀雅', '1984-06-24', 'F100003034', '台中縣太平市中正路182巷33-1號', '孔景仁', '04-42826086', '2', '14', '001'),
(304, 914046, '文鈺淳', '1983-08-24', 'C100003040', '台中縣外埔鄉86號2F', '文秀美', '04-42728847', '3', '17', '001'),
(305, 914047, '方憶萍', '1984-01-29', 'F100003052', '南投縣仁愛鄉共和村中山路30號', '方文三', '04-49321325', '4', '10', '001'),
(306, 914048, '毛尹華', '1983-02-20', 'F100003061', '南投縣南投市和平街6巷5弄11號3F', '毛國隆', '04-64213941', '5', '5', '001'),
(307, 914049, '王淑如', '1983-09-28', 'C100003077', '台中縣石岡鄉仁安街53巷8 之1號', '王金塗', '04-42725487', '1', '14', '001'),
(308, 914050, '史嘉雯', '1984-10-18', 'F100003089', '南投縣埔里鎮海濱路162號', '史深淵', '04-49726061', '2', '2', '001'),
(309, 914051, '田佳玲', '1984-07-23', 'C100003095', '台中縣后里鄉105號', '田慶良', '04-13276443', '3', '17', '001'),
(310, 914052, '白蕙如', '1984-01-13', 'C100003102', '台中縣沙鹿鎮中山一路241巷94號', '白炳坤', '04-42323372', '4', '12', '001'),
(311, 914053, '石蕾苑', '1983-07-17', 'C100003111', '台中縣和平鄉福二街154巷18號4樓', '石新居', '04-45121754', '5', '12', '001'),
(312, 914054, '任婉菱', '1984-04-14', 'C100003120', '台中縣東勢鎮630號', '任坤弟', '04-46221280', '6', '16', '001'),
(313, 914055, '朱玉純', '1984-05-12', 'C100003139', '台中縣烏日鄉平三路21號3F', '朱阿樹', '04-46222411', '1', '14', '001'),
(314, 914056, '江欣蕙', '1984-01-30', 'F100003141', '南投縣草屯鎮三爪坑路91巷22號', '江錦淵', '04-49662962', '2', '2', '001'),
(315, 914057, '何春蘭', '1984-07-05', 'C100003157', '台中縣神岡鄉275號2F', '何金隆', '04-45724770', '3', '25', '001'),
(316, 914058, '余家妮', '1983-11-26', 'C100003166', '南投縣竹山鎮忠義路55巷5 號3F', '余李淑', '04-26025665', '4', '3', '001'),
(317, 914059, '吳靜蘋', '1984-05-28', 'C100003175', '台中縣梧棲鎮義三路4巷31 號', '吳文智', '04-42622482', '5', '17', '001'),
(318, 914060, '呂美桂', '1984-08-09', 'C100003184', '台中縣清水鎮樂利三街34巷18號', '呂阿雲', '04-43122553', '6', '27', '001'),
(319, 914061, '宋玉珊', '1983-09-22', 'C100003193', '台中縣新社鄉街263巷19弄33號底層', '宋林忠', '04-43325081', '1', '25', '001'),
(320, 914062, '李玉菁', '1981-02-16', 'C100003200', '台中縣潭子鄉明德一路98-4號', '李基隆', '04-45642603', '2', '12', '001'),
(321, 914063, '杜若男', '1984-06-05', 'C100003219', '台中縣龍井鄉西定路51號4F', '杜宗輝', '04-42925626', '3', '14', '001'),
(322, 914064, '沈馨怡', '1984-01-01', 'C100003228', '台中縣豐原市東信路154巷7-3號4F', '沈菊嵊', '04-46520898', '4', '17', '001'),
(323, 914065, '汪玉真', '1984-09-16', 'C200003239', '台中縣霧峰鄉仁二路137巷64號', '汪清吉', '04-42427913', '5', '16', '001'),
(324, 914066, '周宛華', '1984-05-25', 'F200003241', '南投縣集集鎮中山路263巷9號4F', '周聰明', '04-49825626', '6', '9', '001'),
(325, 914067, '孟玫芳', '1983-12-16', 'C200003257', '台中縣大甲鎮定國路119巷21 號', '孟兆亮', '04-42722859', '1', '23', '001'),
(326, 914068, '於淑瑛', '1984-05-21', 'C200003266', '台中縣大安鄉119巷15弄3號', '於志鵬', '04-46282032', '2', '16', '001'),
(327, 914069, '易美玲', '1981-10-23', 'E200003277', '台中縣大肚鄉東光路4-5號底 層樓', '易金燧', '04-46261299', '3', '17', '001'),
(328, 914070, '林雯琪', '1983-10-25', 'F200003287', '台中縣大里市定國街125號', '林月里', '04-42524929', '4', '27', '001'),
(329, 914071, '武舒盈', '1984-06-06', 'F200003296', '南投縣名間鄉中山路46號', '武松江', '04-49272314', '5', '2', '001'),
(330, 914072, '邵佩茹', '1983-06-17', 'F100003301', '南投縣鹿谷鄉忠孝東路451 號3樓', '邵麗芬', '04-64287313', '1', '5', '001'),
(331, 914073, '邱芷琳', '1984-02-09', 'C100003317', '台中縣大雅鄉武嶺街240-2 號3F', '邱金鐘', '04-42310872', '2', '23', '001'),
(332, 914074, '金婉如', '1984-02-21', 'C100003326', '台中縣太平市421巷103-2號3F', '金武華', '04-43124728', '3', '17', '001'),
(333, 914075, '侯惠瑜', '1984-07-14', 'F100003338', '南投縣中寮鄉汐萬路一段134號', '侯日成', '04-64214482', '4', '5', '001'),
(334, 914076, '姜雅鳳', '1984-03-17', 'F100003347', '南投縣魚池鄉磺港村31號', '姜武雄', '04-49283233', '5', '9', '001'),
(335, 914077, '姚嘉玲', '1983-08-15', 'F100003356', '南投縣國姓鄉新寮村3號', '姚慶福', '04-49582351', '6', '4', '001'),
(336, 914078, '段慧琪', '1984-08-08', 'C100003362', '台中縣外埔鄉正義路2巷46 號1F', '段象雄', '04-42231279', '1', '14', '001'),
(337, 914079, '胡梅貴', '1984-06-28', 'C100003371', '台中縣石岡鄉忠孝街610巷17號4F', '胡文科', '04-45270286', '2', '24', '001'),
(338, 914080, '范惠玲', '1984-01-10', 'F100003383', '南投縣中寮鄉和平街1號3F', '范色雄', '04-49286334', '3', '9', '001'),
(339, 914081, '唐雅君', '1984-09-08', 'G100003393', '台中縣后里鄉新丰街161巷126號2F', '唐彝香', '04-46294566', '4', '16', '001'),
(340, 914082, '夏嘉琳', '1984-06-11', 'C100003406', '台中縣沙鹿鎮西定路57號2F', '夏秋山', '04-42260818', '5', '14', '001'),
(341, 914083, '孫雲婷', '1984-04-12', 'C100003415', '台中縣和平鄉新西街57巷21號', '孫阿日', '04-42263256', '1', '27', '001'),
(342, 914084, '徐德芳', '1984-06-12', 'C100003424', '台中縣東勢鎮平一路320-3 號', '徐明富', '04-46225924', '2', '14', '001'),
(343, 914085, '秦琇雯', '1984-11-16', 'C100003433', '台中縣烏日鄉中山二路一巷53號', '秦進富', '04-42255976', '3', '12', '001'),
(344, 914086, '袁佩琳', '1984-04-08', 'C100003442', '台中縣神岡鄉139號', '袁謝萍', '04-46254736', '4', '17', '001'),
(345, 914087, '郝婉菁', '1983-09-28', 'T100003455', '台中縣梧棲鎮中華路1巷2號', '郝香筑', '04-42234146', '5', '14', '001'),
(346, 914088, '馬曉甄', '1983-10-10', 'N100003469', '南投縣魚池鄉瑪鍊路5-4號2F', '馬阿萬', '04-49222315', '6', '8', '001'),
(347, 914089, '高嘉琳', '1983-09-30', 'F100003472', '南投縣國姓鄉成功新村66號', '高政雄', '04-49222329', '1', '8', '001'),
(348, 914090, '崔筱穎', '1984-09-11', 'C100003488', '台中縣清水鎮劉銘傳路95巷1-1號2樓', '崔志誠', '04-13254994', '2', '23', '001'),
(349, 914091, '常佳昕', '1982-02-10', 'C100003497', '台中縣新社鄉95巷29號2F', '常重典', '04-13280672', '3', '16', '001'),
(350, 914092, '康思婷', '1984-02-16', 'F100003507', '南投縣水里鄉傑魚坑路217 號之1', '康建村', '04-13974743', '4', '2', '001'),
(351, 914093, '張秀珍', '1983-09-03', 'F100003516', '南投縣信義鄉半嶺路58號', '張輝次', '04-13985692', '5', '9', '001'),
(352, 914094, '曹意欣', '1984-10-05', 'F100003525', '台中縣潭子鄉定國街11巷14號', '曹明山', '04-13266601', '6', '23', '001'),
(353, 914095, '梁秀萍', '1984-09-07', 'F100003534', '南投縣仁愛鄉中正路65號2F', '梁田玉', '04-13983032', '1', '9', '001'),
(354, 914096, '許蓁齡', '1984-02-09', 'C100003540', '台中縣龍井鄉西定路308號', '許奄能', '04-13287226', '2', '14', '001'),
(355, 914097, '郭中慧', '1984-08-16', 'C100003559', '台中縣豐原市東碇路366號2F', '郭貽立', '04-13259126', '3', '27', '001'),
(356, 914098, '陳沛文', '1984-01-09', 'F100003561', '台中縣霧峰鄉暖碇路15巷26號', '陳瑞鳳', '03-23833704', '4', '25', '001'),
(357, 914099, '陸欣雅', '1984-02-25', 'C100003577', '台中縣大甲鎮正信路175巷8號', '陸玉蘭', '04-13655316', '5', '17', '001'),
(358, 914100, '章慧薰', '1983-12-11', 'C100003586', '台中縣大安鄉中山二路107 巷94號', '章培盛', '04-13238378', '6', '12', '001'),
(359, 914101, '傅婉如', '1983-12-16', 'C100003595', '台中縣大肚鄉崇信街41巷4-1 號2F', '傅勝毅', '04-13566607', '1', '12', '001'),
(360, 914102, '喬郁庭', '1984-04-15', 'C100003602', '台中縣大里市定國街119巷5號', '喬北海', '04-13262342', '2', '23', '001'),
(361, 914103, '彭意琳', '1984-01-16', 'A100003619', '台中縣大雅鄉實踐路112號5F', '彭振富', '04-13511275', '3', '12', '001'),
(362, 914104, '曾文泙', '1984-04-05', 'C100003620', '台中縣太平市一段69巷36號4F', '曾蔡麗', '04-13315894', '4', '27', '001'),
(363, 914105, '湯淑婷', '1984-01-13', 'F100003632', '台中縣外埔鄉東明路114號', '湯明麟', '04-13652808', '5', '17', '001'),
(364, 914106, '程詩萍', '1984-02-19', 'A100003646', '南投縣南投市瑞濱路93號', '程雅雄', '04-13977703', '1', '2', '001'),
(365, 914107, '賀昱呈', '1984-08-07', 'C100003657', '台中縣石岡鄉西定路110巷3號', '賀炳煌', '04-13281730', '2', '14', '001'),
(366, 914108, '馮欣璇', '1984-08-17', 'C100003666', '台中縣后里鄉福五街85巷44號1F', '馮國棟', '04-13517620', '3', '12', '001'),
(367, 914109, '黃湘儀', '1984-10-15', 'C100003675', '台中縣沙鹿鎮東信路55巷24-2號3F', '黃國雄', '04-13655539', '4', '17', '001'),
(368, 914110, '楊雅惠', '1980-11-08', 'F100003687', '南投縣埔里鎮鉋里街24號', '楊明珠', '04-13982021', '5', '9', '001'),
(369, 914111, '萬雅琳', '1983-10-22', 'C100003693', '台中縣和平鄉崇智街35巷10-7號4F', '萬順能', '04-13565040', '6', '12', '001'),
(370, 914112, '葉詩儀', '1984-01-09', 'C100003700', '台中縣東勢鎮月眉路65巷64號', '葉天來', '04-13659785', '1', '17', '001'),
(371, 914113, '董麗如', '1984-02-05', 'C100003719', '台中縣烏日鄉實踐路128-2 號3F', '董文良', '04-13511076', '2', '12', '001'),
(372, 914114, '賈姵吟', '1984-06-02', 'C100003728', '台中縣神岡鄉南新街20-1號2F', '賈昌盛', '04-13242243', '3', '16', '001'),
(373, 914115, '鄒佩萱', '1984-03-11', 'C100003737', '台中縣梧棲鎮街6 巷55-2號3F', '鄒德發', '04-13312719', '4', '23', '001'),
(374, 914116, '廖惠君', '1984-07-25', 'C100003746', '台中縣清水鎮431之4號5F', '廖孟哲', '04-13627910', '5', '17', '001'),
(375, 914117, '熊雅莉', '1984-06-25', 'F100003758', '台中縣新社鄉義二路215號4F', '熊坤霖', '04-13263451', '1', '16', '001'),
(376, 914118, '趙曉馨', '1984-04-29', 'F100003767', '台中縣潭子鄉安樂路2段166巷58號1F', '趙正隆', '04-13313556', '2', '23', '001'),
(377, 914119, '劉美玲', '1984-07-23', 'F100003776', '南投縣草屯鎮加投路158號', '劉蒼田', '04-13981872', '3', '8', '001'),
(378, 914120, '潘可欣', '1984-02-29', 'A100003780', '台中縣龍井鄉源遠路152巷15號14F', '潘培禎', '04-13572246', '4', '25', '001'),
(379, 914121, '蔣秀燕', '1984-03-05', 'C100003791', '南投縣竹山鎮三爪子坑路69巷15-2號3', '蔣義郎', '04-13979480', '5', '2', '001'),
(380, 914122, '蔡佳雯', '1984-09-16', 'F100003801', '南投縣集集鎮野柳村港東路71號4F', '蔡春生', '04-13922608', '6', '8', '001'),
(381, 914123, '鄭甫美', '1984-07-31', 'C100003817', '台中縣豐原市南榮路319巷19號', '鄭再壽', '04-13277780', '1', '22', '001'),
(382, 914124, '鄧靜苓', '1984-01-08', 'F100003829', '台中縣霧峰鄉中興路3巷11-8號', '鄧虞村', '04-13322703', '2', '17', '001'),
(383, 914125, '黎菲雯', '1984-06-08', 'F100003838', '南投縣名間鄉瑞興新村12巷2號4F', '黎朝福', '04-13977792', '3', '2', '001'),
(384, 914126, '盧雅琳', '1984-10-25', 'C100003844', '台中縣大甲鎮信二路25-2號3F', '盧文正', '04-13232924', '4', '17', '001'),
(385, 914127, '蕭宛真', '1983-12-30', 'C100003853', '台中縣大安鄉溪頭街24-3號4F', '蕭榮貴', '04-13513675', '5', '12', '001'),
(386, 914128, '賴惠茹', '1983-11-29', 'C100003862', '台中縣大肚鄉中山一路113 巷81號', '賴淑芳', '04-13239573', '6', '12', '001'),
(387, 914129, '錢珊珊', '1984-11-08', 'C100003871', '台中縣大里市中山二路51巷171-1號', '錢岳鐘', '04-13255170', '1', '12', '001'),
(388, 914130, '閻秋琴', '1983-10-23', 'C100003880', '台中縣大雅鄉定國街11巷39號', '閻依維', '04-13266643', '2', '23', '001'),
(389, 914131, '龍文雅', '1983-10-23', 'C100003899', '台中縣太平市安和一街129巷6-3號4F', '龍銘鐘', '04-13322516', '3', '23', '001'),
(390, 914132, '戴怡慈', '1984-07-04', 'F100003909', '南投縣鹿谷鄉屯山里石頭厝17-2號', '戴盧文', '04-28010287', '4', '6', '001'),
(391, 914133, '薛秀鳳', '1984-01-22', 'F100003918', '南投縣中寮鄉東和路63號1F', '薛月娥', '04-13960270', '5', '2', '001'),
(392, 914134, '謝鈺霞', '1984-06-19', 'C100003924', '台中縣外埔鄉街4巷47號', '謝幸福', '04-13319792', '6', '23', '001'),
(393, 914135, '鍾小芬', '1984-07-21', 'L100003930', '南投縣魚池鄉仁愛路67巷9 號3F', '鍾春菅', '04-13986214', '1', '9', '001'),
(394, 914136, '韓彩鳳', '1983-09-24', 'C100003942', '台中縣石岡鄉崇德路10巷38-37號2F', '韓治雄', '04-13256196', '2', '27', '001'),
(395, 914137, '魏修吟', '1984-07-24', 'C100003951', '台中縣后里鄉樂一路76巷11號', '魏則亮', '04-13252836', '3', '27', '001'),
(396, 914138, '羅筱慧', '1983-10-12', 'C100003960', '台中縣沙鹿鎮文化路50巷1 弄6號1F', '羅月嬌', '04-13264657', '4', '14', '001'),
(397, 915001, '譚琇怡', '1984-09-13', 'C100003979', '台中縣和平鄉崇德路218-12號3F', '譚萬福', '04-13279637', '5', '27', '001'),
(398, 915002, '蘇琬鈺', '1984-01-06', 'C100003988', '台中縣東勢鎮麥金路458號 之4五樓', '蘇仲信', '04-13335533', '1', '27', '001'),
(399, 915003, '顧美芳', '1984-02-26', 'H100003992', '南投縣國姓鄉仁五路3號3F', '顧新章', '04-13925229', '2', '8', '001'),
(400, 915004, '龔雅貞', '1984-03-05', 'C100004001', '台中縣烏日鄉復興街50巷23號', '龔朝玉', '04-13285231', '3', '23', '001'),
(401, 915005, '丁婉禎', '1984-09-04', 'C100004010', '台中縣神岡鄉崇德路85-12 號地下2F', '丁明正', '04-13246535', '4', '27', '001'),
(402, 915006, '尹芳儀', '1983-07-23', 'C100004029', '台中縣梧棲鎮西定路453號', '尹期昆', '04-13242097', '5', '14', '001'),
(403, 915007, '孔玉茹', '1984-09-26', 'F100004031', '台中縣清水鎮成功路67巷31號3樓', '孔文科', '04-13318166', '6', '16', '001'),
(404, 915008, '文麗婷', '1984-10-26', 'F100004040', '南投縣中寮鄉菁桐村二坑4 號', '文火樹', '04-13951570', '1', '4', '001'),
(405, 915009, '方秀瑩', '1983-12-05', 'C100004056', '台中縣新社鄉愛五路4-1號2樓', '方永進', '04-13285139', '2', '23', '001'),
(406, 915010, '毛怡雯', '1984-05-27', 'C100004065', '台中縣潭子鄉碇內街160巷4號', '毛金李', '04-13574877', '3', '25', '001'),
(407, 915011, '王文琪', '1984-03-29', 'C100004074', '台中縣龍井鄉街110號 4F', '王德銘', '04-13316105', '4', '25', '001'),
(408, 915012, '史忞燕', '1984-03-23', 'R100004085', '台中縣豐原市義七路19號4F', '史秀靜', '04-13224708', '5', '17', '001'),
(409, 915013, '田佳詩', '1983-12-21', 'C100004092', '台中縣霧峰鄉獅球路48巷55號', '田武龍', '04-13336325', '1', '23', '001'),
(410, 915014, '白慧怡', '1984-04-07', 'K100004106', '台中縣大甲鎮街二巷22-5號6F', '白火龍', '04-26212902', '2', '23', '001'),
(411, 915015, '石惠名', '1984-08-01', 'C100004118', '台中縣大安鄉復興街117巷13號2樓', '石清和', '04-13231378', '3', '23', '001'),
(412, 915016, '任瑞欣', '1983-11-26', 'V100004123', '台中縣大肚鄉新丰街327巷2號', '任勤努', '04-13693354', '4', '16', '001'),
(413, 915017, '朱玉萍', '1984-01-10', 'C100004136', '台中縣大里市六堵里工建路42號', '朱秋揚', '04-13510695', '5', '18', '001'),
(414, 915018, '江惠瑩', '1984-10-14', 'C100004145', '台中縣大雅鄉大華一路57巷11-2號3F', '江連興', '04-13551392', '6', '18', '001'),
(415, 915019, '何依婷', '1984-10-11', 'F100004157', '南投縣魚池鄉瑞竹路12號2F', '何金生', '04-13573797', '1', '2', '001'),
(416, 915020, '余欣妮', '1984-01-28', 'G100004167', '台中縣太平市通仁路20巷46號', '余美華', '04-13230461', '2', '14', '001'),
(417, 915021, '吳嘉玲', '1984-07-27', 'F100004175', '南投縣國姓鄉延平街69號', '吳春生', '04-13901172', '3', '1', '001'),
(418, 915022, '呂欣怡', '1984-08-14', 'C100004181', '台中縣外埔鄉19巷27號4F', '呂美鈴', '04-13323946', '4', '16', '001'),
(419, 915023, '宋彥蓉', '1984-09-19', 'M100004198', '台中縣石岡鄉開元路104-1 號2F', '宋陳鎬', '04-13567307', '5', '12', '001'),
(420, 915024, '李柏楨', '1984-04-08', 'F100004200', '台中縣后里鄉源遠路249巷11-2號3F', '李金德', '04-13572735', '6', '25', '001'),
(421, 915025, '杜慧玲', '1983-11-20', 'C100004216', '台中縣沙鹿鎮調和街17-8號3F', '杜文田', '04-13691790', '1', '16', '001'),
(422, 915026, '沈蕙敏', '1984-05-27', 'C100004225', '台中縣和平鄉中華路167巷13-3號', '沈玉嬌', '04-13286212', '2', '13', '001'),
(423, 915027, '汪純慧', '1983-10-14', 'C100004234', '台中縣東勢鎮龍安街340號', '汪進寶', '04-13232499', '3', '23', '001'),
(424, 915028, '周雅君', '1983-10-10', 'C100004243', '台中縣烏日鄉八堵路31巷1 號3F', '周清漢', '04-13570712', '4', '21', '001'),
(425, 915029, '孟伶樺', '1984-04-04', 'F100004255', '南投縣水里鄉仁愛路67巷14號3F', '孟俊湧', '04-13988057', '5', '9', '001'),
(426, 915030, '於淑珍', '1984-05-11', 'C100004261', '台中縣神岡鄉路131巷11弄4號5F', '於 書', '04-13322536', '6', '23', '001'),
(427, 915031, '易惠如', '1984-01-24', 'F100004273', '南投縣信義鄉128號', '易平郎', '04-13941300', '1', '1', '001'),
(428, 915032, '林文琪', '1984-06-03', 'F100004282', '南投縣仁愛鄉水源路1段185號', '林詹園', '04-26427938', '2', '5', '001'),
(429, 915033, '武怡琴', '1983-10-23', 'F100004291', '台中縣梧棲鎮劉銘傳路110 巷34號2F', '武啟輝', '04-13272209', '3', '23', '001'),
(430, 915034, '邵汶琪', '1984-01-30', 'F100004308', '南投縣中寮鄉港東路177號1F', '邵桂花', '04-13921744', '4', '8', '001'),
(431, 915035, '邱惠茹', '1984-09-13', 'F100004317', '南投縣魚池鄉福德一路102 巷16號', '邱正宗', '04-26941388', '5', '5', '001'),
(432, 915036, '金鈺婷', '1984-02-25', 'G100004327', '南投縣國姓鄉樟樹一路123-2號1F', '金兒燎', '04-26473809', '1', '5', '001'),
(433, 915037, '侯佩純', '1984-04-21', 'G100004336', '台中縣清水鎮518號', '侯祈財', '04-13623381', '2', '16', '001'),
(434, 915038, '姜雯菁', '1983-09-22', 'F100004344', '台中縣新社鄉樂利二街26號1樓', '姜寶根', '04-13315522', '3', '27', '001'),
(435, 915039, '姚愷莉', '1984-03-29', 'C100004350', '台中縣潭子鄉復興街105巷1號', '姚玉書', '04-13234590', '4', '23', '001'),
(436, 915040, '段聖芳', '1984-06-14', 'C100004369', '台中縣龍井鄉七巷29號', '段興益', '04-13653019', '5', '17', '001'),
(437, 915041, '胡嘉慧', '1984-01-13', 'C100004378', '台中縣豐原市437巷7號1F', '胡金玉', '04-13314538', '6', '17', '001'),
(438, 915042, '范欣怡', '1984-02-10', 'F100004380', '南投縣水里鄉仁愛路51號1F', '范李雄', '04-13984686', '1', '9', '001'),
(439, 915043, '唐利光', '1984-07-28', 'C100004396', '台中縣霧峰鄉龍安街94號', '唐明達', '04-13321631', '2', '23', '001'),
(440, 915044, '夏芳祺', '1984-10-22', 'F100004406', '南投縣信義鄉石門街29號5F', '夏正池', '04-26382102', '3', '7', '001'),
(441, 915045, '孫雅嵐', '1984-08-01', 'C100004412', '台中縣大甲鎮八堵路28號', '孫龍竹', '04-13581940', '4', '21', '001'),
(442, 915046, '徐文怡', '1984-06-21', 'C100004421', '台中縣大安鄉月眉路250巷19 號', '徐勝和', '04-13651852', '5', '27', '001'),
(443, 915047, '秦佳芳', '1982-10-24', 'C100004430', '台中縣大肚鄉路168巷50弄7號4F', '秦輝龍', '04-25077981', '1', '17', '001'),
(444, 915048, '袁桂綾', '1984-05-04', 'F100004442', '南投縣仁愛鄉大同路2段687巷23弄2號', '袁財團', '04-26434642', '2', '5', '001'),
(445, 915049, '郝怡珊', '1984-07-23', 'F100004451', '南投縣南投市新港街26巷21弄3號2F', '郝明雄', '04-13901985', '3', '1', '001'),
(446, 915050, '馬靖怡', '1984-08-22', 'C100004467', '南投縣埔里鎮仁愛路119巷19號四樓', '馬勝龍', '04-26479455', '4', '5', '001'),
(447, 915051, '高素惠', '1984-08-04', 'F100004479', '南投縣草屯鎮建基路2段97 號', '高萬生', '04-13975894', '5', '2', '001'),
(448, 915052, '崔雅苓', '1984-01-29', 'C100004485', '台中縣大里市35巷159號1F', '崔總富', '04-13655941', '6', '27', '001'),
(449, 915053, '常依雲', '1984-11-11', 'F100004497', '南投縣竹山鎮牡丹村233號', '常水木', '04-13934372', '1', '10', '001'),
(450, 915054, '康佳靜', '1984-07-18', 'C100004501', '台中縣大雅鄉培德路59號之1,5樓', '康明端', '04-13656789', '2', '17', '001'),
(451, 915055, '張淑梅', '1984-01-05', 'C100004510', '台中縣太平市二巷9-5號', '張崇武', '04-13621993', '3', '27', '001'),
(452, 915056, '曹曉燕', '1984-06-10', 'F100004522', '南投縣集集鎮港西路56-3號2F', '曹宗興', '04-13923628', '4', '8', '001'),
(453, 915057, '梁心怡', '1983-03-20', 'C100004538', '台中縣外埔鄉257號', '梁希滇', '04-13627038', '5', '17', '001'),
(454, 915058, '許秀美', '1984-06-27', 'C100004547', '台中縣石岡鄉復興路212巷23 弄23號', '許阿潻', '04-13257782', '6', '14', '001'),
(455, 915059, '郭美冠', '1983-12-01', 'F100004559', '南投縣名間鄉中山路180巷5弄11號', '郭福來', '04-13971390', '1', '2', '001'),
(456, 915060, '陳珮瑛', '1984-05-16', 'A100004563', '台中縣后里鄉愛三路9-3號9F', '陳淑珍', '04-13222830', '2', '23', '001'),
(457, 915061, '陸佳惠', '1983-12-09', 'C100004574', '台中縣沙鹿鎮寧靜街60巷20號 6F', '陸田濤', '04-13575282', '3', '25', '001'),
(458, 915062, '章靜玉', '1984-09-19', 'C100004583', '台中縣和平鄉華三街4號7樓', '章國楨', '04-13336213', '4', '23', '001'),
(459, 915063, '傅璧如', '1984-07-14', 'A100004590', '台中縣東勢鎮培德路12巷40-2號', '傅石村', '04-13656925', '5', '17', '001'),
(460, 915064, '喬琇婷', '1983-11-18', 'C100004609', '台中縣烏日鄉信二路36巷81號', '喬來成', '04-13259123', '6', '17', '001'),
(461, 915065, '彭嘉純', '1983-09-23', 'C100004618', '台中縣神岡鄉16巷70-11號', '彭茂金', '04-13573382', '1', '25', '001'),
(462, 915066, '曾銘芳', '1984-04-13', 'C100004627', '台中縣梧棲鎮348號之16', '曾連富', '04-13286436', '2', '23', '001'),
(463, 915067, '湯怡婷', '1983-05-06', 'C100004636', '台中縣清水鎮339號5F', '湯棋昌', '04-13282854', '3', '23', '001'),
(464, 915068, '程佳汎', '1984-07-04', 'C100004645', '台中縣新社鄉忠孝街281巷7號 3F', '程文卿', '04-13575009', '4', '24', '001'),
(465, 915069, '賀淑珍', '1984-06-14', 'V100004650', '台中縣潭子鄉開元路59-56 號', '賀福順', '04-13569139', '5', '12', '001'),
(466, 915070, '馮惠貞', '1984-10-20', 'F200004668', '南投縣鹿谷鄉中央路44巷18-1號1F', '馮永富', '04-26381985', '1', '7', '001');
INSERT INTO `students` (`id`, `school_num`, `name`, `birthday`, `uni_id`, `addr`, `parents`, `tel`, `dept`, `graduate_at`, `status_code`) VALUES
(467, 915071, '黃潔如', '1983-12-30', 'C200004674', '台中縣龍井鄉麥金路54號11樓', '黃明泉', '04-13333651', '2', '27', '001'),
(468, 915072, '楊靜漪', '1983-05-04', 'F200004686', '南投縣中寮鄉中正路93號', '楊欽賢', '04-26415225', '3', '5', '001'),
(469, 915073, '萬莉萍', '1983-10-15', 'C200004692', '台中縣豐原市25號', '萬燕青', '04-13323143', '4', '21', '001'),
(470, 915074, '葉玉婷', '1984-02-01', 'C200004709', '台中縣霧峰鄉國安路30巷16-2號3F', '葉文欽', '04-13576610', '5', '24', '001'),
(471, 915075, '董佳琪', '1984-03-21', 'F200004711', '台中縣大甲鎮崇智街27巷7-3號4F', '董瑞德', '04-13658126', '6', '12', '001'),
(472, 915076, '賈慧怡', '1984-06-21', 'C200004727', '台中縣大安鄉正榮街77巷35號底2樓', '賈鑽輝', '04-13632632', '1', '14', '001'),
(473, 915077, '鄒思怡', '1984-03-03', 'C200004736', '台中縣大肚鄉麥金路437巷14-3號', '鄒忠成', '04-13313918', '2', '27', '001'),
(474, 915078, '廖柔君', '1984-05-15', 'C200004745', '台中縣大里市中正路124號4樓', '廖啟彰', '04-13277422', '3', '14', '001'),
(475, 915079, '熊嘉慧', '1982-11-24', 'C200004754', '台中縣大雅鄉中平街17號之3 4F', '熊朝宗', '04-13233272', '4', '12', '001'),
(476, 915080, '趙佳蕙', '1984-01-18', 'C200004763', '台中縣太平市復興街107號', '趙朝陽', '04-13288094', '5', '23', '001'),
(477, 915081, '劉佳融', '1984-01-29', 'F200004775', '南投縣魚池鄉中福村59-2號', '劉阿屘', '04-13922431', '2', '8', '001'),
(478, 915082, '潘曉慧', '1983-12-30', 'A200004789', '南投縣國姓鄉輕便路5號', '潘崇義', '04-13969103', '3', '2', '001'),
(479, 915083, '蔣柏雲', '1984-06-27', 'C200004790', '台中縣外埔鄉25號4F', '蔣耒成', '04-13632327', '4', '27', '001'),
(480, 915084, '李梅蘭', '2026-05-15', 'L222874964', '寶興街', '無所', '0919033392', '3', '16', '2');

-- --------------------------------------------------------

--
-- 資料表結構 `student_scores`
--

CREATE TABLE `student_scores` (
  `school_num` varchar(6) NOT NULL,
  `score` int(3) UNSIGNED NOT NULL
) ENGINE=InnoDB DEFAULT CHARSET=utf8mb4 COLLATE=utf8mb4_unicode_ci;

--
-- 傾印資料表的資料 `student_scores`
--

INSERT INTO `student_scores` (`school_num`, `score`) VALUES
('911001', 82),
('911002', 64),
('911003', 78),
('911004', 64),
('911005', 74),
('911006', 80),
('911007', 81),
('911008', 66),
('911009', 65),
('911010', 62),
('911011', 70),
('911012', 80),
('911013', 81),
('911014', 70),
('911015', 72),
('911016', 71),
('911017', 75),
('911018', 62),
('911019', 60),
('911020', 60),
('911021', 74),
('911022', 71),
('911023', 72),
('911024', 71),
('911025', 71),
('911026', 75),
('911027', 74),
('911028', 71),
('911029', 73),
('911030', 75),
('911031', 78),
('911032', 79),
('911033', 85),
('911034', 84),
('911035', 75),
('911036', 66),
('911037', 84),
('911038', 84),
('911039', 85),
('911040', 75),
('911041', 67),
('911042', 71),
('911043', 72),
('911044', 71),
('911045', 70),
('911046', 78),
('911047', 87),
('911048', 88),
('911049', 86),
('912002', 78),
('912003', 79),
('912004', 70),
('912005', 71),
('912006', 84),
('912007', 76),
('912008', 70),
('912009', 70),
('912010', 66),
('912011', 64),
('912012', 68),
('912013', 69),
('912014', 76),
('912015', 60),
('912016', 61),
('912017', 63),
('912018', 85),
('912019', 74),
('912020', 76),
('912021', 70),
('912022', 71),
('912023', 75),
('912024', 80),
('912025', 87),
('912026', 81),
('912027', 65),
('912028', 67),
('912029', 60),
('912030', 64),
('912031', 63),
('912032', 61),
('912033', 85),
('912034', 87),
('912035', 64),
('912036', 61),
('912037', 62),
('912038', 85),
('913001', 87),
('913002', 89),
('913003', 87),
('913004', 84),
('913005', 82),
('913006', 80),
('913007', 71),
('913008', 70),
('913009', 73),
('913010', 76),
('913011', 78),
('913012', 79),
('913013', 74),
('913014', 84),
('913015', 85),
('913016', 86),
('913017', 89),
('913018', 78),
('913019', 74),
('913020', 70),
('913021', 66),
('913022', 65),
('913023', 61),
('913024', 85),
('913025', 81),
('913026', 68),
('913027', 61),
('913028', 65),
('913029', 69),
('913030', 64),
('913031', 84),
('913032', 71),
('913033', 75),
('913034', 74),
('913035', 71),
('913036', 68),
('913037', 69),
('913038', 65),
('913039', 63),
('913040', 77),
('913041', 56),
('913042', 85),
('913043', 60),
('913044', 67),
('913045', 78),
('913046', 76),
('913047', 67),
('913048', 86),
('913049', 80),
('913050', 81),
('913051', 80),
('913052', 87),
('913053', 86),
('913054', 82),
('913055', 83),
('913056', 81),
('913057', 88),
('913058', 65),
('913059', 60),
('913060', 62),
('913061', 61),
('913062', 68),
('913063', 80),
('913064', 85),
('913065', 82),
('913066', 61),
('913067', 63),
('913068', 78),
('913069', 75),
('913070', 74),
('913071', 74),
('913072', 75),
('913073', 71),
('913074', 70),
('913075', 70),
('913076', 70),
('913077', 70),
('913078', 60),
('913079', 60),
('913080', 65),
('913081', 65),
('913082', 64),
('913083', 64),
('913084', 63),
('913085', 62),
('913086', 61),
('913087', 60),
('913088', 69),
('913089', 67),
('913090', 68),
('913091', 64),
('913092', 66),
('913093', 65),
('913094', 62),
('913095', 61),
('913096', 60),
('913097', 63),
('913098', 64),
('913099', 69),
('913100', 78),
('913101', 78),
('913102', 79),
('913103', 74),
('913104', 71),
('913105', 70),
('913106', 72),
('913107', 76),
('913108', 77),
('913109', 88),
('913110', 85),
('913111', 81),
('913112', 80),
('913113', 60),
('913114', 60),
('913115', 61),
('913116', 62),
('913117', 62),
('913118', 63),
('913119', 63),
('913120', 61),
('913121', 64),
('913122', 62),
('913123', 64),
('913124', 68),
('913125', 69),
('913126', 61),
('913127', 65),
('913128', 66),
('913129', 60),
('913130', 61),
('913131', 63),
('913132', 61),
('913133', 68),
('913134', 67),
('913135', 69),
('913136', 85),
('913137', 87),
('913138', 81),
('913139', 80),
('913140', 60),
('913141', 61),
('913142', 61),
('913143', 62),
('913144', 62),
('913145', 63),
('913146', 64),
('913147', 68),
('913148', 68),
('913149', 69),
('913150', 61),
('913151', 80),
('913152', 87),
('913153', 83),
('913154', 82),
('913155', 81),
('913156', 82),
('913157', 65),
('913158', 74),
('913159', 70),
('913160', 63),
('913161', 65),
('913162', 67),
('913163', 68),
('913164', 69),
('913165', 67),
('913166', 70),
('913167', 78),
('913168', 70),
('913169', 71),
('913170', 71),
('913171', 70),
('914001', 85),
('914002', 85),
('914003', 81),
('914004', 81),
('914005', 82),
('914006', 87),
('914007', 89),
('914008', 75),
('914009', 72),
('914010', 71),
('914011', 71),
('914012', 70),
('914013', 74),
('914014', 73),
('914015', 71),
('914016', 79),
('914017', 75),
('914018', 74),
('914019', 74),
('914020', 71),
('914021', 77),
('914022', 80),
('914023', 65),
('914024', 80),
('914025', 82),
('914026', 81),
('914027', 87),
('914028', 83),
('914029', 87),
('914030', 78),
('914031', 75),
('914032', 74),
('914033', 71),
('914034', 70),
('914035', 73),
('914036', 71),
('914037', 70),
('914038', 70),
('914039', 70),
('914040', 65),
('914041', 62),
('914042', 66),
('914043', 66),
('914044', 74),
('914045', 85),
('914046', 74),
('914047', 71),
('914048', 70),
('914049', 72),
('914050', 71),
('914051', 70),
('914052', 73),
('914053', 76),
('914054', 78),
('914055', 74),
('914056', 78),
('914057', 68),
('914058', 67),
('914059', 65),
('914060', 64),
('914061', 63),
('914062', 62),
('914063', 61),
('914064', 60),
('914065', 60),
('914066', 65),
('914067', 68),
('914068', 78),
('914069', 70),
('914070', 74),
('914071', 71),
('914072', 72),
('914073', 70),
('914074', 77),
('914075', 70),
('914076', 75),
('914077', 78),
('914078', 74),
('914079', 71),
('914080', 78),
('914081', 74),
('914082', 72),
('914083', 71),
('914084', 70),
('914085', 73),
('914086', 84),
('914087', 85),
('914088', 81),
('914089', 80),
('914090', 60),
('914091', 62),
('914092', 65),
('914093', 67),
('914094', 67),
('914095', 68),
('914096', 69),
('914097', 76),
('914098', 74),
('914099', 78),
('914100', 74),
('914101', 75),
('914102', 71),
('914103', 72),
('914104', 70),
('914105', 73),
('914106', 71),
('914107', 70),
('914108', 80),
('914109', 85),
('914110', 88),
('914111', 87),
('914112', 84),
('914113', 81),
('914114', 80),
('914115', 80),
('914116', 81),
('914117', 82),
('914118', 80),
('914119', 87),
('914120', 86),
('914121', 85),
('914122', 87),
('914123', 84),
('914124', 72),
('914125', 80),
('914126', 82),
('914127', 83),
('914128', 75),
('914129', 84),
('914130', 86),
('914131', 85),
('914132', 84),
('914133', 87),
('914134', 81),
('914135', 75),
('914136', 78),
('914137', 74),
('914138', 76),
('915001', 78),
('915002', 74),
('915003', 71),
('915004', 72),
('915005', 70),
('915006', 73),
('915007', 79),
('915008', 77),
('915009', 78),
('915010', 79),
('915011', 74),
('915012', 75),
('915013', 76),
('915014', 84),
('915015', 86),
('915016', 78),
('915017', 74),
('915018', 75),
('915019', 71),
('915020', 72),
('915021', 70),
('915022', 76),
('915023', 70),
('915024', 78),
('915025', 79),
('915026', 87),
('915027', 85),
('915028', 87),
('915029', 84),
('915030', 88),
('915031', 85),
('915032', 81),
('915033', 82),
('915034', 83),
('915035', 80),
('915036', 87),
('915037', 85),
('915038', 78),
('915039', 75),
('915040', 74),
('915041', 71),
('915042', 72),
('915043', 73),
('915044', 77),
('915045', 76),
('915046', 65),
('915047', 68),
('915048', 67),
('915049', 85),
('915050', 86),
('915051', 82),
('915052', 83),
('915053', 81),
('915054', 80),
('915055', 80),
('915056', 78),
('915057', 80),
('915058', 80),
('915059', 70),
('915060', 75),
('915061', 78),
('915062', 74),
('915063', 74),
('915064', 71),
('915065', 72),
('915066', 77),
('915067', 79),
('915068', 68),
('915069', 69),
('915070', 67),
('915071', 64),
('915072', 68),
('915073', 67),
('915074', 78),
('915075', 74),
('915076', 75),
('915077', 74),
('915078', 72),
('915079', 71),
('915080', 70),
('915081', 81),
('915082', 80),
('915083', 82);

--
-- 已傾印資料表的索引
--

--
-- 資料表索引 `classes`
--
ALTER TABLE `classes`
  ADD PRIMARY KEY (`id`);

--
-- 資料表索引 `class_student`
--
ALTER TABLE `class_student`
  ADD PRIMARY KEY (`id`),
  ADD UNIQUE KEY `school_num` (`school_num`);

--
-- 資料表索引 `dept`
--
ALTER TABLE `dept`
  ADD PRIMARY KEY (`id`);

--
-- 資料表索引 `graduate_school`
--
ALTER TABLE `graduate_school`
  ADD PRIMARY KEY (`id`);

--
-- 資料表索引 `members`
--
ALTER TABLE `members`
  ADD PRIMARY KEY (`id`);

--
-- 資料表索引 `news`
--
ALTER TABLE `news`
  ADD PRIMARY KEY (`id`);

--
-- 資料表索引 `status`
--
ALTER TABLE `status`
  ADD PRIMARY KEY (`id`);

--
-- 資料表索引 `students`
--
ALTER TABLE `students`
  ADD PRIMARY KEY (`id`);

--
-- 資料表索引 `student_scores`
--
ALTER TABLE `student_scores`
  ADD PRIMARY KEY (`school_num`);

--
-- 在傾印的資料表使用自動遞增(AUTO_INCREMENT)
--

--
-- 使用資料表自動遞增(AUTO_INCREMENT) `classes`
--
ALTER TABLE `classes`
  MODIFY `id` int(10) UNSIGNED NOT NULL AUTO_INCREMENT, AUTO_INCREMENT=11;

--
-- 使用資料表自動遞增(AUTO_INCREMENT) `class_student`
--
ALTER TABLE `class_student`
  MODIFY `id` int(10) UNSIGNED NOT NULL AUTO_INCREMENT, AUTO_INCREMENT=481;

--
-- 使用資料表自動遞增(AUTO_INCREMENT) `dept`
--
ALTER TABLE `dept`
  MODIFY `id` int(10) UNSIGNED NOT NULL AUTO_INCREMENT, AUTO_INCREMENT=17;

--
-- 使用資料表自動遞增(AUTO_INCREMENT) `graduate_school`
--
ALTER TABLE `graduate_school`
  MODIFY `id` int(10) UNSIGNED NOT NULL AUTO_INCREMENT, AUTO_INCREMENT=29;

--
-- 使用資料表自動遞增(AUTO_INCREMENT) `members`
--
ALTER TABLE `members`
  MODIFY `id` int(10) UNSIGNED NOT NULL AUTO_INCREMENT, AUTO_INCREMENT=4;

--
-- 使用資料表自動遞增(AUTO_INCREMENT) `news`
--
ALTER TABLE `news`
  MODIFY `id` int(10) UNSIGNED NOT NULL AUTO_INCREMENT, AUTO_INCREMENT=5;

--
-- 使用資料表自動遞增(AUTO_INCREMENT) `status`
--
ALTER TABLE `status`
  MODIFY `id` int(10) UNSIGNED NOT NULL AUTO_INCREMENT, AUTO_INCREMENT=5;

--
-- 使用資料表自動遞增(AUTO_INCREMENT) `students`
--
ALTER TABLE `students`
  MODIFY `id` int(10) UNSIGNED NOT NULL AUTO_INCREMENT, AUTO_INCREMENT=481;
--
-- 資料庫： `shop_db`
--
CREATE DATABASE IF NOT EXISTS `shop_db` DEFAULT CHARACTER SET utf8mb4 COLLATE utf8mb4_unicode_ci;
USE `shop_db`;

-- --------------------------------------------------------

--
-- 資料表結構 `carts`
--

CREATE TABLE `carts` (
  `id` int(11) NOT NULL,
  `product_id` varchar(100) NOT NULL,
  `title` varchar(255) NOT NULL,
  `image` text NOT NULL,
  `quantity` int(11) NOT NULL DEFAULT 1,
  `created_at` datetime NOT NULL DEFAULT current_timestamp()
) ENGINE=InnoDB DEFAULT CHARSET=utf8mb4 COLLATE=utf8mb4_unicode_ci;

-- --------------------------------------------------------

--
-- 資料表結構 `clicks`
--

CREATE TABLE `clicks` (
  `id` int(11) NOT NULL,
  `product_id` varchar(100) NOT NULL,
  `title` varchar(255) NOT NULL,
  `image` text NOT NULL,
  `action` varchar(50) NOT NULL,
  `created_at` datetime NOT NULL DEFAULT current_timestamp()
) ENGINE=InnoDB DEFAULT CHARSET=utf8mb4 COLLATE=utf8mb4_unicode_ci;

-- --------------------------------------------------------

--
-- 資料表結構 `favorites`
--

CREATE TABLE `favorites` (
  `id` int(11) NOT NULL,
  `product_id` varchar(100) NOT NULL,
  `title` varchar(255) NOT NULL,
  `image` text NOT NULL,
  `created_at` datetime NOT NULL DEFAULT current_timestamp()
) ENGINE=InnoDB DEFAULT CHARSET=utf8mb4 COLLATE=utf8mb4_unicode_ci;

--
-- 已傾印資料表的索引
--

--
-- 資料表索引 `carts`
--
ALTER TABLE `carts`
  ADD PRIMARY KEY (`id`),
  ADD UNIQUE KEY `product_id` (`product_id`);

--
-- 資料表索引 `clicks`
--
ALTER TABLE `clicks`
  ADD PRIMARY KEY (`id`);

--
-- 資料表索引 `favorites`
--
ALTER TABLE `favorites`
  ADD PRIMARY KEY (`id`),
  ADD UNIQUE KEY `product_id` (`product_id`);

--
-- 在傾印的資料表使用自動遞增(AUTO_INCREMENT)
--

--
-- 使用資料表自動遞增(AUTO_INCREMENT) `carts`
--
ALTER TABLE `carts`
  MODIFY `id` int(11) NOT NULL AUTO_INCREMENT;

--
-- 使用資料表自動遞增(AUTO_INCREMENT) `clicks`
--
ALTER TABLE `clicks`
  MODIFY `id` int(11) NOT NULL AUTO_INCREMENT;

--
-- 使用資料表自動遞增(AUTO_INCREMENT) `favorites`
--
ALTER TABLE `favorites`
  MODIFY `id` int(11) NOT NULL AUTO_INCREMENT;
--
-- 資料庫： `super`
--
CREATE DATABASE IF NOT EXISTS `super` DEFAULT CHARACTER SET utf8mb4 COLLATE utf8mb4_unicode_ci;
USE `super`;

-- --------------------------------------------------------

--
-- 資料表結構 `members`
--

CREATE TABLE `members` (
  `id` int(10) UNSIGNED NOT NULL,
  `account` text NOT NULL,
  `password` text NOT NULL,
  `tel` text NOT NULL,
  `birthday` date NOT NULL,
  `email` text NOT NULL
) ENGINE=InnoDB DEFAULT CHARSET=utf8mb4 COLLATE=utf8mb4_unicode_ci;

--
-- 傾印資料表的資料 `members`
--

INSERT INTO `members` (`id`, `account`, `password`, `tel`, `birthday`, `email`) VALUES
(1, 'may', '1234', '0919033392', '2026-03-31', 'root@gmail.com'),
(2, 'lee', '1234', '09025451392', '2026-05-14', 'admin@gmai.com');

--
-- 已傾印資料表的索引
--

--
-- 資料表索引 `members`
--
ALTER TABLE `members`
  ADD PRIMARY KEY (`id`);

--
-- 在傾印的資料表使用自動遞增(AUTO_INCREMENT)
--

--
-- 使用資料表自動遞增(AUTO_INCREMENT) `members`
--
ALTER TABLE `members`
  MODIFY `id` int(10) UNSIGNED NOT NULL AUTO_INCREMENT, AUTO_INCREMENT=3;
--
-- 資料庫： `super2`
--
CREATE DATABASE IF NOT EXISTS `super2` DEFAULT CHARACTER SET utf8mb4 COLLATE utf8mb4_unicode_ci;
USE `super2`;

-- --------------------------------------------------------

--
-- 資料表結構 `members`
--

CREATE TABLE `members` (
  `id` int(11) NOT NULL,
  `account` text NOT NULL,
  `password` text NOT NULL,
  `tel` text NOT NULL,
  `birthday` date NOT NULL,
  `email` text NOT NULL
) ENGINE=InnoDB DEFAULT CHARSET=utf8mb4 COLLATE=utf8mb4_unicode_ci;

--
-- 已傾印資料表的索引
--

--
-- 資料表索引 `members`
--
ALTER TABLE `members`
  ADD PRIMARY KEY (`id`);

--
-- 在傾印的資料表使用自動遞增(AUTO_INCREMENT)
--

--
-- 使用資料表自動遞增(AUTO_INCREMENT) `members`
--
ALTER TABLE `members`
  MODIFY `id` int(11) NOT NULL AUTO_INCREMENT;
--
-- 資料庫： `test`
--
CREATE DATABASE IF NOT EXISTS `test` DEFAULT CHARACTER SET latin1 COLLATE latin1_swedish_ci;
USE `test`;
COMMIT;

/*!40101 SET CHARACTER_SET_CLIENT=@OLD_CHARACTER_SET_CLIENT */;
/*!40101 SET CHARACTER_SET_RESULTS=@OLD_CHARACTER_SET_RESULTS */;
/*!40101 SET COLLATION_CONNECTION=@OLD_COLLATION_CONNECTION */;
